source_system,source_transaction_id,transaction_date,supplier_raw,supplier_canonical,supplier_confidence,product_raw,product_name,item_key,category_raw,category_level_1,category_level_2,category_confidence,quantity,unit_raw,unit,unit_price_original,currency_original,unit_price_usd,spend_usd,region,quality_flags,needs_review
ERP,ERP-00001,2025-03-20,Siemens AG,Siemens AG,1.0000,A4 copy paper case 5 reams,A4 copy paper case 5 reams,a4 copy paper case 5 reams,Office & MRO > Office Supplies,Office & MRO,Office Supplies,0.9900,5.0000,case,case,30.0300,USD,30.0300,150.1500,Germany,exact_duplicate,True
ERP,ERP-00002,2025-07-29,Summit Vehicle Leasing,Summit Vehicle Leasing,1.0000,A4 copy paper case 5 reams,A4 copy paper case 5 reams,a4 copy paper case 5 reams,Office & MRO > Office Supplies,Office & MRO,Office Supplies,0.9900,1.0000,case,case,25.0200,GBP,31.7754,31.7754,United States,exact_duplicate,True
ERP,ERP-00003,2025-08-19,Vertex Technology Ltd,Vertex Technology Ltd,1.0000,Nitrile safety gloves box,Nitrile safety gloves box,nitrile safety gloves box,Office & MRO > Maintenance Supplies,Office & MRO,Maintenance Supplies,0.9900,10.0000,box,box,16.2400,EUR,17.5392,175.3920,France,exact_duplicate,True
ERP,ERP-00004,2025-08-25,Pinnacle Safety Equipment,Pinnacle Safety Equipment,1.0000,Laboratory nitrile gloves box,Laboratory nitrile gloves box,laboratory nitrile gloves box,Safety & Lab > Laboratory Supplies,Safety & Lab,Laboratory Supplies,0.9900,1.0000,box,box,20.9100,USD,20.9100,20.9100,United States,exact_duplicate,True
ERP,ERP-00005,2025-02-04,Bluebird Facilities Group,Bluebird Facilities Group,1.0000,Monitor 27 inch QHD,Monitor 27 inch QHD,monitor 27 inch qhd,IT Hardware > Displays,IT Hardware,Displays,0.9900,1.0000,each,each,193.5600,GBP,245.8212,245.8212,UK,exact_duplicate,True
ERP,ERP-00006,2025-04-13,Acme Industrial Supplies,Acme Industrial Supplies,1.0000,Business broadband connection,Business broadband connection,business broadband connection,Telecom > Telecom Services,Telecom,Telecom Services,0.9900,1.0000,month,month,71.7800,GBP,91.1606,91.1606,UK,exact_duplicate,True
ERP,ERP-00007,2025-02-24,Summit Vehicle Leasing,Summit Vehicle Leasing,1.0000,Cloud compute usage,Cloud compute usage,cloud compute usage,,Software & Cloud,Cloud Services,0.9600,1.0000,hour,hour,4.2800,EUR,4.6224,4.6224,UK,source_category_missing;exact_duplicate,True
ERP,ERP-00008,2025-02-20,Orchard Maintenance Co,Orchard Maintenance Co,1.0000,Office cleaning monthly service,Office cleaning monthly service,office cleaning monthly service,Facilities & Energy > Facilities Services,Facilities & Energy,Facilities Services,0.9600,5.0000,month,month,935.0000,GBP,1187.4500,5937.2500,Germany,exact_duplicate,True
ERP,ERP-00009,2025-02-07,Bluebird Facilities Group,Bluebird Facilities Group,1.0000,Mobile voice and data plan,Mobile voice and data plan,mobile voice and data plan,Telecom > Telecom Services,Telecom,Telecom Services,0.9900,3.0000,month,month,44.8900,USD,44.8900,134.6700,France,exact_duplicate,True
ERP,ERP-00010,2025-11-24,Vertex Technology Ltd,Vertex Technology Ltd,1.0000,Laptop dock USB-C,Laptop dock USB-C,laptop dock usb c,IT Hardware > Laptops,IT Hardware,Laptops,0.9900,5.0000,each,each,142.3400,GBP,180.7718,903.8590,Germany,exact_duplicate,True
ERP,ERP-00011,2025-02-20,Siemens AG,Siemens AG,1.0000,Stretch wrap roll clear,Stretch wrap roll clear,stretch wrap roll clear,Logistics > Packaging,Logistics,Packaging,0.9900,5.0000,roll,roll,17.9700,EUR,19.4076,97.0380,Netherlands,,False
ERP,ERP-00012,2025-09-30,Cedar Consulting Group,Cedar Consulting Group,1.0000,Cloud storage monthly subscription,Cloud storage monthly subscription,cloud storage monthly subscription,Software & Cloud > Cloud Services,Software & Cloud,Cloud Services,0.9900,5.0000,month,month,325.2000,USD,325.2000,1626.0000,France,,False
ERP,ERP-00013,2025-02-21,Apex Packaging Europe,Apex Packaging Europe,1.0000,Laptop dock USB-C,Laptop dock USB-C,laptop dock usb c,,IT Hardware,Laptops,0.9600,2.0000,each,each,153.0700,EUR,165.3156,330.6312,Germany,source_category_missing,True
ERP,ERP-00014,2025-04-18,Bluebird Facilities Group,Bluebird Facilities Group,1.0000,Compact vehicle lease monthly,Compact vehicle lease monthly,compact vehicle lease monthly,Fleet > Vehicle Leasing,Fleet,Vehicle Leasing,0.9900,10.0000,month,month,350.5700,GBP,445.2239,4452.2390,United States,,False
ERP,ERP-00015,2025-06-07,Pinnacle Safety Equipment,Pinnacle Safety Equipment,1.0000,USB-C adapter multiport,USB-C adapter multiport,usb c adapter multiport,IT Hardware > Peripherals,IT Hardware,Peripherals,0.9900,1.0000,each,each,38.1500,EUR,41.2020,41.2020,Ireland,,False
ERP,ERP-00016,2025-11-20,Harbor Scientific Supply,Harbor Scientific Supply,1.0000,USB-C headset,USB-C headset,usb c headset,IT Hardware > Peripherals,IT Hardware,Peripherals,0.9900,1.0000,each,each,80.3500,EUR,86.7780,86.7780,Germany,,False
ERP,ERP-00017,2025-05-21,Harbor Scientific Supply,Harbor Scientific Supply,1.0000,A4 copy paper case 5 reams,A4 copy paper case 5 reams,a4 copy paper case 5 reams,Office & MRO > Office Supplies,Office & MRO,Office Supplies,0.9900,1.0000,case,case,23.3200,GBP,29.6164,29.6164,UK,,False
ERP,ERP-00018,2025-05-02,Meridian Energy Services,Meridian Energy Services,1.0000,Electricity supply usage,Electricity supply usage,electricity supply usage,Facilities & Energy > Energy,Facilities & Energy,Energy,0.9900,1.0000,MWh,mwh,129.2000,EUR,139.5360,139.5360,Ireland,,False
ERP,ERP-00019,2025-04-08,Global Freight Partners,Global Freight Partners,1.0000,Whiteboard marker pack 12,Whiteboard marker pack 12,whiteboard marker pack 12,Office & MRO > Office Supplies,Office & MRO,Office Supplies,0.9900,3.0000,pack,pack,13.9400,USD,13.9400,41.8200,France,,False
ERP,ERP-00020,2025-01-12,Pinnacle Safety Equipment,Pinnacle Safety Equipment,1.0000,Protective safety glasses,Protective safety glasses,protective safety glasses,Safety & Lab > Personal Protective Equipment,Safety & Lab,Personal Protective Equipment,0.9900,2.0000,each,each,9.1900,GBP,11.6713,23.3426,UK,,False
ERP,ERP-00021,2025-12-11,Pinnacle Safety Equipment,Pinnacle Safety Equipment,1.0000,Data analytics consultant,Data analytics consultant,data analytics consultant,Professional Services > Consulting,Professional Services,Consulting,0.9900,1.0000,day,day,1036.6500,GBP,1316.5455,1316.5455,United States,,False
ERP,ERP-00022,2025-05-11,Meridian Energy,Meridian Energy Services,1.0000,Compact vehicle lease monthly,Compact vehicle lease monthly,compact vehicle lease monthly,Fleet > Vehicle Leasing,Fleet,Vehicle Leasing,0.9900,10.0000,month,month,353.4000,GBP,448.8180,4488.1800,Germany,,False
ERP,ERP-00023,2025-06-06,Redwood Telco,Redwood Telecom Services,1.0000,Stretch wrap roll clear,Stretch wrap roll clear,stretch wrap roll clear,Logistics > Packaging,Logistics,Packaging,0.9900,2.0000,roll,roll,17.3800,EUR,18.7704,37.5408,UK,,False
ERP,ERP-00024,2025-02-26,Vertex Technology Ltd,Vertex Technology Ltd,1.0000,Electric van lease monthly,Electric van lease monthly,electric van lease monthly,Fleet > Vehicle Leasing,Fleet,Vehicle Leasing,0.9900,2.0000,month,month,760.4600,USD,760.4600,1520.9200,United States,,False
ERP,ERP-00025,2025-05-15,Global Freight Partners,Global Freight Partners,1.0000,Cloud compute usage,Cloud compute usage,cloud compute usage,Software & Cloud > Cloud Services,Software & Cloud,Cloud Services,0.9900,1.0000,hour,hour,4.4000,EUR,4.7520,4.7520,United States,,False
ERP,ERP-00026,2025-08-23,Meridian Utilities,Meridian Energy Services,1.0000,Domestic parcel delivery,Domestic parcel delivery,domestic parcel delivery,Logistics > Freight Services,Logistics,Freight Services,0.9900,1.0000,shipment,shipment,22.5600,GBP,28.6512,28.6512,Ireland,,False
ERP,ERP-00027,2025-06-13,Global Freight Partners,Global Freight Partners,1.0000,Cloud compute usage,Cloud compute usage,cloud compute usage,Software & Cloud > Cloud Services,Software & Cloud,Cloud Services,0.9900,1.0000,hour,hour,4.9700,USD,4.9700,4.9700,Ireland,,False
ERP,ERP-00028,2025-09-13,Harbor Scientific Supply,Harbor Scientific Supply,1.0000,Electricity supply usage,Electricity supply usage,electricity supply usage,Facilities & Energy > Energy,Facilities & Energy,Energy,0.9900,2.0000,MWh,mwh,101.8000,GBP,129.2860,258.5720,United States,,False
ERP,ERP-00029,2025-08-11,Bluebird Facilities Group,Bluebird Facilities Group,1.0000,Wireless keyboard and mouse set,Wireless keyboard and mouse set,wireless keyboard and mouse set,IT Hardware > Peripherals,IT Hardware,Peripherals,0.9900,1.0000,each,each,47.5600,USD,47.5600,47.5600,Germany,,False
ERP,ERP-00030,2025-11-23,Global Freight Partners,Global Freight Partners,1.0000,Business broadband connection,Business broadband connection,business broadband connection,Telecom > Telecom Services,Telecom,Telecom Services,0.9900,1.0000,month,month,85.8900,USD,85.8900,85.8900,Germany,,False
ERP,ERP-00031,2025-09-10,Summit Vehicle Leasing,Summit Vehicle Leasing,1.0000,Project collaboration annual license,Project collaboration annual license,project collaboration annual license,Software & Cloud > Software Licenses,Software & Cloud,Software Licenses,0.9900,1.0000,license,license,132.4100,USD,132.4100,132.4100,United States,,False
ERP,ERP-00032,2025-01-23,Meridian Energy Services,Meridian Energy Services,1.0000,Data analytics consultant,Data analytics consultant,data analytics consultant,Professional Services > Consulting,Professional Services,Consulting,0.9900,2.0000,day,day,986.8300,GBP,1253.2741,2506.5482,United States,,False
ERP,ERP-00033,2025-03-19,Acme Industrial Supplies,Acme Industrial Supplies,1.0000,Business laptop 14 inch,Business laptop 14 inch,business laptop 14 inch,IT Hardware > Laptops,IT Hardware,Laptops,0.9900,2.0000,each,each,865.4700,USD,865.4700,1730.9400,UK,price_variance_review,True
ERP,ERP-00034,2025-07-12,Cedar Consulting Group,Cedar Consulting Group,1.0000,Industrial air filter medium,Industrial air filter medium,industrial air filter medium,Office & MRO > Maintenance Supplies,Office & MRO,Maintenance Supplies,0.9900,10.0000,each,each,36.8400,EUR,39.7872,397.8720,France,,False
ERP,ERP-00035,2025-01-27,Global Freight Partners,Global Freight Partners,1.0000,Monitor 27 inch QHD,Monitor 27 inch QHD,monitor 27 inch qhd,IT Hardware > Displays,IT Hardware,Displays,0.9900,3.0000,each,each,232.9800,EUR,251.6184,754.8552,United States,,False
ERP,ERP-00036,2025-01-25,Apex Packaging Europe,Apex Packaging Europe,1.0000,Electric van lease monthly,Electric van lease monthly,electric van lease monthly,Fleet > Vehicle Leasing,Fleet,Vehicle Leasing,0.9900,2.0000,month,month,648.2700,GBP,823.3029,1646.6058,Netherlands,,False
ERP,ERP-00037,2025-07-20,Global Freight Partners,Global Freight Partners,1.0000,Protective safety glasses,Protective safety glasses,protective safety glasses,Safety & Lab > Personal Protective Equipment,Safety & Lab,Personal Protective Equipment,0.9900,5.0000,each,each,10.7500,EUR,11.6100,58.0500,Ireland,,False
ERP,ERP-00038,2025-01-21,Cedar Consulting,Cedar Consulting Group,1.0000,Cloud compute usage,Cloud compute usage,cloud compute usage,Software & Cloud > Cloud Services,Software & Cloud,Cloud Services,0.9900,10.0000,hour,hour,4.6600,EUR,5.0328,50.3280,France,,False
ERP,ERP-00039,2025-02-10,Redwood Telecom Services,Redwood Telecom Services,1.0000,Compact vehicle lease monthly,Compact vehicle lease monthly,compact vehicle lease monthly,Fleet > Vehicle Leasing,Fleet,Vehicle Leasing,0.9900,1.0000,month,month,485.3400,USD,485.3400,485.3400,Netherlands,,False
ERP,ERP-00040,2025-10-08,Orchard Maintenance Co,Orchard Maintenance Co,1.0000,Whiteboard marker pack 12,Whiteboard marker pack 12,whiteboard marker pack 12,Office & MRO > Office Supplies,Office & MRO,Office Supplies,0.9900,3.0000,pack,pack,14.0900,USD,14.0900,42.2700,Ireland,,False
ERP,ERP-00041,2025-03-21,Redwood Telecom,Redwood Telecom Services,1.0000,Mobile voice and data plan,Mobile voice and data plan,mobile voice and data plan,Telecom > Telecom Services,Telecom,Telecom Services,0.9900,1.0000,month,month,33.2200,GBP,42.1894,42.1894,Germany,,False
ERP,ERP-00042,2025-06-07,Bluebird Facilities Group,Bluebird Facilities Group,1.0000,HVAC preventive maintenance visit,HVAC preventive maintenance visit,hvac preventive maintenance visit,Facilities & Energy > Facilities Services,Facilities & Energy,Facilities Services,0.9600,1.0000,visit,visit,380.7700,USD,380.7700,380.7700,United States,,False
ERP,ERP-00043,2025-02-25,Redwood Telecom Services,Redwood Telecom Services,1.0000,Industrial air filter medium,Industrial air filter medium,industrial air filter medium,Office & MRO > Maintenance Supplies,Office & MRO,Maintenance Supplies,0.9900,2.0000,each,each,40.0700,USD,40.0700,80.1400,France,,False
ERP,ERP-00044,2025-06-25,Acme Industrial Supplies,Acme Industrial Supplies,1.0000,Laptop dock USB-C,Laptop dock USB-C,laptop dock usb c,IT Hardware > Laptops,IT Hardware,Laptops,0.9900,2.0000,each,each,166.2500,EUR,179.5500,359.1000,UK,,False
ERP,ERP-00045,2025-04-30,Global Freight Partners,Global Freight Partners,1.0000,HVAC preventive maintenance visit,HVAC preventive maintenance visit,hvac preventive maintenance visit,,Facilities & Energy,Facilities Services,0.9600,10.0000,visit,visit,302.1700,GBP,383.7559,3837.5590,Netherlands,source_category_missing,True
ERP,ERP-00046,2025-07-16,Pinnacle Safety Equipment,Pinnacle Safety Equipment,1.0000,Electricity supply usage,Electricity supply usage,electricity supply usage,Facilities & Energy > Energy,Facilities & Energy,Energy,0.9900,10.0000,MWh,mwh,124.9100,EUR,134.9028,1349.0280,UK,,False
ERP,ERP-00047,2025-11-12,Vertex Technology Ltd,Vertex Technology Ltd,1.0000,Business laptop 14 inch,Business laptop 14 inch,business laptop 14 inch,IT Hardware > Laptops,IT Hardware,Laptops,0.9900,1.0000,each,each,759.1000,GBP,964.0570,964.0570,Netherlands,price_variance_review,True
ERP,ERP-00048,2025-09-18,Orchard Maintenance Co,Orchard Maintenance Co,1.0000,Monitor 27 inch QHD,Monitor 27 inch QHD,monitor 27 inch qhd,IT Hardware > Displays,IT Hardware,Displays,0.9900,10.0000,each,each,254.7800,USD,254.7800,2547.8000,Ireland,,False
ERP,ERP-00049,2025-10-17,Redwood Telecom Services,Redwood Telecom Services,1.0000,Monitor 27 inch QHD,Monitor 27 inch QHD,monitor 27 inch qhd,IT Hardware > Displays,IT Hardware,Displays,0.9900,2.0000,each,each,226.2400,EUR,244.3392,488.6784,Netherlands,,False
ERP,ERP-00050,2025-02-07,Harbor Scientific Supply,Harbor Scientific Supply,1.0000,Office cleaning monthly service,Office cleaning monthly service,office cleaning monthly service,,Facilities & Energy,Facilities Services,0.9600,5.0000,month,month,1214.3100,USD,1214.3100,6071.5500,Germany,source_category_missing,True
ERP,ERP-00051,2025-04-06,Northstar Office Products,Northstar Office Products,1.0000,Nitrile safety gloves box,Nitrile safety gloves box,nitrile safety gloves box,Office & MRO > Maintenance Supplies,Office & MRO,Maintenance Supplies,0.9900,1.0000,box,box,16.0700,EUR,17.3556,17.3556,Germany,,False
ERP,ERP-00052,2025-10-09,Pinnacle Safety Equipment,Pinnacle Safety Equipment,1.0000,Compact vehicle lease monthly,Compact vehicle lease monthly,compact vehicle lease monthly,Fleet > Vehicle Leasing,Fleet,Vehicle Leasing,0.9900,10.0000,month,month,385.6200,GBP,489.7374,4897.3740,Germany,,False
ERP,ERP-00053,2025-01-30,Vertex Technology Ltd,Vertex Technology Ltd,1.0000,Compact vehicle lease monthly,Compact vehicle lease monthly,compact vehicle lease monthly,Fleet > Vehicle Leasing,Fleet,Vehicle Leasing,0.9900,2.0000,month,month,481.7700,USD,481.7700,963.5400,France,,False
ERP,ERP-00054,2025-09-02,Harbor Scientific Supply,Harbor Scientific Supply,1.0000,Pallet freight delivery,Pallet freight delivery,pallet freight delivery,Logistics > Freight Services,Logistics,Freight Services,0.9900,1.0000,shipment,shipment,163.8400,EUR,176.9472,176.9472,France,,False
ERP,ERP-00055,2025-05-09,Global Freight Partners,Global Freight Partners,1.0000,Process improvement consultant,Process improvement consultant,process improvement consultant,Professional Services > Consulting,Professional Services,Consulting,0.9900,1.0000,day,day,897.4100,GBP,1139.7107,1139.7107,Netherlands,,False
ERP,ERP-00056,2025-07-01,Pinnacle Safety Equipment,Pinnacle Safety Equipment,1.0000,Protective safety glasses,Protective safety glasses,protective safety glasses,Safety & Lab > Personal Protective Equipment,Safety & Lab,Personal Protective Equipment,0.9900,5.0000,each,each,9.8900,GBP,12.5603,62.8015,Ireland,,False
ERP,ERP-00057,2025-03-31,Vertex Technology Ltd,Vertex Technology Ltd,1.0000,Laboratory nitrile gloves box,Laboratory nitrile gloves box,laboratory nitrile gloves box,Safety & Lab > Laboratory Supplies,Safety & Lab,Laboratory Supplies,0.9900,1.0000,box,box,20.1200,EUR,21.7296,21.7296,France,,False
ERP,ERP-00058,2025-03-18,Bluebird Facilities Group,Bluebird Facilities Group,1.0000,Monitor 27 inch QHD,Monitor 27 inch QHD,monitor 27 inch qhd,IT Hardware > Displays,IT Hardware,Displays,0.9900,1.0000,each,each,213.4000,EUR,230.4720,230.4720,Germany,,False
ERP,ERP-00059,2025-02-27,Acme Industrial Supplies,Acme Industrial Supplies,1.0000,Laboratory nitrile gloves box,Laboratory nitrile gloves box,laboratory nitrile gloves box,Safety & Lab > Laboratory Supplies,Safety & Lab,Laboratory Supplies,0.9900,5.0000,box,box,16.8900,GBP,21.4503,107.2515,Germany,,False
ERP,ERP-00060,2025-07-11,Apex Packaging Europe,Apex Packaging Europe,1.0000,Business broadband connection,Business broadband connection,business broadband connection,Telecom > Telecom Services,Telecom,Telecom Services,0.9900,1.0000,month,month,65.8100,GBP,83.5787,83.5787,Netherlands,,False
ERP,ERP-00061,2025-05-21,Siemens AG,Siemens AG,1.0000,Pallet freight delivery,Pallet freight delivery,pallet freight delivery,Logistics > Freight Services,Logistics,Freight Services,0.9900,3.0000,shipment,shipment,173.6200,EUR,187.5096,562.5288,Germany,,False
ERP,ERP-00062,2025-02-25,Harbor Scientific Supply,Harbor Scientific Supply,1.0000,Corrugated shipping box medium,Corrugated shipping box medium,corrugated shipping box medium,Logistics > Packaging,Logistics,Packaging,0.9900,2.0000,box,box,1.0700,GBP,1.3589,2.7178,Ireland,,False
ERP,ERP-00063,2025-03-07,ACME,Acme Industrial Supplies,1.0000,Project collaboration annual license,Project collaboration annual license,project collaboration annual license,Software & Cloud > Software Licenses,Software & Cloud,Software Licenses,0.9900,5.0000,license,license,136.7000,USD,136.7000,683.5000,Netherlands,,False
ERP,ERP-00064,2025-05-28,Meridian Energy Services,Meridian Energy Services,1.0000,Black toner cartridge,Black toner cartridge,black toner cartridge,Office & MRO > Office Supplies,Office & MRO,Office Supplies,0.9900,3.0000,each,each,56.9400,GBP,72.3138,216.9414,Netherlands,,False
ERP,ERP-00065,2025-02-12,Cedar Consulting Group,Cedar Consulting Group,1.0000,Pallet freight delivery,Pallet freight delivery,pallet freight delivery,Logistics > Freight Services,Logistics,Freight Services,0.9900,1.0000,shipment,shipment,193.7100,USD,193.7100,193.7100,UK,,False
ERP,ERP-00066,2025-09-01,SUMMIT VL,Summit Vehicle Leasing,1.0000,Pallet freight delivery,Pallet freight delivery,pallet freight delivery,Logistics > Freight Services,Logistics,Freight Services,0.9900,1.0000,shipment,shipment,178.5900,EUR,192.8772,192.8772,Germany,,False
ERP,ERP-00067,2025-03-06,Apex Packaging Europe,Apex Packaging Europe,1.0000,Laboratory nitrile gloves box,Laboratory nitrile gloves box,laboratory nitrile gloves box,Safety & Lab > Laboratory Supplies,Safety & Lab,Laboratory Supplies,0.9900,2.0000,box,box,20.6000,USD,20.6000,41.2000,Netherlands,,False
ERP,ERP-00068,2025-04-12,Cedar Consulting,Cedar Consulting Group,1.0000,Electric van lease monthly,Electric van lease monthly,electric van lease monthly,Fleet > Vehicle Leasing,Fleet,Vehicle Leasing,0.9900,1.0000,month,month,796.4400,USD,796.4400,796.4400,Netherlands,,False
ERP,ERP-00069,2025-09-26,Pinnacle Safety Equipment,Pinnacle Safety Equipment,1.0000,A4 copy paper case 5 reams,A4 copy paper case 5 reams,a4 copy paper case 5 reams,Office & MRO > Office Supplies,Office & MRO,Office Supplies,0.9900,3.0000,case,case,29.3200,USD,29.3200,87.9600,UK,,False
ERP,ERP-00070,2025-05-11,Vertex Technology Ltd,Vertex Technology Ltd,1.0000,Black toner cartridge,Black toner cartridge,black toner cartridge,Office & MRO > Office Supplies,Office & MRO,Office Supplies,0.9900,1.0000,each,each,55.3300,GBP,70.2691,70.2691,UK,,False
ERP,ERP-00071,2025-08-02,Acme Industrial Supplies,Acme Industrial Supplies,1.0000,Process improvement consultant,Process improvement consultant,process improvement consultant,,Professional Services,Consulting,0.9600,5.0000,day,day,1178.4800,USD,1178.4800,5892.4000,France,source_category_missing,True
ERP,ERP-00072,2025-06-29,Vertex Technology Ltd,Vertex Technology Ltd,1.0000,Laptop dock USB-C,Laptop dock USB-C,laptop dock usb c,IT Hardware > Laptops,IT Hardware,Laptops,0.9900,1.0000,each,each,144.3800,GBP,183.3626,183.3626,United States,,False
ERP,ERP-00073,2025-11-14,Summit Vehicle Leasing,Summit Vehicle Leasing,1.0000,USB-C headset,USB-C headset,usb c headset,IT Hardware > Peripherals,IT Hardware,Peripherals,0.9900,1.0000,each,each,85.5900,USD,85.5900,85.5900,France,,False
ERP,ERP-00074,2025-11-13,Apex Packaging Europe,Apex Packaging Europe,1.0000,Compact vehicle lease monthly,Compact vehicle lease monthly,compact vehicle lease monthly,Fleet > Vehicle Leasing,Fleet,Vehicle Leasing,0.9900,1.0000,month,month,365.2100,GBP,463.8167,463.8167,United States,,False
ERP,ERP-00075,2025-06-28,Global Freight Partners,Global Freight Partners,1.0000,Black toner cartridge,Black toner cartridge,black toner cartridge,Office & MRO > Office Supplies,Office & MRO,Office Supplies,0.9900,1.0000,each,each,60.1500,GBP,76.3905,76.3905,UK,,False
ERP,ERP-00076,2025-10-07,ORCHARD,Orchard Maintenance Co,1.0000,Cloud compute usage,Cloud compute usage,cloud compute usage,Software & Cloud > Cloud Services,Software & Cloud,Cloud Services,0.9900,2.0000,hour,hour,4.3000,EUR,4.6440,9.2880,United States,,False
ERP,ERP-00077,2025-05-27,Cedar Consulting Group,Cedar Consulting Group,1.0000,Nitrile safety gloves box,Nitrile safety gloves box,nitrile safety gloves box,Office & MRO > Maintenance Supplies,Office & MRO,Maintenance Supplies,0.9900,1.0000,box,box,16.3100,EUR,17.6148,17.6148,France,,False
ERP,ERP-00078,2025-06-21,Apex Packaging Europe,Apex Packaging Europe,1.0000,Protective safety glasses,Protective safety glasses,protective safety glasses,Safety & Lab > Personal Protective Equipment,Safety & Lab,Personal Protective Equipment,0.9900,10.0000,each,each,11.6600,EUR,12.5928,125.9280,UK,,False
ERP,ERP-00079,2025-04-09,Redwood Telecom Services,Redwood Telecom Services,1.0000,Laptop dock USB-C,Laptop dock USB-C,laptop dock usb c,IT Hardware > Laptops,IT Hardware,Laptops,0.9900,2.0000,each,each,168.9500,EUR,182.4660,364.9320,UK,,False
ERP,ERP-00080,2025-12-02,Pinnacle Safety Equipment,Pinnacle Safety Equipment,1.0000,USB-C headset,USB-C headset,usb c headset,IT Hardware > Peripherals,IT Hardware,Peripherals,0.9900,3.0000,each,each,79.1500,EUR,85.4820,256.4460,Germany,,False
ERP,ERP-00081,2025-10-18,Northstar Office Products,Northstar Office Products,1.0000,Domestic parcel delivery,Domestic parcel delivery,domestic parcel delivery,Logistics > Freight Services,Logistics,Freight Services,0.9900,1.0000,shipment,shipment,28.7600,USD,28.7600,28.7600,Netherlands,,False
ERP,ERP-00082,2025-10-10,Cedar Consulting Group,Cedar Consulting Group,1.0000,Pallet freight delivery,Pallet freight delivery,pallet freight delivery,Logistics > Freight Services,Logistics,Freight Services,0.9900,1.0000,shipment,shipment,140.9800,GBP,179.0446,179.0446,Netherlands,,False
ERP,ERP-00083,2025-10-18,Redwood Telecom Services,Redwood Telecom Services,1.0000,Industrial air filter medium,Industrial air filter medium,industrial air filter medium,Office & MRO > Maintenance Supplies,Office & MRO,Maintenance Supplies,0.9900,1.0000,each,each,40.2500,USD,40.2500,40.2500,United States,,False
ERP,ERP-00084,2025-01-14,Global Freight Partners,Global Freight Partners,1.0000,Domestic parcel delivery,Domestic parcel delivery,domestic parcel delivery,Logistics > Freight Services,Logistics,Freight Services,0.9900,2.0000,shipment,shipment,21.0000,GBP,26.6700,53.3400,UK,,False
ERP,ERP-00085,2025-10-29,Harbor Scientific Supply,Harbor Scientific Supply,1.0000,Nitrile safety gloves box,Nitrile safety gloves box,nitrile safety gloves box,Office & MRO > Maintenance Supplies,Office & MRO,Maintenance Supplies,0.9900,1.0000,box,box,18.2100,USD,18.2100,18.2100,Germany,,False
ERP,ERP-00086,2025-09-25,Orchard Maintenance Co,Orchard Maintenance Co,1.0000,Electricity supply usage,Electricity supply usage,electricity supply usage,Facilities & Energy > Energy,Facilities & Energy,Energy,0.9900,1.0000,MWh,mwh,104.2500,GBP,132.3975,132.3975,Netherlands,,False
ERP,ERP-00087,2025-08-16,Apex Packaging Europe,Apex Packaging Europe,1.0000,Domestic parcel delivery,Domestic parcel delivery,domestic parcel delivery,Logistics > Freight Services,Logistics,Freight Services,0.9900,1.0000,shipment,shipment,25.8700,EUR,27.9396,27.9396,France,,False
ERP,ERP-00088,2025-10-29,Apex Packaging Europe,Apex Packaging Europe,1.0000,Project collaboration annual license,Project collaboration annual license,project collaboration annual license,Software & Cloud > Software Licenses,Software & Cloud,Software Licenses,0.9900,1.0000,license,license,131.4800,USD,131.4800,131.4800,Ireland,,False
ERP,ERP-00089,2025-07-18,Apex Packaging Europe,Apex Packaging Europe,1.0000,Pallet freight delivery,Pallet freight delivery,pallet freight delivery,Logistics > Freight Services,Logistics,Freight Services,0.9900,1.0000,shipment,shipment,183.9300,USD,183.9300,183.9300,United States,,False
ERP,ERP-00090,2025-02-19,Meridian Energy Services,Meridian Energy Services,1.0000,Cloud storage monthly subscription,Cloud storage monthly subscription,cloud storage monthly subscription,Software & Cloud > Cloud Services,Software & Cloud,Cloud Services,0.9900,1.0000,month,month,295.4400,USD,295.4400,295.4400,Netherlands,,False
ERP,ERP-00091,2025-07-14,Orchard Maintenance Co,Orchard Maintenance Co,1.0000,Electricity supply usage,Electricity supply usage,electricity supply usage,Facilities & Energy > Energy,Facilities & Energy,Energy,0.9900,10.0000,MWh,mwh,120.9700,EUR,130.6476,1306.4760,Germany,,False
ERP,ERP-00092,2025-04-22,Global Freight Partners,Global Freight Partners,1.0000,Laboratory nitrile gloves box,Laboratory nitrile gloves box,laboratory nitrile gloves box,Safety & Lab > Laboratory Supplies,Safety & Lab,Laboratory Supplies,0.9900,10.0000,box,box,19.6000,EUR,21.1680,211.6800,Netherlands,,False
ERP,ERP-00093,2025-05-05,Bluebird Facilities Group,Bluebird Facilities Group,1.0000,Whiteboard marker pack 12,Whiteboard marker pack 12,whiteboard marker pack 12,Office & MRO > Office Supplies,Office & MRO,Office Supplies,0.9900,5.0000,pack,pack,11.2000,GBP,14.2240,71.1200,Netherlands,,False
ERP,ERP-00094,2025-08-29,Redwood Telecom Services,Redwood Telecom Services,1.0000,Domestic parcel delivery,Domestic parcel delivery,domestic parcel delivery,Logistics > Freight Services,Logistics,Freight Services,0.9900,1.0000,shipment,shipment,29.6000,USD,29.6000,29.6000,UK,,False
ERP,ERP-00095,2025-11-12,Redwood Telecom Services,Redwood Telecom Services,1.0000,A4 copy paper case 5 reams,A4 copy paper case 5 reams,a4 copy paper case 5 reams,Office & MRO > Office Supplies,Office & MRO,Office Supplies,0.9900,2.0000,case,case,23.0900,GBP,29.3243,58.6486,United States,,False
ERP,ERP-00096,2025-01-11,Global Freight Partners,Global Freight Partners,1.0000,Industrial air filter medium,Industrial air filter medium,industrial air filter medium,Office & MRO > Maintenance Supplies,Office & MRO,Maintenance Supplies,0.9900,2.0000,each,each,40.6600,EUR,43.9128,87.8256,Netherlands,,False
ERP,ERP-00097,2025-05-15,Orchard Maintenance Co,Orchard Maintenance Co,1.0000,Pallet freight delivery,Pallet freight delivery,pallet freight delivery,Logistics > Freight Services,Logistics,Freight Services,0.9900,10.0000,shipment,shipment,167.0000,EUR,180.3600,1803.6000,Ireland,,False
ERP,ERP-00098,2025-07-29,Bluebird Facilities Group,Bluebird Facilities Group,1.0000,Domestic parcel delivery,Domestic parcel delivery,domestic parcel delivery,Logistics > Freight Services,Logistics,Freight Services,0.9900,5.0000,shipment,shipment,26.6700,EUR,28.8036,144.0180,United States,,False
ERP,ERP-00099,2025-08-01,Acme Industrial Supplies,Acme Industrial Supplies,1.0000,USB-C adapter multiport,USB-C adapter multiport,usb c adapter multiport,IT Hardware > Peripherals,IT Hardware,Peripherals,0.9900,1.0000,each,each,37.9400,USD,37.9400,37.9400,Ireland,,False
ERP,ERP-00100,2025-11-06,Pinnacle Safety Equipment,Pinnacle Safety Equipment,1.0000,Industrial air filter medium,Industrial air filter medium,industrial air filter medium,Office & MRO > Maintenance Supplies,Office & MRO,Maintenance Supplies,0.9900,10.0000,each,each,41.0600,USD,41.0600,410.6000,France,,False
ERP,ERP-00101,2025-05-06,Orchard Maintenance Co,Orchard Maintenance Co,1.0000,Wireless keyboard and mouse set,Wireless keyboard and mouse set,wireless keyboard and mouse set,IT Hardware > Peripherals,IT Hardware,Peripherals,0.9900,1.0000,each,each,46.8600,EUR,50.6088,50.6088,Ireland,,False
ERP,ERP-00102,2025-03-06,Northstar Office Products,Northstar Office Products,1.0000,HVAC preventive maintenance visit,HVAC preventive maintenance visit,hvac preventive maintenance visit,Facilities & Energy > Facilities Services,Facilities & Energy,Facilities Services,0.9600,1.0000,visit,visit,382.5900,USD,382.5900,382.5900,France,,False
ERP,ERP-00103,2025-09-13,Cedar Consulting,Cedar Consulting Group,1.0000,Protective safety glasses,Protective safety glasses,protective safety glasses,,Safety & Lab,Personal Protective Equipment,0.9600,2.0000,each,each,11.5800,USD,11.5800,23.1600,France,source_category_missing,True
ERP,ERP-00104,2025-04-01,Redwood Telecom Services,Redwood Telecom Services,1.0000,Business broadband connection,Business broadband connection,business broadband connection,Telecom > Telecom Services,Telecom,Telecom Services,0.9900,10.0000,month,month,68.0000,GBP,86.3600,863.6000,Netherlands,,False
ERP,ERP-00105,2025-12-22,Pinnacle PPE,Pinnacle Safety Equipment,1.0000,Black toner cartridge,Black toner cartridge,black toner cartridge,Office & MRO > Office Supplies,Office & MRO,Office Supplies,0.9900,1.0000,each,each,71.4600,EUR,77.1768,77.1768,France,,False
ERP,ERP-00106,2025-01-22,Pinnacle Safety Equipment,Pinnacle Safety Equipment,1.0000,HVAC preventive maintenance visit,HVAC preventive maintenance visit,hvac preventive maintenance visit,Facilities & Energy > Facilities Services,Facilities & Energy,Facilities Services,0.9600,2.0000,visit,visit,386.6700,USD,386.6700,773.3400,UK,,False
ERP,ERP-00107,2025-10-07,Harbor Scientific Supply,Harbor Scientific Supply,1.0000,Laptop dock USB-C,Laptop dock USB-C,laptop dock usb c,IT Hardware > Laptops,IT Hardware,Laptops,0.9900,3.0000,each,each,136.3200,GBP,173.1264,519.3792,France,,False
ERP,ERP-00108,2025-08-14,Siemens AG,Siemens AG,1.0000,Black toner cartridge,Black toner cartridge,black toner cartridge,Office & MRO > Office Supplies,Office & MRO,Office Supplies,0.9900,1.0000,each,each,59.5200,GBP,75.5904,75.5904,Ireland,,False
ERP,ERP-00109,2025-08-19,Vertex Technology Ltd,Vertex Technology Ltd,1.0000,Mobile voice and data plan,Mobile voice and data plan,mobile voice and data plan,Telecom > Telecom Services,Telecom,Telecom Services,0.9900,2.0000,month,month,40.8700,EUR,44.1396,88.2792,Germany,,False
ERP,ERP-00110,2025-12-28,Northstar Office Products,Northstar Office Products,1.0000,Pallet freight delivery,Pallet freight delivery,pallet freight delivery,Logistics > Freight Services,Logistics,Freight Services,0.9900,1.0000,shipment,shipment,178.8600,USD,178.8600,178.8600,Ireland,,False
ERP,ERP-00111,2025-12-03,Vertex Technology Ltd,Vertex Technology Ltd,1.0000,Cloud storage monthly subscription,Cloud storage monthly subscription,cloud storage monthly subscription,Software & Cloud > Cloud Services,Software & Cloud,Cloud Services,0.9900,1.0000,month,month,315.6000,USD,315.6000,315.6000,France,,False
ERP,ERP-00112,2025-03-30,Northstar Office Products,Northstar Office Products,1.0000,Laptop dock USB-C,Laptop dock USB-C,laptop dock usb c,,IT Hardware,Laptops,0.9600,10.0000,each,each,138.5900,GBP,176.0093,1760.0930,United States,source_category_missing,True
ERP,ERP-00113,2025-07-08,Northstar Office Products,Northstar Office Products,1.0000,Business broadband connection,Business broadband connection,business broadband connection,Telecom > Telecom Services,Telecom,Telecom Services,0.9900,1.0000,month,month,78.7300,EUR,85.0284,85.0284,France,,False
ERP,ERP-00114,2025-07-11,Northstar Office Products,Northstar Office Products,1.0000,Cloud storage monthly subscription,Cloud storage monthly subscription,cloud storage monthly subscription,Software & Cloud > Cloud Services,Software & Cloud,Cloud Services,0.9900,1.0000,month,month,293.0000,USD,293.0000,293.0000,France,,False
ERP,ERP-00115,2025-03-31,Apex Packaging Europe,Apex Packaging Europe,1.0000,Office cleaning monthly service,Office cleaning monthly service,office cleaning monthly service,Facilities & Energy > Facilities Services,Facilities & Energy,Facilities Services,0.9600,2.0000,month,month,1111.0900,EUR,1199.9772,2399.9544,UK,,False
ERP,ERP-00116,2025-04-27,Vertex Technology Ltd,Vertex Technology Ltd,1.0000,A4 copy paper case 5 reams,A4 copy paper case 5 reams,a4 copy paper case 5 reams,Office & MRO > Office Supplies,Office & MRO,Office Supplies,0.9900,3.0000,case,case,30.9600,USD,30.9600,92.8800,United States,,False
ERP,ERP-00117,2025-03-03,Vertex Technology Ltd,Vertex Technology Ltd,1.0000,Business laptop 14 inch,Business laptop 14 inch,business laptop 14 inch,,IT Hardware,Laptops,0.9600,5.0000,each,each,874.6000,EUR,944.5680,4722.8400,Ireland,source_category_missing;price_variance_review,True
ERP,ERP-00118,2025-02-11,Orchard Maintenance Co,Orchard Maintenance Co,1.0000,Project collaboration annual license,Project collaboration annual license,project collaboration annual license,Software & Cloud > Software Licenses,Software & Cloud,Software Licenses,0.9900,2.0000,license,license,102.9700,GBP,130.7719,261.5438,France,,False
ERP,ERP-00119,2025-01-30,Pinnacle PPE,Pinnacle Safety Equipment,1.0000,Protective safety glasses,Protective safety glasses,protective safety glasses,Safety & Lab > Personal Protective Equipment,Safety & Lab,Personal Protective Equipment,0.9900,1.0000,each,each,11.2800,USD,11.2800,11.2800,Germany,,False
ERP,ERP-00120,2025-08-30,Meridian Energy Services,Meridian Energy Services,1.0000,Cloud storage monthly subscription,Cloud storage monthly subscription,cloud storage monthly subscription,Software & Cloud > Cloud Services,Software & Cloud,Cloud Services,0.9900,10.0000,month,month,251.5000,GBP,319.4050,3194.0500,Germany,,False
ERP,ERP-00121,2025-08-01,Meridian Energy Services,Meridian Energy Services,1.0000,Wireless keyboard and mouse set,Wireless keyboard and mouse set,wireless keyboard and mouse set,IT Hardware > Peripherals,IT Hardware,Peripherals,0.9900,2.0000,each,each,37.8100,GBP,48.0187,96.0374,Ireland,,False
ERP,ERP-00122,2025-02-01,Orchard Maintenance Co,Orchard Maintenance Co,1.0000,Stretch wrap roll clear,Stretch wrap roll clear,stretch wrap roll clear,Logistics > Packaging,Logistics,Packaging,0.9900,1.0000,roll,roll,18.5500,EUR,20.0340,20.0340,UK,,False
ERP,ERP-00123,2025-03-05,Pinnacle Safety Equipment,Pinnacle Safety Equipment,1.0000,Process improvement consultant,Process improvement consultant,process improvement consultant,Professional Services > Consulting,Professional Services,Consulting,0.9900,1.0000,day,day,959.7400,GBP,1218.8698,1218.8698,Ireland,,False
ERP,ERP-00124,2025-05-24,CEDAR CG,Cedar Consulting Group,1.0000,Protective safety glasses,Protective safety glasses,protective safety glasses,Safety & Lab > Personal Protective Equipment,Safety & Lab,Personal Protective Equipment,0.9900,1.0000,each,each,12.1700,USD,12.1700,12.1700,United States,,False
ERP,ERP-00125,2025-01-18,Apex Packaging Europe,Apex Packaging Europe,1.0000,Nitrile safety gloves box,Nitrile safety gloves box,nitrile safety gloves box,Office & MRO > Maintenance Supplies,Office & MRO,Maintenance Supplies,0.9900,1.0000,box,box,14.1800,GBP,18.0086,18.0086,France,,False
ERP,ERP-00126,2025-12-31,Northstar Office Products,Northstar Office Products,1.0000,Corrugated shipping box medium,Corrugated shipping box medium,corrugated shipping box medium,Logistics > Packaging,Logistics,Packaging,0.9900,10.0000,box,box,1.0500,GBP,1.3335,13.3350,France,,False
ERP,ERP-00127,2025-12-27,Meridian Energy,Meridian Energy Services,1.0000,Project collaboration annual license,Project collaboration annual license,project collaboration annual license,Software & Cloud > Software Licenses,Software & Cloud,Software Licenses,0.9900,1.0000,license,license,145.1800,USD,145.1800,145.1800,Germany,,False
ERP,ERP-00128,2025-01-10,Cedar Consulting Group,Cedar Consulting Group,1.0000,USB-C adapter multiport,USB-C adapter multiport,usb c adapter multiport,IT Hardware > Peripherals,IT Hardware,Peripherals,0.9900,3.0000,each,each,38.2300,USD,38.2300,114.6900,Netherlands,,False
ERP,ERP-00129,2025-06-05,Global Freight Partners,Global Freight Partners,1.0000,Office cleaning monthly service,Office cleaning monthly service,office cleaning monthly service,Facilities & Energy > Facilities Services,Facilities & Energy,Facilities Services,0.9600,3.0000,month,month,963.9100,GBP,1224.1657,3672.4971,Germany,,False
ERP,ERP-00130,2025-02-15,Pinnacle Safety Equipment,Pinnacle Safety Equipment,1.0000,Mobile voice and data plan,Mobile voice and data plan,mobile voice and data plan,Telecom > Telecom Services,Telecom,Telecom Services,0.9900,10.0000,month,month,34.8500,GBP,44.2595,442.5950,Germany,,False
ERP,ERP-00131,2025-12-23,Acme Industrial Supplies,Acme Industrial Supplies,1.0000,USB-C headset,USB-C headset,usb c headset,IT Hardware > Peripherals,IT Hardware,Peripherals,0.9900,1.0000,each,each,78.4000,EUR,84.6720,84.6720,France,,False
ERP,ERP-00132,2025-06-14,Harbor Scientific Supply,Harbor Scientific Supply,1.0000,Whiteboard marker pack 12,Whiteboard marker pack 12,whiteboard marker pack 12,Office & MRO > Office Supplies,Office & MRO,Office Supplies,0.9900,10.0000,pack,pack,14.1700,USD,14.1700,141.7000,UK,,False
ERP,ERP-00133,2025-03-31,Siemens AG,Siemens AG,1.0000,Stretch wrap roll clear,Stretch wrap roll clear,stretch wrap roll clear,Logistics > Packaging,Logistics,Packaging,0.9900,10.0000,roll,roll,15.0000,GBP,19.0500,190.5000,Germany,,False
ERP,ERP-00134,2025-07-30,Global Freight Partners,Global Freight Partners,1.0000,Monitor 27 inch QHD,Monitor 27 inch QHD,monitor 27 inch qhd,IT Hardware > Displays,IT Hardware,Displays,0.9900,1.0000,each,each,252.6700,USD,252.6700,252.6700,UK,,False
ERP,ERP-00135,2025-12-24,Bluebird Facilities Group,Bluebird Facilities Group,1.0000,Electricity supply usage,Electricity supply usage,electricity supply usage,Facilities & Energy > Energy,Facilities & Energy,Energy,0.9900,2.0000,MWh,mwh,125.1700,USD,125.1700,250.3400,France,,False
ERP,ERP-00136,2025-12-08,Northstar Office Products,Northstar Office Products,1.0000,Office cleaning monthly service,Office cleaning monthly service,office cleaning monthly service,Facilities & Energy > Facilities Services,Facilities & Energy,Facilities Services,0.9600,1.0000,month,month,1171.8400,EUR,1265.5872,1265.5872,Ireland,,False
ERP,ERP-00137,2025-04-27,Bluebird Facilities Group,Bluebird Facilities Group,1.0000,Project collaboration annual license,Project collaboration annual license,project collaboration annual license,Software & Cloud > Software Licenses,Software & Cloud,Software Licenses,0.9900,2.0000,license,license,133.0600,EUR,143.7048,287.4096,United States,,False
ERP,ERP-00138,2025-04-15,Cedar Consult.,Cedar Consulting Group,1.0000,Whiteboard marker pack 12,Whiteboard marker pack 12,whiteboard marker pack 12,Office & MRO > Office Supplies,Office & MRO,Office Supplies,0.9900,1.0000,pack,pack,10.8700,GBP,13.8049,13.8049,Netherlands,,False
ERP,ERP-00139,2025-11-16,Pinnacle PPE,Pinnacle Safety Equipment,1.0000,Black toner cartridge,Black toner cartridge,black toner cartridge,Office & MRO > Office Supplies,Office & MRO,Office Supplies,0.9900,1.0000,each,each,66.7800,EUR,72.1224,72.1224,France,,False
ERP,ERP-00140,2025-03-20,North Star Office,Northstar Office Products,1.0000,Electricity supply usage,Electricity supply usage,electricity supply usage,,Facilities & Energy,Energy,0.9600,1.0000,MWh,mwh,105.8400,GBP,134.4168,134.4168,France,source_category_missing,True
ERP,ERP-00141,2025-02-24,Pinnacle Safety Equipment,Pinnacle Safety Equipment,1.0000,Cloud compute usage,Cloud compute usage,cloud compute usage,Software & Cloud > Cloud Services,Software & Cloud,Cloud Services,0.9900,5.0000,hour,hour,3.8300,GBP,4.8641,24.3205,United States,,False
ERP,ERP-00142,2025-01-09,Acme Industrial Supplies,Acme Industrial Supplies,1.0000,Mobile voice and data plan,Mobile voice and data plan,mobile voice and data plan,Telecom > Telecom Services,Telecom,Telecom Services,0.9900,2.0000,month,month,35.9000,GBP,45.5930,91.1860,France,,False
ERP,ERP-00143,2025-11-27,Orchard Maintenance Co,Orchard Maintenance Co,1.0000,Data analytics consultant,Data analytics consultant,data analytics consultant,Professional Services > Consulting,Professional Services,Consulting,0.9900,1.0000,day,day,1121.0300,EUR,1210.7124,1210.7124,Germany,,False
ERP,ERP-00144,2025-10-31,Orchard Maintenance Co,Orchard Maintenance Co,1.0000,Mobile voice and data plan,Mobile voice and data plan,mobile voice and data plan,Telecom > Telecom Services,Telecom,Telecom Services,0.9900,1.0000,month,month,32.6900,GBP,41.5163,41.5163,France,,False
ERP,ERP-00145,2025-05-23,Acme Industrial Supplies,Acme Industrial Supplies,1.0000,Electricity supply usage,Electricity supply usage,electricity supply usage,Facilities & Energy > Energy,Facilities & Energy,Energy,0.9900,1.0000,MWh,mwh,104.6000,GBP,132.8420,132.8420,Ireland,,False
ERP,ERP-00146,2025-05-01,Vertex Technology Ltd,Vertex Technology Ltd,1.0000,Protective safety glasses,Protective safety glasses,protective safety glasses,Safety & Lab > Personal Protective Equipment,Safety & Lab,Personal Protective Equipment,0.9900,1.0000,each,each,11.2800,EUR,12.1824,12.1824,France,,False
ERP,ERP-00147,2025-07-13,Redwood Telecom Services,Redwood Telecom Services,1.0000,Data analytics consultant,Data analytics consultant,data analytics consultant,Professional Services > Consulting,Professional Services,Consulting,0.9900,1.0000,day,day,1236.5900,EUR,1335.5172,1335.5172,United States,,False
ERP,ERP-00148,2025-06-09,Harbor Scientific Supply,Harbor Scientific Supply,1.0000,Laboratory nitrile gloves box,Laboratory nitrile gloves box,laboratory nitrile gloves box,Safety & Lab > Laboratory Supplies,Safety & Lab,Laboratory Supplies,0.9900,3.0000,box,box,21.4500,USD,21.4500,64.3500,Ireland,,False
ERP,ERP-00149,2025-08-25,Apex Packaging Europe,Apex Packaging Europe,1.0000,Electricity supply usage,Electricity supply usage,electricity supply usage,Facilities & Energy > Energy,Facilities & Energy,Energy,0.9900,1.0000,MWh,mwh,122.2100,EUR,131.9868,131.9868,Netherlands,,False
ERP,ERP-00150,2025-10-25,Cedar Consulting Group,Cedar Consulting Group,1.0000,HVAC preventive maintenance visit,HVAC preventive maintenance visit,hvac preventive maintenance visit,Facilities & Energy > Facilities Services,Facilities & Energy,Facilities Services,0.9600,10.0000,visit,visit,302.1700,GBP,383.7559,3837.5590,United States,,False
ERP,ERP-00151,2025-06-24,Siemens AG,Siemens AG,1.0000,Cloud compute usage,Cloud compute usage,cloud compute usage,,Software & Cloud,Cloud Services,0.9600,1.0000,hour,hour,4.7400,USD,4.7400,4.7400,United States,source_category_missing,True
ERP,ERP-00152,2025-06-12,Acme Industrial Supplies,Acme Industrial Supplies,1.0000,Cloud storage monthly subscription,Cloud storage monthly subscription,cloud storage monthly subscription,Software & Cloud > Cloud Services,Software & Cloud,Cloud Services,0.9900,3.0000,month,month,238.7600,GBP,303.2252,909.6756,Netherlands,,False
ERP,ERP-00153,2025-07-29,Pinnacle Safety Equipment,Pinnacle Safety Equipment,1.0000,Domestic parcel delivery,Domestic parcel delivery,domestic parcel delivery,Logistics > Freight Services,Logistics,Freight Services,0.9900,1.0000,shipment,shipment,23.0300,GBP,29.2481,29.2481,UK,,False
ERP,ERP-00154,2025-08-08,Siemens AG,Siemens AG,1.0000,HVAC preventive maintenance visit,HVAC preventive maintenance visit,hvac preventive maintenance visit,Facilities & Energy > Facilities Services,Facilities & Energy,Facilities Services,0.9600,1.0000,visit,visit,306.9000,GBP,389.7630,389.7630,France,,False
ERP,ERP-00155,2025-04-01,Global Freight Partners,Global Freight Partners,1.0000,Office cleaning monthly service,Office cleaning monthly service,office cleaning monthly service,Facilities & Energy > Facilities Services,Facilities & Energy,Facilities Services,0.9600,2.0000,month,month,1016.0700,GBP,1290.4089,2580.8178,UK,,False
ERP,ERP-00156,2025-05-27,Acme Industrial Supplies,Acme Industrial Supplies,1.0000,Wireless keyboard and mouse set,Wireless keyboard and mouse set,wireless keyboard and mouse set,IT Hardware > Peripherals,IT Hardware,Peripherals,0.9900,1.0000,each,each,37.8200,GBP,48.0314,48.0314,Ireland,,False
ERP,ERP-00157,2025-10-24,Apex Packaging Europe,Apex Packaging Europe,1.0000,Protective safety glasses,Protective safety glasses,protective safety glasses,Safety & Lab > Personal Protective Equipment,Safety & Lab,Personal Protective Equipment,0.9900,1.0000,each,each,10.8700,EUR,11.7396,11.7396,France,,False
ERP,ERP-00158,2025-01-22,Bluebird Facilities Group,Bluebird Facilities Group,1.0000,Process improvement consultant,Process improvement consultant,process improvement consultant,Professional Services > Consulting,Professional Services,Consulting,0.9900,10.0000,day,day,927.1400,GBP,1177.4678,11774.6780,Ireland,,False
ERP,ERP-00159,2025-08-30,Siemens AG,Siemens AG,1.0000,Electric van lease monthly,Electric van lease monthly,electric van lease monthly,Fleet > Vehicle Leasing,Fleet,Vehicle Leasing,0.9900,1.0000,month,month,708.0700,EUR,764.7156,764.7156,UK,,False
ERP,ERP-00160,2025-07-22,Northstar Office Products,Northstar Office Products,1.0000,Nitrile safety gloves box,Nitrile safety gloves box,nitrile safety gloves box,Office & MRO > Maintenance Supplies,Office & MRO,Maintenance Supplies,0.9900,10.0000,box,box,17.3700,USD,17.3700,173.7000,Germany,,False
ERP,ERP-00161,2025-04-09,Summit Vehicle Leasing,Summit Vehicle Leasing,1.0000,Domestic parcel delivery,Domestic parcel delivery,domestic parcel delivery,Logistics > Freight Services,Logistics,Freight Services,0.9900,10.0000,shipment,shipment,23.2500,GBP,29.5275,295.2750,Ireland,,False
ERP,ERP-00162,2025-12-05,Acme Industrial Supplies,Acme Industrial Supplies,1.0000,Process improvement consultant,Process improvement consultant,process improvement consultant,Professional Services > Consulting,Professional Services,Consulting,0.9900,10.0000,day,day,1053.3300,EUR,1137.5964,11375.9640,United States,,False
ERP,ERP-00163,2025-01-25,Redwood Telecom Services,Redwood Telecom Services,1.0000,Whiteboard marker pack 12,Whiteboard marker pack 12,whiteboard marker pack 12,Office & MRO > Office Supplies,Office & MRO,Office Supplies,0.9900,10.0000,pack,pack,12.3000,EUR,13.2840,132.8400,United States,,False
ERP,ERP-00164,2025-07-12,Pinnacle Safety Equipment,Pinnacle Safety Equipment,1.0000,Corrugated shipping box medium,Corrugated shipping box medium,corrugated shipping box medium,Logistics > Packaging,Logistics,Packaging,0.9900,1.0000,box,box,1.4100,USD,1.4100,1.4100,Netherlands,,False
ERP,ERP-00165,2025-05-29,Orchard Maintenance Co,Orchard Maintenance Co,1.0000,Office cleaning monthly service,Office cleaning monthly service,office cleaning monthly service,Facilities & Energy > Facilities Services,Facilities & Energy,Facilities Services,0.9600,5.0000,month,month,1165.4600,EUR,1258.6968,6293.4840,Germany,,False
ERP,ERP-00166,2025-11-20,Redwood Telecom Services,Redwood Telecom Services,1.0000,Project collaboration annual license,Project collaboration annual license,project collaboration annual license,Software & Cloud > Software Licenses,Software & Cloud,Software Licenses,0.9900,1.0000,license,license,112.5800,GBP,142.9766,142.9766,Germany,,False
ERP,ERP-00167,2025-06-25,Harbor Sci.,Harbor Scientific Supply,1.0000,Business broadband connection,Business broadband connection,business broadband connection,Telecom > Telecom Services,Telecom,Telecom Services,0.9900,1.0000,month,month,71.7500,GBP,91.1225,91.1225,France,,False
ERP,ERP-00168,2025-08-29,Vertex Technology Ltd,Vertex Technology Ltd,1.0000,Business laptop 14 inch,Business laptop 14 inch,business laptop 14 inch,IT Hardware > Laptops,IT Hardware,Laptops,0.9900,2.0000,each,each,854.4600,EUR,922.8168,1845.6336,Ireland,price_variance_review,True
ERP,ERP-00169,2025-09-12,Orchard Maintenance Co,Orchard Maintenance Co,1.0000,Laboratory nitrile gloves box,Laboratory nitrile gloves box,laboratory nitrile gloves box,Safety & Lab > Laboratory Supplies,Safety & Lab,Laboratory Supplies,0.9900,2.0000,box,box,16.3900,GBP,20.8153,41.6306,Ireland,,False
ERP,ERP-00170,2025-04-10,Pinnacle Equip.,Pinnacle Safety Equipment,1.0000,HVAC preventive maintenance visit,HVAC preventive maintenance visit,hvac preventive maintenance visit,Facilities & Energy > Facilities Services,Facilities & Energy,Facilities Services,0.9600,1.0000,visit,visit,369.8200,EUR,399.4056,399.4056,United States,,False
ERP,ERP-00171,2025-03-10,Bluebird Facilities Group,Bluebird Facilities Group,1.0000,Corrugated shipping box medium,Corrugated shipping box medium,corrugated shipping box medium,Logistics > Packaging,Logistics,Packaging,0.9900,1.0000,box,box,1.1100,GBP,1.4097,1.4097,UK,,False
ERP,ERP-00172,2025-01-08,Bluebird Facilities Group,Bluebird Facilities Group,1.0000,Office cleaning monthly service,Office cleaning monthly service,office cleaning monthly service,Facilities & Energy > Facilities Services,Facilities & Energy,Facilities Services,0.9600,10.0000,month,month,1092.2600,EUR,1179.6408,11796.4080,United States,,False
ERP,ERP-00173,2025-09-25,Acme Industrial Supplies,Acme Industrial Supplies,1.0000,Cloud compute usage,Cloud compute usage,cloud compute usage,Software & Cloud > Cloud Services,Software & Cloud,Cloud Services,0.9900,10.0000,hour,hour,3.7700,GBP,4.7879,47.8790,Ireland,,False
ERP,ERP-00174,2025-07-30,Northstar Office Products,Northstar Office Products,1.0000,Electricity supply usage,Electricity supply usage,electricity supply usage,Facilities & Energy > Energy,Facilities & Energy,Energy,0.9900,1.0000,MWh,mwh,123.9500,EUR,133.8660,133.8660,UK,,False
ERP,ERP-00175,2025-12-11,Acme Supply Co,Acme Industrial Supplies,1.0000,Stretch wrap roll clear,Stretch wrap roll clear,stretch wrap roll clear,Logistics > Packaging,Logistics,Packaging,0.9900,1.0000,roll,roll,16.9100,EUR,18.2628,18.2628,UK,,False
ERP,ERP-00176,2025-10-14,BLUEBIRD,Bluebird Facilities Group,1.0000,Black toner cartridge,Black toner cartridge,black toner cartridge,Office & MRO > Office Supplies,Office & MRO,Office Supplies,0.9900,1.0000,each,each,57.4000,GBP,72.8980,72.8980,Netherlands,,False
ERP,ERP-00177,2025-12-07,Redwood Telco,Redwood Telecom Services,1.0000,Compact vehicle lease monthly,Compact vehicle lease monthly,compact vehicle lease monthly,Fleet > Vehicle Leasing,Fleet,Vehicle Leasing,0.9900,1.0000,month,month,374.6400,GBP,475.7928,475.7928,United States,,False
ERP,ERP-00178,2025-04-10,Meridian Energy Services,Meridian Energy Services,1.0000,Business broadband connection,Business broadband connection,business broadband connection,Telecom > Telecom Services,Telecom,Telecom Services,0.9900,1.0000,month,month,83.2000,EUR,89.8560,89.8560,Ireland,,False
ERP,ERP-00179,2025-08-25,Bluebird Facilities Group,Bluebird Facilities Group,1.0000,Compact vehicle lease monthly,Compact vehicle lease monthly,compact vehicle lease monthly,Fleet > Vehicle Leasing,Fleet,Vehicle Leasing,0.9900,2.0000,month,month,371.0300,GBP,471.2081,942.4162,Germany,,False
ERP,ERP-00180,2025-03-03,Siemens AG,Siemens AG,1.0000,Industrial air filter medium,Industrial air filter medium,industrial air filter medium,Office & MRO > Maintenance Supplies,Office & MRO,Maintenance Supplies,0.9900,5.0000,each,each,36.7600,EUR,39.7008,198.5040,UK,,False
ERP,ERP-00181,2025-03-03,ORCHARD,Orchard Maintenance Co,1.0000,Cloud storage monthly subscription,Cloud storage monthly subscription,cloud storage monthly subscription,Software & Cloud > Cloud Services,Software & Cloud,Cloud Services,0.9900,3.0000,month,month,254.8900,GBP,323.7103,971.1309,Netherlands,,False
ERP,ERP-00182,2025-01-30,MERIDIAN,Meridian Energy Services,1.0000,Compact vehicle lease monthly,Compact vehicle lease monthly,compact vehicle lease monthly,Fleet > Vehicle Leasing,Fleet,Vehicle Leasing,0.9900,1.0000,month,month,365.2800,GBP,463.9056,463.9056,France,,False
ERP,ERP-00183,2025-03-08,Siemens AG,Siemens AG,1.0000,HVAC preventive maintenance visit,HVAC preventive maintenance visit,hvac preventive maintenance visit,Facilities & Energy > Facilities Services,Facilities & Energy,Facilities Services,0.9600,10.0000,visit,visit,353.7700,EUR,382.0716,3820.7160,United States,,False
ERP,ERP-00184,2025-12-27,Northstar Office Products,Northstar Office Products,1.0000,Project collaboration annual license,Project collaboration annual license,project collaboration annual license,Software & Cloud > Software Licenses,Software & Cloud,Software Licenses,0.9900,10.0000,license,license,106.0400,GBP,134.6708,1346.7080,Germany,,False
ERP,ERP-00185,2025-08-30,Northstar Office Products,Northstar Office Products,1.0000,Monitor 27 inch QHD,Monitor 27 inch QHD,monitor 27 inch qhd,IT Hardware > Displays,IT Hardware,Displays,0.9900,2.0000,each,each,184.2200,GBP,233.9594,467.9188,Germany,,False
ERP,ERP-00186,2025-12-17,Acme Industrial Supplies,Acme Industrial Supplies,1.0000,Laptop dock USB-C,Laptop dock USB-C,laptop dock usb c,IT Hardware > Laptops,IT Hardware,Laptops,0.9900,1.0000,each,each,170.3500,USD,170.3500,170.3500,Germany,,False
ERP,ERP-00187,2025-01-06,Redwood Telecom Services,Redwood Telecom Services,1.0000,Compact vehicle lease monthly,Compact vehicle lease monthly,compact vehicle lease monthly,Fleet > Vehicle Leasing,Fleet,Vehicle Leasing,0.9900,5.0000,month,month,354.5900,GBP,450.3293,2251.6465,UK,,False
ERP,ERP-00188,2025-04-11,Summit Vehicle Leasing,Summit Vehicle Leasing,1.0000,Data analytics consultant,Data analytics consultant,data analytics consultant,Professional Services > Consulting,Professional Services,Consulting,0.9900,3.0000,day,day,1001.2000,GBP,1271.5240,3814.5720,Ireland,,False
ERP,ERP-00189,2025-08-24,Summit Vehicle Leasing,Summit Vehicle Leasing,1.0000,Mobile voice and data plan,Mobile voice and data plan,mobile voice and data plan,Telecom > Telecom Services,Telecom,Telecom Services,0.9900,1.0000,month,month,40.4300,EUR,43.6644,43.6644,Ireland,,False
ERP,ERP-00190,2025-01-26,Meridian Energy Services,Meridian Energy Services,1.0000,Laboratory nitrile gloves box,Laboratory nitrile gloves box,laboratory nitrile gloves box,Safety & Lab > Laboratory Supplies,Safety & Lab,Laboratory Supplies,0.9900,1.0000,box,box,20.9300,USD,20.9300,20.9300,Netherlands,,False
ERP,ERP-00191,2025-07-20,Acme Industrial Supplies,Acme Industrial Supplies,1.0000,Project collaboration annual license,Project collaboration annual license,project collaboration annual license,Software & Cloud > Software Licenses,Software & Cloud,Software Licenses,0.9900,1.0000,license,license,131.9300,EUR,142.4844,142.4844,Germany,,False
ERP,ERP-00192,2025-03-21,VERTEX TECHNOLOGY,Vertex Technology Ltd,1.0000,USB-C headset,USB-C headset,usb c headset,IT Hardware > Peripherals,IT Hardware,Peripherals,0.9900,1.0000,each,each,63.8400,GBP,81.0768,81.0768,Ireland,,False
ERP,ERP-00193,2025-08-28,Global Freight Partners,Global Freight Partners,1.0000,Data analytics consultant,Data analytics consultant,data analytics consultant,Professional Services > Consulting,Professional Services,Consulting,0.9900,10.0000,day,day,1348.7800,USD,1348.7800,13487.8000,UK,,False
ERP,ERP-00194,2025-09-09,Orchard Maintenance Co,Orchard Maintenance Co,1.0000,Protective safety glasses,Protective safety glasses,protective safety glasses,Safety & Lab > Personal Protective Equipment,Safety & Lab,Personal Protective Equipment,0.9900,1.0000,each,each,10.6600,EUR,11.5128,11.5128,UK,,False
ERP,ERP-00195,2025-01-06,Cedar Consulting Group,Cedar Consulting Group,1.0000,Data analytics consultant,Data analytics consultant,data analytics consultant,Professional Services > Consulting,Professional Services,Consulting,0.9900,1.0000,day,day,1208.9000,EUR,1305.6120,1305.6120,Ireland,,False
ERP,ERP-00196,2025-07-03,Vertex Ltd.,Vertex Technology Ltd,1.0000,Cloud storage monthly subscription,Cloud storage monthly subscription,cloud storage monthly subscription,Software & Cloud > Cloud Services,Software & Cloud,Cloud Services,0.9900,2.0000,month,month,252.2600,GBP,320.3702,640.7404,United States,,False
ERP,ERP-00197,2025-12-02,Apex Packaging Europe,Apex Packaging Europe,1.0000,Stretch wrap roll clear,Stretch wrap roll clear,stretch wrap roll clear,Logistics > Packaging,Logistics,Packaging,0.9900,10.0000,roll,roll,15.5800,GBP,19.7866,197.8660,Ireland,,False
ERP,ERP-00198,2025-02-17,Global Freight Partners,Global Freight Partners,1.0000,A4 copy paper case 5 reams,A4 copy paper case 5 reams,a4 copy paper case 5 reams,Office & MRO > Office Supplies,Office & MRO,Office Supplies,0.9900,10.0000,case,case,28.7900,EUR,31.0932,310.9320,Netherlands,,False
ERP,ERP-00199,2025-08-22,Pinnacle Safety Equipment,Pinnacle Safety Equipment,1.0000,A4 copy paper case 5 reams,A4 copy paper case 5 reams,a4 copy paper case 5 reams,Office & MRO > Office Supplies,Office & MRO,Office Supplies,0.9900,1.0000,case,case,29.7200,USD,29.7200,29.7200,Netherlands,,False
ERP,ERP-00200,2025-12-06,Siemens AG,Siemens AG,1.0000,Pallet freight delivery,Pallet freight delivery,pallet freight delivery,Logistics > Freight Services,Logistics,Freight Services,0.9900,2.0000,shipment,shipment,162.4000,EUR,175.3920,350.7840,Germany,,False
ERP,ERP-00201,2025-01-16,VERTEX TECHNOLOGY,Vertex Technology Ltd,1.0000,PDF editor annual license,PDF editor annual license,pdf editor annual license,Software & Cloud > Software Licenses,Software & Cloud,Software Licenses,0.9900,1.0000,license,license,101.7000,USD,101.7000,101.7000,UK,,False
ERP,ERP-00202,2025-01-20,Cedar Consulting Group,Cedar Consulting Group,1.0000,Domestic parcel delivery,Domestic parcel delivery,domestic parcel delivery,Logistics > Freight Services,Logistics,Freight Services,0.9900,2.0000,shipment,shipment,22.4700,GBP,28.5369,57.0738,France,,False
ERP,ERP-00203,2025-06-29,Harbor Scientific Supply,Harbor Scientific Supply,1.0000,USB-C headset,USB-C headset,usb c headset,IT Hardware > Peripherals,IT Hardware,Peripherals,0.9900,5.0000,each,each,77.5400,USD,77.5400,387.7000,Ireland,,False
ERP,ERP-00204,2025-01-23,Orchard Maintenance Co,Orchard Maintenance Co,1.0000,Monitor 27 inch QHD,Monitor 27 inch QHD,monitor 27 inch qhd,IT Hardware > Displays,IT Hardware,Displays,0.9900,1.0000,each,each,232.9500,EUR,251.5860,251.5860,Ireland,,False
ERP,ERP-00205,2025-07-03,Vertex Technology Ltd,Vertex Technology Ltd,1.0000,Electricity supply usage,Electricity supply usage,electricity supply usage,Facilities & Energy > Energy,Facilities & Energy,Energy,0.9900,1.0000,MWh,mwh,123.5200,EUR,133.4016,133.4016,Netherlands,,False
ERP,ERP-00206,2025-10-08,Summit Vehicle Leasing,Summit Vehicle Leasing,1.0000,USB-C adapter multiport,USB-C adapter multiport,usb c adapter multiport,IT Hardware > Peripherals,IT Hardware,Peripherals,0.9900,5.0000,each,each,30.2600,GBP,38.4302,192.1510,Netherlands,,False
ERP,ERP-00207,2025-06-11,Meridian Energy Services,Meridian Energy Services,1.0000,Laboratory nitrile gloves box,Laboratory nitrile gloves box,laboratory nitrile gloves box,Safety & Lab > Laboratory Supplies,Safety & Lab,Laboratory Supplies,0.9900,10.0000,box,box,19.9000,USD,19.9000,199.0000,UK,,False
ERP,ERP-00208,2025-05-17,Cedar Consulting Group,Cedar Consulting Group,1.0000,Pallet freight delivery,Pallet freight delivery,pallet freight delivery,Logistics > Freight Services,Logistics,Freight Services,0.9900,1.0000,shipment,shipment,181.1300,EUR,195.6204,195.6204,France,,False
ERP,ERP-00209,2025-11-12,Redwood Telco,Redwood Telecom Services,1.0000,Cloud storage monthly subscription,Cloud storage monthly subscription,cloud storage monthly subscription,Software & Cloud > Cloud Services,Software & Cloud,Cloud Services,0.9900,3.0000,month,month,291.4100,EUR,314.7228,944.1684,Ireland,,False
ERP,ERP-00210,2025-01-24,Cedar Consulting Group,Cedar Consulting Group,1.0000,Office cleaning monthly service,Office cleaning monthly service,office cleaning monthly service,Facilities & Energy > Facilities Services,Facilities & Energy,Facilities Services,0.9600,5.0000,month,month,1041.4500,GBP,1322.6415,6613.2075,United States,,False
ERP,ERP-00211,2025-06-13,Bluebird Facilities Group,Bluebird Facilities Group,1.0000,Cloud compute usage,Cloud compute usage,cloud compute usage,Software & Cloud > Cloud Services,Software & Cloud,Cloud Services,0.9900,10.0000,hour,hour,4.5800,USD,4.5800,45.8000,United States,,False
ERP,ERP-00212,2025-09-06,Meridian Energy Services,Meridian Energy Services,1.0000,Mobile voice and data plan,Mobile voice and data plan,mobile voice and data plan,Telecom > Telecom Services,Telecom,Telecom Services,0.9900,2.0000,month,month,42.3800,USD,42.3800,84.7600,UK,,False
ERP,ERP-00213,2025-12-19,Northstar Office Products,Northstar Office Products,1.0000,Black toner cartridge,Black toner cartridge,black toner cartridge,Office & MRO > Office Supplies,Office & MRO,Office Supplies,0.9900,5.0000,each,each,71.0900,EUR,76.7772,383.8860,Ireland,,False
ERP,ERP-00214,2025-05-09,Meridian Energy Services,Meridian Energy Services,1.0000,Black toner cartridge,Black toner cartridge,black toner cartridge,Office & MRO > Office Supplies,Office & MRO,Office Supplies,0.9900,1.0000,each,each,72.6200,EUR,78.4296,78.4296,UK,,False
ERP,ERP-00215,2025-03-03,Bluebird Facilities Group,Bluebird Facilities Group,1.0000,Monitor 27 inch QHD,Monitor 27 inch QHD,monitor 27 inch qhd,IT Hardware > Displays,IT Hardware,Displays,0.9900,10.0000,each,each,190.6000,GBP,242.0620,2420.6200,France,,False
ERP,ERP-00216,2025-07-24,Pinnacle Safety,Pinnacle Safety Equipment,1.0000,Laboratory nitrile gloves box,Laboratory nitrile gloves box,laboratory nitrile gloves box,Safety & Lab > Laboratory Supplies,Safety & Lab,Laboratory Supplies,0.9900,1.0000,box,box,20.7400,USD,20.7400,20.7400,UK,,False
ERP,ERP-00217,2025-09-16,Summit Vehicle Leasing,Summit Vehicle Leasing,1.0000,Wireless keyboard and mouse set,Wireless keyboard and mouse set,wireless keyboard and mouse set,IT Hardware > Peripherals,IT Hardware,Peripherals,0.9900,5.0000,each,each,42.4700,EUR,45.8676,229.3380,Ireland,,False
ERP,ERP-00218,2025-12-21,Pinnacle Safety Equipment,Pinnacle Safety Equipment,1.0000,Laboratory nitrile gloves box,Laboratory nitrile gloves box,laboratory nitrile gloves box,Safety & Lab > Laboratory Supplies,Safety & Lab,Laboratory Supplies,0.9900,1.0000,box,box,19.9000,USD,19.9000,19.9000,UK,,False
ERP,ERP-00219,2025-12-06,Apex Packaging Europe,Apex Packaging Europe,1.0000,Business broadband connection,Business broadband connection,business broadband connection,Telecom > Telecom Services,Telecom,Telecom Services,0.9900,10.0000,month,month,84.7600,EUR,91.5408,915.4080,Germany,,False
ERP,ERP-00220,2025-10-20,Harbour Scientific,Harbor Scientific Supply,1.0000,Business broadband connection,Business broadband connection,business broadband connection,Telecom > Telecom Services,Telecom,Telecom Services,0.9900,5.0000,month,month,80.9600,EUR,87.4368,437.1840,UK,,False
ERP,ERP-00221,2025-09-10,Redwood Telecom Services,Redwood Telecom Services,1.0000,A4 copy paper case 5 reams,A4 copy paper case 5 reams,a4 copy paper case 5 reams,Office & MRO > Office Supplies,Office & MRO,Office Supplies,0.9900,2.0000,case,case,23.0900,GBP,29.3243,58.6486,United States,,False
ERP,ERP-00222,2025-04-19,Redwood Telecom Services,Redwood Telecom Services,1.0000,USB-C headset,USB-C headset,usb c headset,IT Hardware > Peripherals,IT Hardware,Peripherals,0.9900,3.0000,each,each,79.0700,USD,79.0700,237.2100,France,,False
ERP,ERP-00223,2025-02-11,Cedar Consulting Group,Cedar Consulting Group,1.0000,Laptop dock USB-C,Laptop dock USB-C,laptop dock usb c,IT Hardware > Laptops,IT Hardware,Laptops,0.9900,3.0000,each,each,157.8900,EUR,170.5212,511.5636,UK,,False
ERP,ERP-00224,2025-05-17,Vertex Technology Ltd,Vertex Technology Ltd,1.0000,HVAC preventive maintenance visit,HVAC preventive maintenance visit,hvac preventive maintenance visit,Facilities & Energy > Facilities Services,Facilities & Energy,Facilities Services,0.9600,1.0000,visit,visit,289.7800,GBP,368.0206,368.0206,France,,False
ERP,ERP-00225,2025-06-20,Summit Vehicle Leasing,Summit Vehicle Leasing,1.0000,Compact vehicle lease monthly,Compact vehicle lease monthly,compact vehicle lease monthly,Fleet > Vehicle Leasing,Fleet,Vehicle Leasing,0.9900,1.0000,month,month,380.7100,GBP,483.5017,483.5017,France,,False
ERP,ERP-00226,2025-10-24,Cedar Consulting Group,Cedar Consulting Group,1.0000,Laboratory nitrile gloves box,Laboratory nitrile gloves box,laboratory nitrile gloves box,Safety & Lab > Laboratory Supplies,Safety & Lab,Laboratory Supplies,0.9900,1.0000,box,box,16.0000,GBP,20.3200,20.3200,UK,,False
ERP,ERP-00227,2025-08-07,Siemens GmbH,Siemens AG,1.0000,Nitrile safety gloves box,Nitrile safety gloves box,nitrile safety gloves box,Office & MRO > Maintenance Supplies,Office & MRO,Maintenance Supplies,0.9900,2.0000,box,box,16.9400,USD,16.9400,33.8800,Netherlands,,False
ERP,ERP-00228,2025-03-09,Redwood Telecom Services,Redwood Telecom Services,1.0000,A4 copy paper case 5 reams,A4 copy paper case 5 reams,a4 copy paper case 5 reams,Office & MRO > Office Supplies,Office & MRO,Office Supplies,0.9900,3.0000,case,case,30.3000,EUR,32.7240,98.1720,United States,,False
ERP,ERP-00229,2025-09-25,Meridian Energy Services,Meridian Energy Services,1.0000,Laptop dock USB-C,Laptop dock USB-C,laptop dock usb c,IT Hardware > Laptops,IT Hardware,Laptops,0.9900,3.0000,each,each,144.7600,GBP,183.8452,551.5356,UK,,False
ERP,ERP-00230,2025-05-09,Acme Industrial Supplies,Acme Industrial Supplies,1.0000,Laboratory nitrile gloves box,Laboratory nitrile gloves box,laboratory nitrile gloves box,Safety & Lab > Laboratory Supplies,Safety & Lab,Laboratory Supplies,0.9900,1.0000,box,box,16.6600,GBP,21.1582,21.1582,UK,,False
ERP,ERP-00231,2025-08-03,Global Freight Partners,Global Freight Partners,1.0000,Pallet freight delivery,Pallet freight delivery,pallet freight delivery,Logistics > Freight Services,Logistics,Freight Services,0.9900,1.0000,shipment,shipment,153.8200,GBP,195.3514,195.3514,Ireland,,False
ERP,ERP-00232,2025-07-08,Vertex Technology Ltd,Vertex Technology Ltd,1.0000,Data analytics consultant,Data analytics consultant,data analytics consultant,Professional Services > Consulting,Professional Services,Consulting,0.9900,3.0000,day,day,1009.3200,GBP,1281.8364,3845.5092,France,,False
ERP,ERP-00233,2025-05-03,Orchard Maintenance Co,Orchard Maintenance Co,1.0000,Wireless keyboard and mouse set,Wireless keyboard and mouse set,wireless keyboard and mouse set,IT Hardware > Peripherals,IT Hardware,Peripherals,0.9900,1.0000,each,each,46.3700,EUR,50.0796,50.0796,France,,False
ERP,ERP-00234,2025-10-18,Pinnacle Safety Equipment,Pinnacle Safety Equipment,1.0000,Business broadband connection,Business broadband connection,business broadband connection,Telecom > Telecom Services,Telecom,Telecom Services,0.9900,3.0000,month,month,89.6000,USD,89.6000,268.8000,Germany,,False
ERP,ERP-00235,2025-07-08,Acme Industrial Supplies,Acme Industrial Supplies,1.0000,Data analytics consultant,Data analytics consultant,data analytics consultant,Professional Services > Consulting,Professional Services,Consulting,0.9900,10.0000,day,day,976.0500,GBP,1239.5835,12395.8350,Netherlands,,False
ERP,ERP-00236,2025-12-17,Redwood Telco,Redwood Telecom Services,1.0000,Mobile voice and data plan,Mobile voice and data plan,mobile voice and data plan,Telecom > Telecom Services,Telecom,Telecom Services,0.9900,1.0000,month,month,36.5800,GBP,46.4566,46.4566,Ireland,,False
ERP,ERP-00237,2025-05-04,Siemens GmbH,Siemens AG,1.0000,A4 copy paper case 5 reams,A4 copy paper case 5 reams,a4 copy paper case 5 reams,Office & MRO > Office Supplies,Office & MRO,Office Supplies,0.9900,3.0000,case,case,24.9000,GBP,31.6230,94.8690,Germany,,False
ERP,ERP-00238,2025-10-25,Redwood Telco,Redwood Telecom Services,1.0000,A4 copy paper case 5 reams,A4 copy paper case 5 reams,a4 copy paper case 5 reams,Office & MRO > Office Supplies,Office & MRO,Office Supplies,0.9900,1.0000,case,case,30.1800,EUR,32.5944,32.5944,Netherlands,,False
ERP,ERP-00239,2025-06-05,Apex Packaging Europe,Apex Packaging Europe,1.0000,Laboratory nitrile gloves box,Laboratory nitrile gloves box,laboratory nitrile gloves box,Safety & Lab > Laboratory Supplies,Safety & Lab,Laboratory Supplies,0.9900,10.0000,box,box,19.5400,EUR,21.1032,211.0320,Ireland,,False
ERP,ERP-00240,2025-06-19,Pinnacle Safety,Pinnacle Safety Equipment,1.0000,Pallet freight delivery,Pallet freight delivery,pallet freight delivery,Logistics > Freight Services,Logistics,Freight Services,0.9900,10.0000,shipment,shipment,137.3400,GBP,174.4218,1744.2180,UK,,False
ERP,ERP-00241,2025-10-27,Siemens AG,Siemens AG,1.0000,Business broadband connection,Business broadband connection,business broadband connection,Telecom > Telecom Services,Telecom,Telecom Services,0.9900,1.0000,month,month,84.4900,USD,84.4900,84.4900,Germany,,False
ERP,ERP-00242,2025-10-01,Orchard Maintenance Co,Orchard Maintenance Co,1.0000,Laptop dock USB-C,Laptop dock USB-C,laptop dock usb c,IT Hardware > Laptops,IT Hardware,Laptops,0.9900,1.0000,each,each,139.5600,GBP,177.2412,177.2412,UK,,False
ERP,ERP-00243,2025-10-15,Northstar Office Products,Northstar Office Products,1.0000,Mobile voice and data plan,Mobile voice and data plan,mobile voice and data plan,Telecom > Telecom Services,Telecom,Telecom Services,0.9900,2.0000,month,month,43.5600,USD,43.5600,87.1200,United States,,False
ERP,ERP-00244,2025-10-20,Pinnacle Safety Equipment,Pinnacle Safety Equipment,1.0000,Data analytics consultant,Data analytics consultant,data analytics consultant,Professional Services > Consulting,Professional Services,Consulting,0.9900,1.0000,day,day,1212.4000,USD,1212.4000,1212.4000,France,,False
ERP,ERP-00245,2025-08-30,Meridian Energy Services,Meridian Energy Services,1.0000,Pallet freight delivery,Pallet freight delivery,pallet freight delivery,Logistics > Freight Services,Logistics,Freight Services,0.9900,1.0000,shipment,shipment,175.5800,EUR,189.6264,189.6264,Germany,,False
ERP,ERP-00246,2025-01-13,Pinnacle Equip.,Pinnacle Safety Equipment,1.0000,Compact vehicle lease monthly,Compact vehicle lease monthly,compact vehicle lease monthly,Fleet > Vehicle Leasing,Fleet,Vehicle Leasing,0.9900,1.0000,month,month,405.1100,EUR,437.5188,437.5188,United States,,False
ERP,ERP-00247,2025-05-26,Orchard Maintenance Co,Orchard Maintenance Co,1.0000,USB-C headset,USB-C headset,usb c headset,IT Hardware > Peripherals,IT Hardware,Peripherals,0.9900,5.0000,each,each,79.8700,EUR,86.2596,431.2980,Netherlands,,False
ERP,ERP-00248,2025-12-28,Orchard Maintenance Co,Orchard Maintenance Co,1.0000,Laptop dock USB-C,Laptop dock USB-C,laptop dock usb c,IT Hardware > Laptops,IT Hardware,Laptops,0.9900,3.0000,each,each,137.3000,GBP,174.3710,523.1130,France,,False
ERP,ERP-00249,2025-08-04,Siemens AG,Siemens AG,1.0000,Project collaboration annual license,Project collaboration annual license,project collaboration annual license,Software & Cloud > Software Licenses,Software & Cloud,Software Licenses,0.9900,3.0000,license,license,142.7800,USD,142.7800,428.3400,France,,False
ERP,ERP-00250,2025-02-27,Meridian Energy Services,Meridian Energy Services,1.0000,Wireless keyboard and mouse set,Wireless keyboard and mouse set,wireless keyboard and mouse set,IT Hardware > Peripherals,IT Hardware,Peripherals,0.9900,1.0000,each,each,47.8900,USD,47.8900,47.8900,Germany,,False
ERP,ERP-00251,2025-01-20,Northstar Office Products,Northstar Office Products,1.0000,Process improvement consultant,Process improvement consultant,process improvement consultant,Professional Services > Consulting,Professional Services,Consulting,0.9900,1.0000,day,day,1199.0000,USD,1199.0000,1199.0000,United States,,False
ERP,ERP-00252,2025-05-26,Summit Vehicle Leasing,Summit Vehicle Leasing,1.0000,Compact vehicle lease monthly,Compact vehicle lease monthly,compact vehicle lease monthly,Fleet > Vehicle Leasing,Fleet,Vehicle Leasing,0.9900,2.0000,month,month,384.6500,GBP,488.5055,977.0110,UK,,False
ERP,ERP-00253,2025-05-07,Summit Vehicle Leasing,Summit Vehicle Leasing,1.0000,HVAC preventive maintenance visit,HVAC preventive maintenance visit,hvac preventive maintenance visit,Facilities & Energy > Facilities Services,Facilities & Energy,Facilities Services,0.9600,1.0000,visit,visit,398.2900,USD,398.2900,398.2900,United States,,False
ERP,ERP-00254,2025-07-15,Summit Vehicle Leasing,Summit Vehicle Leasing,1.0000,Pallet freight delivery,Pallet freight delivery,pallet freight delivery,Logistics > Freight Services,Logistics,Freight Services,0.9900,5.0000,shipment,shipment,175.1500,EUR,189.1620,945.8100,Germany,,False
ERP,ERP-00255,2025-12-14,Global Freight,Global Freight Partners,1.0000,A4 copy paper case 5 reams,A4 copy paper case 5 reams,a4 copy paper case 5 reams,Office & MRO > Office Supplies,Office & MRO,Office Supplies,0.9900,5.0000,case,case,23.4400,GBP,29.7688,148.8440,Germany,,False
ERP,ERP-00256,2025-03-05,Redwood Telecom Services,Redwood Telecom Services,1.0000,Laboratory nitrile gloves box,Laboratory nitrile gloves box,laboratory nitrile gloves box,Safety & Lab > Laboratory Supplies,Safety & Lab,Laboratory Supplies,0.9900,1.0000,box,box,16.7600,GBP,21.2852,21.2852,UK,,False
ERP,ERP-00257,2025-08-02,Pinnacle Safety Equipment,Pinnacle Safety Equipment,1.0000,Cloud storage monthly subscription,Cloud storage monthly subscription,cloud storage monthly subscription,Software & Cloud > Cloud Services,Software & Cloud,Cloud Services,0.9900,1.0000,month,month,305.0500,USD,305.0500,305.0500,Ireland,,False
ERP,ERP-00258,2025-05-14,Cedar Consulting Group,Cedar Consulting Group,1.0000,Black toner cartridge,Black toner cartridge,black toner cartridge,Office & MRO > Office Supplies,Office & MRO,Office Supplies,0.9900,1.0000,each,each,72.6000,EUR,78.4080,78.4080,United States,,False
ERP,ERP-00259,2025-08-18,Harbor Scientific Supply,Harbor Scientific Supply,1.0000,Data analytics consultant,Data analytics consultant,data analytics consultant,Professional Services > Consulting,Professional Services,Consulting,0.9900,5.0000,day,day,1134.8900,EUR,1225.6812,6128.4060,Ireland,,False
ERP,ERP-00260,2025-11-06,Summit Vehicle Leasing,Summit Vehicle Leasing,1.0000,USB-C adapter multiport,USB-C adapter multiport,usb c adapter multiport,IT Hardware > Peripherals,IT Hardware,Peripherals,0.9900,1.0000,each,each,37.4400,EUR,40.4352,40.4352,United States,,False
ERP,ERP-00261,2025-11-24,Summit Vehicle Leasing,Summit Vehicle Leasing,1.0000,Domestic parcel delivery,Domestic parcel delivery,domestic parcel delivery,Logistics > Freight Services,Logistics,Freight Services,0.9900,1.0000,shipment,shipment,28.5200,USD,28.5200,28.5200,UK,,False
ERP,ERP-00262,2025-09-30,Global Freight Partners,Global Freight Partners,1.0000,Monitor 27 inch QHD,Monitor 27 inch QHD,monitor 27 inch qhd,IT Hardware > Displays,IT Hardware,Displays,0.9900,1.0000,each,each,258.3800,USD,258.3800,258.3800,Ireland,,False
ERP,ERP-00263,2025-09-24,Cedar Consulting Group,Cedar Consulting Group,1.0000,Industrial air filter medium,Industrial air filter medium,industrial air filter medium,Office & MRO > Maintenance Supplies,Office & MRO,Maintenance Supplies,0.9900,1.0000,each,each,42.3900,USD,42.3900,42.3900,UK,,False
ERP,ERP-00264,2025-03-11,Summit Vehicle Leasing,Summit Vehicle Leasing,1.0000,Wireless keyboard and mouse set,Wireless keyboard and mouse set,wireless keyboard and mouse set,IT Hardware > Peripherals,IT Hardware,Peripherals,0.9900,10.0000,each,each,46.9000,USD,46.9000,469.0000,Germany,,False
ERP,ERP-00265,2025-01-20,Northstar Office Products,Northstar Office Products,1.0000,Business laptop 14 inch,Business laptop 14 inch,business laptop 14 inch,IT Hardware > Laptops,IT Hardware,Laptops,0.9900,1.0000,each,each,959.4900,USD,959.4900,959.4900,UK,price_variance_review,True
ERP,ERP-00266,2025-10-26,Northstar Office Products,Northstar Office Products,1.0000,Nitrile safety gloves box,Nitrile safety gloves box,nitrile safety gloves box,Office & MRO > Maintenance Supplies,Office & MRO,Maintenance Supplies,0.9900,1.0000,box,box,18.9600,USD,18.9600,18.9600,France,,False
ERP,ERP-00267,2025-10-26,Pinnacle Equip.,Pinnacle Safety Equipment,1.0000,Cloud storage monthly subscription,Cloud storage monthly subscription,cloud storage monthly subscription,,Software & Cloud,Cloud Services,0.9600,5.0000,month,month,272.6900,EUR,294.5052,1472.5260,France,source_category_missing,True
ERP,ERP-00268,2025-12-04,Orchard Maintenance Co,Orchard Maintenance Co,1.0000,Domestic parcel delivery,Domestic parcel delivery,domestic parcel delivery,Logistics > Freight Services,Logistics,Freight Services,0.9900,1.0000,shipment,shipment,29.1800,USD,29.1800,29.1800,UK,,False
ERP,ERP-00269,2025-01-02,Meridian Energy Services,Meridian Energy Services,1.0000,Pallet freight delivery,Pallet freight delivery,pallet freight delivery,Logistics > Freight Services,Logistics,Freight Services,0.9900,2.0000,shipment,shipment,146.4100,GBP,185.9407,371.8814,UK,,False
ERP,ERP-00270,2025-03-28,Bluebird Facilities Group,Bluebird Facilities Group,1.0000,Wireless keyboard and mouse set,Wireless keyboard and mouse set,wireless keyboard and mouse set,IT Hardware > Peripherals,IT Hardware,Peripherals,0.9900,1.0000,each,each,36.7900,GBP,46.7233,46.7233,France,,False
ERP,ERP-00271,2025-04-13,Summit Vehicle Leasing,Summit Vehicle Leasing,1.0000,Industrial air filter medium,Industrial air filter medium,industrial air filter medium,Office & MRO > Maintenance Supplies,Office & MRO,Maintenance Supplies,0.9900,1.0000,each,each,33.4600,GBP,42.4942,42.4942,Ireland,,False
ERP,ERP-00272,2025-09-21,Cedar Consulting Group,Cedar Consulting Group,1.0000,Whiteboard marker pack 12,Whiteboard marker pack 12,whiteboard marker pack 12,Office & MRO > Office Supplies,Office & MRO,Office Supplies,0.9900,1.0000,pack,pack,10.9000,GBP,13.8430,13.8430,United States,,False
ERP,ERP-00273,2025-12-29,Northstar Office Products,Northstar Office Products,1.0000,Whiteboard marker pack 12,Whiteboard marker pack 12,whiteboard marker pack 12,Office & MRO > Office Supplies,Office & MRO,Office Supplies,0.9900,10.0000,pack,pack,10.3800,GBP,13.1826,131.8260,United States,,False
ERP,ERP-00274,2025-06-19,Orchard Maintenance Co,Orchard Maintenance Co,1.0000,Laboratory nitrile gloves box,Laboratory nitrile gloves box,laboratory nitrile gloves box,Safety & Lab > Laboratory Supplies,Safety & Lab,Laboratory Supplies,0.9900,2.0000,box,box,21.7100,USD,21.7100,43.4200,France,,False
ERP,ERP-00275,2025-11-22,Siemens AG,Siemens AG,1.0000,Stretch wrap roll clear,Stretch wrap roll clear,stretch wrap roll clear,Logistics > Packaging,Logistics,Packaging,0.9900,1.0000,roll,roll,17.1000,EUR,18.4680,18.4680,UK,,False
ERP,ERP-00276,2025-05-09,Cedar Consulting Group,Cedar Consulting Group,1.0000,Industrial air filter medium,Industrial air filter medium,industrial air filter medium,Office & MRO > Maintenance Supplies,Office & MRO,Maintenance Supplies,0.9900,1.0000,each,each,43.9900,USD,43.9900,43.9900,United States,,False
ERP,ERP-00277,2025-09-02,Apex Packaging Europe,Apex Packaging Europe,1.0000,Business broadband connection,Business broadband connection,business broadband connection,Telecom > Telecom Services,Telecom,Telecom Services,0.9900,5.0000,month,month,90.2900,USD,90.2900,451.4500,United States,,False
ERP,ERP-00278,2025-07-31,Apex Packaging Europe,Apex Packaging Europe,1.0000,Office cleaning monthly service,Office cleaning monthly service,office cleaning monthly service,,Facilities & Energy,Facilities Services,0.9600,10.0000,month,month,973.2300,GBP,1236.0021,12360.0210,France,source_category_missing,True
ERP,ERP-00279,2025-04-01,Acme Industrial Supplies,Acme Industrial Supplies,1.0000,Cloud compute usage,Cloud compute usage,cloud compute usage,Software & Cloud > Cloud Services,Software & Cloud,Cloud Services,0.9900,1.0000,hour,hour,4.5100,EUR,4.8708,4.8708,United States,,False
ERP,ERP-00280,2025-03-26,Harbor Scientific Supply,Harbor Scientific Supply,1.0000,Corrugated shipping box medium,Corrugated shipping box medium,corrugated shipping box medium,Logistics > Packaging,Logistics,Packaging,0.9900,3.0000,box,box,1.3600,USD,1.3600,4.0800,Netherlands,,False
ERP,ERP-00281,2025-12-30,Redwood Telecom Services,Redwood Telecom Services,1.0000,A4 copy paper case 5 reams,A4 copy paper case 5 reams,a4 copy paper case 5 reams,Office & MRO > Office Supplies,Office & MRO,Office Supplies,0.9900,1.0000,case,case,23.0900,GBP,29.3243,29.3243,Germany,,False
ERP,ERP-00282,2025-05-28,Harbor Scientific Supply,Harbor Scientific Supply,1.0000,A4 copy paper case 5 reams,A4 copy paper case 5 reams,a4 copy paper case 5 reams,Office & MRO > Office Supplies,Office & MRO,Office Supplies,0.9900,10.0000,case,case,23.9400,GBP,30.4038,304.0380,Ireland,,False
ERP,ERP-00283,2025-06-02,Redwood Telecom Services,Redwood Telecom Services,1.0000,Business broadband connection,Business broadband connection,business broadband connection,Telecom > Telecom Services,Telecom,Telecom Services,0.9900,1.0000,month,month,77.8400,EUR,84.0672,84.0672,United States,,False
ERP,ERP-00284,2025-09-04,Vertex Technology Ltd,Vertex Technology Ltd,1.0000,Office cleaning monthly service,Office cleaning monthly service,office cleaning monthly service,Facilities & Energy > Facilities Services,Facilities & Energy,Facilities Services,0.9600,1.0000,month,month,1209.4500,USD,1209.4500,1209.4500,Ireland,,False
ERP,ERP-00285,2025-08-19,Global Freight,Global Freight Partners,1.0000,Data analytics consultant,Data analytics consultant,data analytics consultant,Professional Services > Consulting,Professional Services,Consulting,0.9900,1.0000,day,day,975.6000,GBP,1239.0120,1239.0120,Germany,,False
ERP,ERP-00286,2025-11-01,Summit Vehicle Leasing,Summit Vehicle Leasing,1.0000,Business laptop 14 inch,Business laptop 14 inch,business laptop 14 inch,,IT Hardware,Laptops,0.9600,1.0000,each,each,749.4800,GBP,951.8396,951.8396,UK,source_category_missing;price_variance_review,True
ERP,ERP-00287,2025-10-17,Global Freight Partners,Global Freight Partners,1.0000,Stretch wrap roll clear,Stretch wrap roll clear,stretch wrap roll clear,Logistics > Packaging,Logistics,Packaging,0.9900,1.0000,roll,roll,18.5000,USD,18.5000,18.5000,France,,False
ERP,ERP-00288,2025-05-10,Redwood Telecom Services,Redwood Telecom Services,1.0000,Mobile voice and data plan,Mobile voice and data plan,mobile voice and data plan,Telecom > Telecom Services,Telecom,Telecom Services,0.9900,10.0000,month,month,32.9500,GBP,41.8465,418.4650,France,,False
ERP,ERP-00289,2025-10-18,Vertex Technology Ltd,Vertex Technology Ltd,1.0000,Project collaboration annual license,Project collaboration annual license,project collaboration annual license,Software & Cloud > Software Licenses,Software & Cloud,Software Licenses,0.9900,2.0000,license,license,136.6900,USD,136.6900,273.3800,United States,,False
ERP,ERP-00290,2025-01-30,Vertex Technology Ltd,Vertex Technology Ltd,1.0000,Project collaboration annual license,Project collaboration annual license,project collaboration annual license,Software & Cloud > Software Licenses,Software & Cloud,Software Licenses,0.9900,5.0000,license,license,141.1500,USD,141.1500,705.7500,Germany,,False
ERP,ERP-00291,2025-09-26,Redwood Telecom Services,Redwood Telecom Services,1.0000,HVAC preventive maintenance visit,HVAC preventive maintenance visit,hvac preventive maintenance visit,Facilities & Energy > Facilities Services,Facilities & Energy,Facilities Services,0.9600,2.0000,visit,visit,352.3300,EUR,380.5164,761.0328,Netherlands,,False
ERP,ERP-00292,2025-08-10,Orchard Maintenance Co,Orchard Maintenance Co,1.0000,Data analytics consultant,Data analytics consultant,data analytics consultant,Professional Services > Consulting,Professional Services,Consulting,0.9900,1.0000,day,day,1217.9800,EUR,1315.4184,1315.4184,France,,False
ERP,ERP-00293,2025-06-28,Apex Packaging Europe,Apex Packaging Europe,1.0000,Black toner cartridge,Black toner cartridge,black toner cartridge,Office & MRO > Office Supplies,Office & MRO,Office Supplies,0.9900,1.0000,each,each,59.5800,GBP,75.6666,75.6666,Germany,,False
ERP,ERP-00294,2025-07-10,Siemens AG,Siemens AG,1.0000,Laboratory nitrile gloves box,Laboratory nitrile gloves box,laboratory nitrile gloves box,Safety & Lab > Laboratory Supplies,Safety & Lab,Laboratory Supplies,0.9900,2.0000,box,box,16.6700,GBP,21.1709,42.3418,Ireland,,False
ERP,ERP-00295,2025-11-23,Harbor Scientific Supply,Harbor Scientific Supply,1.0000,Compact vehicle lease monthly,Compact vehicle lease monthly,compact vehicle lease monthly,Fleet > Vehicle Leasing,Fleet,Vehicle Leasing,0.9900,5.0000,month,month,448.2900,USD,448.2900,2241.4500,UK,,False
ERP,ERP-00296,2025-01-24,Cedar Consulting Group,Cedar Consulting Group,1.0000,PDF editor annual license,PDF editor annual license,pdf editor annual license,Software & Cloud > Software Licenses,Software & Cloud,Software Licenses,0.9900,1.0000,license,license,77.3000,GBP,98.1710,98.1710,Ireland,,False
ERP,ERP-00297,2025-12-05,Siemens AG,Siemens AG,1.0000,HVAC preventive maintenance visit,HVAC preventive maintenance visit,hvac preventive maintenance visit,Facilities & Energy > Facilities Services,Facilities & Energy,Facilities Services,0.9600,2.0000,visit,visit,324.1800,GBP,411.7086,823.4172,France,,False
ERP,ERP-00298,2025-04-22,Acme Industrial Supplies,Acme Industrial Supplies,1.0000,HVAC preventive maintenance visit,HVAC preventive maintenance visit,hvac preventive maintenance visit,Facilities & Energy > Facilities Services,Facilities & Energy,Facilities Services,0.9600,2.0000,visit,visit,382.2700,EUR,412.8516,825.7032,Ireland,,False
ERP,ERP-00299,2025-01-16,Acme Industrial Supplies,Acme Industrial Supplies,1.0000,PDF editor annual license,PDF editor annual license,pdf editor annual license,Software & Cloud > Software Licenses,Software & Cloud,Software Licenses,0.9900,10.0000,license,license,83.7600,EUR,90.4608,904.6080,France,,False
ERP,ERP-00300,2025-08-21,REDWOOD,Redwood Telecom Services,1.0000,Cloud storage monthly subscription,Cloud storage monthly subscription,cloud storage monthly subscription,Software & Cloud > Cloud Services,Software & Cloud,Cloud Services,0.9900,10.0000,month,month,316.1000,USD,316.1000,3161.0000,UK,,False
ERP,ERP-00301,2025-12-12,Pinnacle Safety Equipment,Pinnacle Safety Equipment,1.0000,Cloud compute usage,Cloud compute usage,cloud compute usage,Software & Cloud > Cloud Services,Software & Cloud,Cloud Services,0.9900,2.0000,hour,hour,3.6700,GBP,4.6609,9.3218,United States,,False
ERP,ERP-00302,2025-05-03,Northstar Office Products,Northstar Office Products,1.0000,USB-C headset,USB-C headset,usb c headset,IT Hardware > Peripherals,IT Hardware,Peripherals,0.9900,10.0000,each,each,75.8400,EUR,81.9072,819.0720,Germany,,False
ERP,ERP-00303,2025-11-03,ACME,Acme Industrial Supplies,1.0000,Protective safety glasses,Protective safety glasses,protective safety glasses,Safety & Lab > Personal Protective Equipment,Safety & Lab,Personal Protective Equipment,0.9900,3.0000,each,each,11.8600,USD,11.8600,35.5800,Netherlands,,False
ERP,ERP-00304,2025-07-19,Pinnacle Safety Equipment,Pinnacle Safety Equipment,1.0000,Process improvement consultant,Process improvement consultant,process improvement consultant,Professional Services > Consulting,Professional Services,Consulting,0.9900,10.0000,day,day,856.7100,GBP,1088.0217,10880.2170,Ireland,,False
ERP,ERP-00305,2025-05-07,Acme Industrial Supplies,Acme Industrial Supplies,1.0000,USB-C adapter multiport,USB-C adapter multiport,usb c adapter multiport,IT Hardware > Peripherals,IT Hardware,Peripherals,0.9900,1.0000,each,each,38.0800,EUR,41.1264,41.1264,United States,,False
ERP,ERP-00306,2025-10-11,Apex Packaging Europe,Apex Packaging Europe,1.0000,USB-C headset,USB-C headset,usb c headset,IT Hardware > Peripherals,IT Hardware,Peripherals,0.9900,10.0000,each,each,64.6900,GBP,82.1563,821.5630,UK,,False
ERP,ERP-00307,2025-11-26,Pinnacle Safety Equipment,Pinnacle Safety Equipment,1.0000,A4 copy paper case 5 reams,A4 copy paper case 5 reams,a4 copy paper case 5 reams,Office & MRO > Office Supplies,Office & MRO,Office Supplies,0.9900,2.0000,case,case,29.7200,EUR,32.0976,64.1952,United States,,False
ERP,ERP-00308,2025-03-20,Bluebird Facilities Group,Bluebird Facilities Group,1.0000,Cloud storage monthly subscription,Cloud storage monthly subscription,cloud storage monthly subscription,Software & Cloud > Cloud Services,Software & Cloud,Cloud Services,0.9900,1.0000,month,month,289.0600,EUR,312.1848,312.1848,UK,,False
ERP,ERP-00309,2025-08-21,Siemens AG,Siemens AG,1.0000,Compact vehicle lease monthly,Compact vehicle lease monthly,compact vehicle lease monthly,Fleet > Vehicle Leasing,Fleet,Vehicle Leasing,0.9900,3.0000,month,month,450.0800,USD,450.0800,1350.2400,Germany,,False
ERP,ERP-00310,2025-02-15,Apex Packaging Europe,Apex Packaging Europe,1.0000,Business broadband connection,Business broadband connection,business broadband connection,Telecom > Telecom Services,Telecom,Telecom Services,0.9900,1.0000,month,month,86.6000,USD,86.6000,86.6000,Ireland,,False
ERP,ERP-00311,2025-12-31,Vertex Technology Ltd,Vertex Technology Ltd,1.0000,A4 copy paper case 5 reams,A4 copy paper case 5 reams,a4 copy paper case 5 reams,Office & MRO > Office Supplies,Office & MRO,Office Supplies,0.9900,1.0000,case,case,23.0300,GBP,29.2481,29.2481,Ireland,,False
ERP,ERP-00312,2025-10-05,Northstar Office Products,Northstar Office Products,1.0000,USB-C adapter multiport,USB-C adapter multiport,usb c adapter multiport,IT Hardware > Peripherals,IT Hardware,Peripherals,0.9900,1.0000,each,each,37.5700,EUR,40.5756,40.5756,France,,False
ERP,ERP-00313,2025-05-25,Acme Industrial Supplies,Acme Industrial Supplies,1.0000,Stretch wrap roll clear,Stretch wrap roll clear,stretch wrap roll clear,Logistics > Packaging,Logistics,Packaging,0.9900,1.0000,roll,roll,17.9100,EUR,19.3428,19.3428,UK,,False
ERP,ERP-00314,2025-07-12,Bluebird Facilities Group,Bluebird Facilities Group,1.0000,Project collaboration annual license,Project collaboration annual license,project collaboration annual license,Software & Cloud > Software Licenses,Software & Cloud,Software Licenses,0.9900,10.0000,license,license,122.3900,EUR,132.1812,1321.8120,Netherlands,,False
ERP,ERP-00315,2025-12-31,Acme Industrial Supplies,Acme Industrial Supplies,1.0000,Monitor 27 inch QHD,Monitor 27 inch QHD,monitor 27 inch qhd,IT Hardware > Displays,IT Hardware,Displays,0.9900,1.0000,each,each,192.0900,GBP,243.9543,243.9543,Netherlands,,False
ERP,ERP-00316,2025-09-09,Apex Packaging Europe,Apex Packaging Europe,1.0000,Corrugated shipping box medium,Corrugated shipping box medium,corrugated shipping box medium,Logistics > Packaging,Logistics,Packaging,0.9900,3.0000,box,box,1.0700,GBP,1.3589,4.0767,Germany,,False
ERP,ERP-00317,2025-09-26,Meridian Energy Services,Meridian Energy Services,1.0000,Electricity supply usage,Electricity supply usage,electricity supply usage,Facilities & Energy > Energy,Facilities & Energy,Energy,0.9900,3.0000,MWh,mwh,132.8600,USD,132.8600,398.5800,Ireland,,False
ERP,ERP-00318,2025-02-01,Meridian Energy Services,Meridian Energy Services,1.0000,Wireless keyboard and mouse set,Wireless keyboard and mouse set,wireless keyboard and mouse set,IT Hardware > Peripherals,IT Hardware,Peripherals,0.9900,5.0000,each,each,46.8600,EUR,50.6088,253.0440,Ireland,,False
ERP,ERP-00319,2025-09-25,Bluebird Facilities Group,Bluebird Facilities Group,1.0000,Business laptop 14 inch,Business laptop 14 inch,business laptop 14 inch,IT Hardware > Laptops,IT Hardware,Laptops,0.9900,1.0000,each,each,695.8800,GBP,883.7676,883.7676,United States,price_variance_review,True
ERP,ERP-00320,2025-11-16,Northstar Office Products,Northstar Office Products,1.0000,Mobile voice and data plan,Mobile voice and data plan,mobile voice and data plan,Telecom > Telecom Services,Telecom,Telecom Services,0.9900,3.0000,month,month,38.6500,EUR,41.7420,125.2260,UK,,False
ERP,ERP-00321,2025-11-20,Global Freight Partners,Global Freight Partners,1.0000,Protective safety glasses,Protective safety glasses,protective safety glasses,Safety & Lab > Personal Protective Equipment,Safety & Lab,Personal Protective Equipment,0.9900,1.0000,each,each,11.9500,USD,11.9500,11.9500,Germany,,False
ERP,ERP-00322,2025-09-15,Redwood Telecom Services,Redwood Telecom Services,1.0000,Electric van lease monthly,Electric van lease monthly,electric van lease monthly,Fleet > Vehicle Leasing,Fleet,Vehicle Leasing,0.9900,3.0000,month,month,612.9000,GBP,778.3830,2335.1490,France,,False
ERP,ERP-00323,2025-11-21,Cedar Consulting Group,Cedar Consulting Group,1.0000,Mobile voice and data plan,Mobile voice and data plan,mobile voice and data plan,Telecom > Telecom Services,Telecom,Telecom Services,0.9900,3.0000,month,month,45.9800,USD,45.9800,137.9400,United States,,False
ERP,ERP-00324,2025-09-25,Global Freight Partners,Global Freight Partners,1.0000,Wireless keyboard and mouse set,Wireless keyboard and mouse set,wireless keyboard and mouse set,IT Hardware > Peripherals,IT Hardware,Peripherals,0.9900,10.0000,each,each,36.0600,GBP,45.7962,457.9620,Ireland,,False
ERP,ERP-00325,2025-01-05,Summit Leasing,Summit Vehicle Leasing,1.0000,Wireless keyboard and mouse set,Wireless keyboard and mouse set,wireless keyboard and mouse set,IT Hardware > Peripherals,IT Hardware,Peripherals,0.9900,5.0000,each,each,40.0000,GBP,50.8000,254.0000,France,,False
ERP,ERP-00326,2025-04-21,Cedar Consulting Group,Cedar Consulting Group,1.0000,USB-C headset,USB-C headset,usb c headset,,IT Hardware,Peripherals,0.9600,2.0000,each,each,81.9300,USD,81.9300,163.8600,United States,source_category_missing,True
ERP,ERP-00327,2025-05-28,Northstar Office Products,Northstar Office Products,1.0000,Pallet freight delivery,Pallet freight delivery,pallet freight delivery,Logistics > Freight Services,Logistics,Freight Services,0.9900,1.0000,shipment,shipment,170.8600,EUR,184.5288,184.5288,Netherlands,,False
ERP,ERP-00328,2025-07-22,Bluebird Facilities Group,Bluebird Facilities Group,1.0000,Office cleaning monthly service,Office cleaning monthly service,office cleaning monthly service,Facilities & Energy > Facilities Services,Facilities & Energy,Facilities Services,0.9600,3.0000,month,month,1180.6600,EUR,1275.1128,3825.3384,UK,,False
ERP,ERP-00329,2025-04-23,Apex Packaging Europe,Apex Packaging Europe,1.0000,Cloud compute usage,Cloud compute usage,cloud compute usage,Software & Cloud > Cloud Services,Software & Cloud,Cloud Services,0.9900,5.0000,hour,hour,3.9900,GBP,5.0673,25.3365,Ireland,,False
ERP,ERP-00330,2025-03-10,ACME Ind.,Acme Industrial Supplies,1.0000,Compact vehicle lease monthly,Compact vehicle lease monthly,compact vehicle lease monthly,Fleet > Vehicle Leasing,Fleet,Vehicle Leasing,0.9900,1.0000,month,month,426.4500,EUR,460.5660,460.5660,France,,False
ERP,ERP-00331,2025-07-05,Bluebird Facilities Group,Bluebird Facilities Group,1.0000,Nitrile safety gloves box,Nitrile safety gloves box,nitrile safety gloves box,Office & MRO > Maintenance Supplies,Office & MRO,Maintenance Supplies,0.9900,1.0000,box,box,14.8900,GBP,18.9103,18.9103,Netherlands,,False
ERP,ERP-00332,2025-05-22,Global Freight Partners,Global Freight Partners,1.0000,Process improvement consultant,Process improvement consultant,process improvement consultant,Professional Services > Consulting,Professional Services,Consulting,0.9900,1.0000,day,day,1151.4700,USD,1151.4700,1151.4700,France,,False
ERP,ERP-00333,2025-09-01,Pinnacle Safety Equipment,Pinnacle Safety Equipment,1.0000,Laboratory nitrile gloves box,Laboratory nitrile gloves box,laboratory nitrile gloves box,Safety & Lab > Laboratory Supplies,Safety & Lab,Laboratory Supplies,0.9900,10.0000,box,box,18.5700,EUR,20.0556,200.5560,France,,False
ERP,ERP-00334,2025-12-21,Apex Packaging Europe,Apex Packaging Europe,1.0000,Industrial air filter medium,Industrial air filter medium,industrial air filter medium,Office & MRO > Maintenance Supplies,Office & MRO,Maintenance Supplies,0.9900,1.0000,each,each,42.3200,USD,42.3200,42.3200,France,,False
ERP,ERP-00335,2025-09-29,Siemens AG,Siemens AG,1.0000,Business laptop 14 inch,Business laptop 14 inch,business laptop 14 inch,IT Hardware > Laptops,IT Hardware,Laptops,0.9900,1.0000,each,each,882.3400,EUR,952.9272,952.9272,Netherlands,price_variance_review,True
ERP,ERP-00336,2025-11-09,Siem. AG,Siemens AG,1.0000,Laboratory nitrile gloves box,Laboratory nitrile gloves box,laboratory nitrile gloves box,Safety & Lab > Laboratory Supplies,Safety & Lab,Laboratory Supplies,0.9900,5.0000,box,box,20.5400,USD,20.5400,102.7000,France,,False
ERP,ERP-00337,2025-01-23,Orchard Maintenance Co,Orchard Maintenance Co,1.0000,USB-C headset,USB-C headset,usb c headset,IT Hardware > Peripherals,IT Hardware,Peripherals,0.9900,3.0000,each,each,73.0500,EUR,78.8940,236.6820,UK,,False
ERP,ERP-00338,2025-09-07,Redwood Telco,Redwood Telecom Services,1.0000,A4 copy paper case 5 reams,A4 copy paper case 5 reams,a4 copy paper case 5 reams,Office & MRO > Office Supplies,Office & MRO,Office Supplies,0.9900,1.0000,case,case,23.7300,GBP,30.1371,30.1371,France,,False
ERP,ERP-00339,2025-11-04,CEDAR CG,Cedar Consulting Group,1.0000,Office cleaning monthly service,Office cleaning monthly service,office cleaning monthly service,Facilities & Energy > Facilities Services,Facilities & Energy,Facilities Services,0.9600,10.0000,month,month,1179.9400,EUR,1274.3352,12743.3520,France,,False
ERP,ERP-00340,2025-06-28,Cedar Consulting Group,Cedar Consulting Group,1.0000,Industrial air filter medium,Industrial air filter medium,industrial air filter medium,Office & MRO > Maintenance Supplies,Office & MRO,Maintenance Supplies,0.9900,1.0000,each,each,40.8400,USD,40.8400,40.8400,Netherlands,,False
ERP,ERP-00341,2025-03-13,North Star Office,Northstar Office Products,1.0000,Process improvement consultant,Process improvement consultant,process improvement consultant,Professional Services > Consulting,Professional Services,Consulting,0.9900,2.0000,day,day,1128.5700,USD,1128.5700,2257.1400,Ireland,,False
ERP,ERP-00342,2025-12-30,Harbor Scientific Supply,Harbor Scientific Supply,1.0000,Mobile voice and data plan,Mobile voice and data plan,mobile voice and data plan,Telecom > Telecom Services,Telecom,Telecom Services,0.9900,3.0000,month,month,33.9200,GBP,43.0784,129.2352,France,,False
ERP,ERP-00343,2025-05-15,Pinnacle Equip.,Pinnacle Safety Equipment,1.0000,Business broadband connection,Business broadband connection,business broadband connection,Telecom > Telecom Services,Telecom,Telecom Services,0.9900,5.0000,month,month,78.8300,EUR,85.1364,425.6820,Ireland,,False
ERP,ERP-00344,2025-09-13,HSS,Harbor Scientific Supply,1.0000,Protective safety glasses,Protective safety glasses,protective safety glasses,Safety & Lab > Personal Protective Equipment,Safety & Lab,Personal Protective Equipment,0.9900,10.0000,each,each,9.8100,GBP,12.4587,124.5870,UK,,False
ERP,ERP-00345,2025-02-28,Orchard Maintenance Co,Orchard Maintenance Co,1.0000,Nitrile safety gloves box,Nitrile safety gloves box,nitrile safety gloves box,Office & MRO > Maintenance Supplies,Office & MRO,Maintenance Supplies,0.9900,5.0000,box,box,18.0700,USD,18.0700,90.3500,France,,False
ERP,ERP-00346,2025-03-05,Pinnacle Safety Equipment,Pinnacle Safety Equipment,1.0000,Electricity supply usage,Electricity supply usage,electricity supply usage,Facilities & Energy > Energy,Facilities & Energy,Energy,0.9900,3.0000,MWh,mwh,129.4100,USD,129.4100,388.2300,France,,False
ERP,ERP-00347,2025-04-15,Pinnacle Safety Equipment,Pinnacle Safety Equipment,1.0000,USB-C headset,USB-C headset,usb c headset,,IT Hardware,Peripherals,0.9600,5.0000,each,each,75.1400,EUR,81.1512,405.7560,France,source_category_missing,True
ERP,ERP-00348,2025-06-02,Bluebird Facilities Group,Bluebird Facilities Group,1.0000,USB-C headset,USB-C headset,usb c headset,IT Hardware > Peripherals,IT Hardware,Peripherals,0.9900,1.0000,each,each,79.1300,EUR,85.4604,85.4604,Netherlands,,False
ERP,ERP-00349,2025-11-24,Summit Vehicle Leasing,Summit Vehicle Leasing,1.0000,Data analytics consultant,Data analytics consultant,data analytics consultant,Professional Services > Consulting,Professional Services,Consulting,0.9900,1.0000,day,day,1283.0700,USD,1283.0700,1283.0700,Germany,,False
ERP,ERP-00350,2025-04-19,Vertex Technology Ltd,Vertex Technology Ltd,1.0000,Cloud compute usage,Cloud compute usage,cloud compute usage,Software & Cloud > Cloud Services,Software & Cloud,Cloud Services,0.9900,2.0000,hour,hour,3.7800,GBP,4.8006,9.6012,Netherlands,,False
ERP,ERP-00351,2025-02-15,Meridian Energy Services,Meridian Energy Services,1.0000,Wireless keyboard and mouse set,Wireless keyboard and mouse set,wireless keyboard and mouse set,IT Hardware > Peripherals,IT Hardware,Peripherals,0.9900,1.0000,each,each,39.6100,GBP,50.3047,50.3047,France,,False
ERP,ERP-00352,2025-11-09,Summit Vehicle Leasing,Summit Vehicle Leasing,1.0000,Business broadband connection,Business broadband connection,business broadband connection,Telecom > Telecom Services,Telecom,Telecom Services,0.9900,3.0000,month,month,80.4400,EUR,86.8752,260.6256,France,,False
ERP,ERP-00353,2025-11-22,Cedar Consulting Group,Cedar Consulting Group,1.0000,Electric van lease monthly,Electric van lease monthly,electric van lease monthly,Fleet > Vehicle Leasing,Fleet,Vehicle Leasing,0.9900,1.0000,month,month,621.8600,GBP,789.7622,789.7622,Germany,,False
ERP,ERP-00354,2025-11-13,Pinnacle Safety,Pinnacle Safety Equipment,1.0000,Cloud storage monthly subscription,Cloud storage monthly subscription,cloud storage monthly subscription,Software & Cloud > Cloud Services,Software & Cloud,Cloud Services,0.9900,1.0000,month,month,322.9100,USD,322.9100,322.9100,UK,,False
ERP,ERP-00355,2025-10-12,Meridian Energy Services,Meridian Energy Services,1.0000,Business broadband connection,Business broadband connection,business broadband connection,Telecom > Telecom Services,Telecom,Telecom Services,0.9900,10.0000,month,month,76.7300,EUR,82.8684,828.6840,United States,,False
ERP,ERP-00356,2025-03-10,Summit Vehicle Leasing,Summit Vehicle Leasing,1.0000,Electricity supply usage,Electricity supply usage,electricity supply usage,Facilities & Energy > Energy,Facilities & Energy,Energy,0.9900,1.0000,MWh,mwh,129.4400,USD,129.4400,129.4400,Germany,,False
ERP,ERP-00357,2025-10-06,Vertex Technology Ltd,Vertex Technology Ltd,1.0000,Wireless keyboard and mouse set,Wireless keyboard and mouse set,wireless keyboard and mouse set,IT Hardware > Peripherals,IT Hardware,Peripherals,0.9900,1.0000,each,each,43.1200,EUR,46.5696,46.5696,Ireland,,False
ERP,ERP-00358,2025-12-25,Global Freight Partners,Global Freight Partners,1.0000,Business broadband connection,Business broadband connection,business broadband connection,Telecom > Telecom Services,Telecom,Telecom Services,0.9900,2.0000,month,month,82.7900,EUR,89.4132,178.8264,Ireland,,False
ERP,ERP-00359,2025-03-29,Global Freight Partners,Global Freight Partners,1.0000,PDF editor annual license,PDF editor annual license,pdf editor annual license,Software & Cloud > Software Licenses,Software & Cloud,Software Licenses,0.9900,1.0000,license,license,92.4400,EUR,99.8352,99.8352,France,,False
ERP,ERP-00360,2025-11-20,Apex Packaging Europe,Apex Packaging Europe,1.0000,Domestic parcel delivery,Domestic parcel delivery,domestic parcel delivery,Logistics > Freight Services,Logistics,Freight Services,0.9900,1.0000,shipment,shipment,26.4500,EUR,28.5660,28.5660,Germany,,False
ERP,ERP-00361,2025-10-18,Cedar Consulting Group,Cedar Consulting Group,1.0000,Office cleaning monthly service,Office cleaning monthly service,office cleaning monthly service,Facilities & Energy > Facilities Services,Facilities & Energy,Facilities Services,0.9600,2.0000,month,month,1150.0800,EUR,1242.0864,2484.1728,United States,,False
ERP,ERP-00362,2025-12-25,Harbor Scientific Supply,Harbor Scientific Supply,1.0000,A4 copy paper case 5 reams,A4 copy paper case 5 reams,a4 copy paper case 5 reams,Office & MRO > Office Supplies,Office & MRO,Office Supplies,0.9900,1.0000,case,case,24.6000,GBP,31.2420,31.2420,UK,,False
ERP,ERP-00363,2025-04-25,Cedar Consulting Group,Cedar Consulting Group,1.0000,Data analytics consultant,Data analytics consultant,data analytics consultant,Professional Services > Consulting,Professional Services,Consulting,0.9900,2.0000,day,day,1330.2000,USD,1330.2000,2660.4000,Ireland,,False
ERP,ERP-00364,2025-05-30,Siemens AG,Siemens AG,1.0000,HVAC preventive maintenance visit,HVAC preventive maintenance visit,hvac preventive maintenance visit,Facilities & Energy > Facilities Services,Facilities & Energy,Facilities Services,0.9600,1.0000,visit,visit,319.9700,GBP,406.3619,406.3619,Germany,,False
ERP,ERP-00365,2025-09-02,Meridian Energy Services,Meridian Energy Services,1.0000,Electricity supply usage,Electricity supply usage,electricity supply usage,Facilities & Energy > Energy,Facilities & Energy,Energy,0.9900,1.0000,MWh,mwh,99.5600,GBP,126.4412,126.4412,Germany,,False
ERP,ERP-00366,2025-09-27,Meridian Energy Services,Meridian Energy Services,1.0000,Data analytics consultant,Data analytics consultant,data analytics consultant,Professional Services > Consulting,Professional Services,Consulting,0.9900,10.0000,day,day,1225.9800,EUR,1324.0584,13240.5840,Ireland,,False
ERP,ERP-00367,2025-11-26,Summit Vehicle Leasing,Summit Vehicle Leasing,1.0000,PDF editor annual license,PDF editor annual license,pdf editor annual license,,Software & Cloud,Software Licenses,0.9600,10.0000,license,license,89.0700,EUR,96.1956,961.9560,UK,source_category_missing,True
ERP,ERP-00368,2025-10-29,Vertex Technology Ltd,Vertex Technology Ltd,1.0000,Domestic parcel delivery,Domestic parcel delivery,domestic parcel delivery,Logistics > Freight Services,Logistics,Freight Services,0.9900,1.0000,shipment,shipment,26.9200,EUR,29.0736,29.0736,Ireland,,False
ERP,ERP-00369,2025-11-22,Apex Packaging Europe,Apex Packaging Europe,1.0000,Pallet freight delivery,Pallet freight delivery,pallet freight delivery,Logistics > Freight Services,Logistics,Freight Services,0.9900,5.0000,shipment,shipment,188.7100,USD,188.7100,943.5500,France,,False
ERP,ERP-00370,2025-11-21,Vertex Technology Ltd,Vertex Technology Ltd,1.0000,Industrial air filter medium,Industrial air filter medium,industrial air filter medium,Office & MRO > Maintenance Supplies,Office & MRO,Maintenance Supplies,0.9900,1.0000,each,each,41.1500,USD,41.1500,41.1500,France,,False
ERP,ERP-00371,2025-08-21,Cedar Consulting Group,Cedar Consulting Group,1.0000,Electricity supply usage,Electricity supply usage,electricity supply usage,Facilities & Energy > Energy,Facilities & Energy,Energy,0.9900,3.0000,MWh,mwh,132.5300,USD,132.5300,397.5900,United States,,False
ERP,ERP-00372,2025-05-11,Vertex Technology Ltd,Vertex Technology Ltd,1.0000,Pallet freight delivery,Pallet freight delivery,pallet freight delivery,Logistics > Freight Services,Logistics,Freight Services,0.9900,5.0000,shipment,shipment,177.1200,EUR,191.2896,956.4480,Netherlands,,False
ERP,ERP-00373,2025-11-14,Cedar Consulting Group,Cedar Consulting Group,1.0000,USB-C headset,USB-C headset,usb c headset,IT Hardware > Peripherals,IT Hardware,Peripherals,0.9900,3.0000,each,each,82.4400,USD,82.4400,247.3200,UK,,False
ERP,ERP-00374,2025-09-17,Global Freight Partners,Global Freight Partners,1.0000,Electric van lease monthly,Electric van lease monthly,electric van lease monthly,Fleet > Vehicle Leasing,Fleet,Vehicle Leasing,0.9900,3.0000,month,month,752.6700,USD,752.6700,2258.0100,France,,False
ERP,ERP-00375,2025-10-06,Apex Packaging Europe,Apex Packaging Europe,1.0000,Pallet freight delivery,Pallet freight delivery,pallet freight delivery,Logistics > Freight Services,Logistics,Freight Services,0.9900,3.0000,shipment,shipment,180.2900,EUR,194.7132,584.1396,France,,False
ERP,ERP-00376,2025-03-01,Pinnacle Safety Equipment,Pinnacle Safety Equipment,1.0000,Business broadband connection,Business broadband connection,business broadband connection,Telecom > Telecom Services,Telecom,Telecom Services,0.9900,1.0000,month,month,84.2700,EUR,91.0116,91.0116,Germany,,False
ERP,ERP-00377,2025-12-25,Redwood Telecom Services,Redwood Telecom Services,1.0000,Whiteboard marker pack 12,Whiteboard marker pack 12,whiteboard marker pack 12,Office & MRO > Office Supplies,Office & MRO,Office Supplies,0.9900,10.0000,pack,pack,11.2600,GBP,14.3002,143.0020,UK,,False
ERP,ERP-00378,2025-01-15,Apex Packaging Europe,Apex Packaging Europe,1.0000,Cloud storage monthly subscription,Cloud storage monthly subscription,cloud storage monthly subscription,Software & Cloud > Cloud Services,Software & Cloud,Cloud Services,0.9900,10.0000,month,month,295.9200,EUR,319.5936,3195.9360,Netherlands,,False
ERP,ERP-00379,2025-07-17,Bluebird Facilities Group,Bluebird Facilities Group,1.0000,Domestic parcel delivery,Domestic parcel delivery,domestic parcel delivery,Logistics > Freight Services,Logistics,Freight Services,0.9900,1.0000,shipment,shipment,27.6000,USD,27.6000,27.6000,UK,,False
ERP,ERP-00380,2025-01-19,Redwood Telecom Services,Redwood Telecom Services,1.0000,Business broadband connection,Business broadband connection,business broadband connection,Telecom > Telecom Services,Telecom,Telecom Services,0.9900,1.0000,month,month,70.8600,GBP,89.9922,89.9922,Germany,,False
ERP,ERP-00381,2025-07-24,Vertex Technology Ltd,Vertex Technology Ltd,1.0000,Laptop dock USB-C,Laptop dock USB-C,laptop dock usb c,IT Hardware > Laptops,IT Hardware,Laptops,0.9900,1.0000,each,each,138.9800,GBP,176.5046,176.5046,Ireland,,False
ERP,ERP-00382,2025-04-30,BLUEBIRD,Bluebird Facilities Group,1.0000,Laptop dock USB-C,Laptop dock USB-C,laptop dock usb c,IT Hardware > Laptops,IT Hardware,Laptops,0.9900,1.0000,each,each,165.1900,USD,165.1900,165.1900,Ireland,,False
ERP,ERP-00383,2025-05-12,Orchard Maintenance Co,Orchard Maintenance Co,1.0000,Protective safety glasses,Protective safety glasses,protective safety glasses,Safety & Lab > Personal Protective Equipment,Safety & Lab,Personal Protective Equipment,0.9900,3.0000,each,each,12.2800,USD,12.2800,36.8400,Ireland,,False
ERP,ERP-00384,2025-11-01,ACME Ind.,Acme Industrial Supplies,1.0000,Wireless keyboard and mouse set,Wireless keyboard and mouse set,wireless keyboard and mouse set,IT Hardware > Peripherals,IT Hardware,Peripherals,0.9900,3.0000,each,each,44.5400,EUR,48.1032,144.3096,Netherlands,,False
ERP,ERP-00385,2025-08-26,Meridian Energy Services,Meridian Energy Services,1.0000,Project collaboration annual license,Project collaboration annual license,project collaboration annual license,Software & Cloud > Software Licenses,Software & Cloud,Software Licenses,0.9900,1.0000,license,license,134.4600,EUR,145.2168,145.2168,United States,,False
ERP,ERP-00386,2025-11-25,Summit Vehicle Leasing,Summit Vehicle Leasing,1.0000,Electricity supply usage,Electricity supply usage,electricity supply usage,Facilities & Energy > Energy,Facilities & Energy,Energy,0.9900,5.0000,MWh,mwh,136.7700,USD,136.7700,683.8500,Netherlands,,False
ERP,ERP-00387,2025-08-24,Global Freight Partners,Global Freight Partners,1.0000,HVAC preventive maintenance visit,HVAC preventive maintenance visit,hvac preventive maintenance visit,Facilities & Energy > Facilities Services,Facilities & Energy,Facilities Services,0.9600,1.0000,visit,visit,348.7500,EUR,376.6500,376.6500,France,,False
ERP,ERP-00388,2025-03-01,Vertex Tech,Vertex Technology Ltd,1.0000,Wireless keyboard and mouse set,Wireless keyboard and mouse set,wireless keyboard and mouse set,,IT Hardware,Peripherals,0.9600,10.0000,each,each,35.6500,GBP,45.2755,452.7550,Germany,source_category_missing,True
ERP,ERP-00389,2025-07-21,Summit Vehicle Leasing,Summit Vehicle Leasing,1.0000,Cloud compute usage,Cloud compute usage,cloud compute usage,Software & Cloud > Cloud Services,Software & Cloud,Cloud Services,0.9900,1.0000,hour,hour,4.8900,USD,4.8900,4.8900,Germany,,False
ERP,ERP-00390,2025-07-31,REDWOOD,Redwood Telecom Services,1.0000,HVAC preventive maintenance visit,HVAC preventive maintenance visit,hvac preventive maintenance visit,Facilities & Energy > Facilities Services,Facilities & Energy,Facilities Services,0.9600,3.0000,visit,visit,404.0900,USD,404.0900,1212.2700,UK,,False
ERP,ERP-00391,2025-08-21,Cedar Consulting Group,Cedar Consulting Group,1.0000,Pallet freight delivery,Pallet freight delivery,pallet freight delivery,Logistics > Freight Services,Logistics,Freight Services,0.9900,5.0000,shipment,shipment,178.9300,USD,178.9300,894.6500,United States,,False
ERP,ERP-00392,2025-10-20,Redwood Telecom Services,Redwood Telecom Services,1.0000,HVAC preventive maintenance visit,HVAC preventive maintenance visit,hvac preventive maintenance visit,Facilities & Energy > Facilities Services,Facilities & Energy,Facilities Services,0.9600,5.0000,visit,visit,301.9700,GBP,383.5019,1917.5095,Ireland,,False
ERP,ERP-00393,2025-09-19,Acme Industrial Supplies,Acme Industrial Supplies,1.0000,Laboratory nitrile gloves box,Laboratory nitrile gloves box,laboratory nitrile gloves box,Safety & Lab > Laboratory Supplies,Safety & Lab,Laboratory Supplies,0.9900,3.0000,box,box,21.4400,USD,21.4400,64.3200,Netherlands,,False
ERP,ERP-00394,2025-08-24,Redwood Telecom Services,Redwood Telecom Services,1.0000,PDF editor annual license,PDF editor annual license,pdf editor annual license,Software & Cloud > Software Licenses,Software & Cloud,Software Licenses,0.9900,1.0000,license,license,98.6900,USD,98.6900,98.6900,UK,,False
ERP,ERP-00395,2025-09-22,Northstar Office Products,Northstar Office Products,1.0000,Whiteboard marker pack 12,Whiteboard marker pack 12,whiteboard marker pack 12,Office & MRO > Office Supplies,Office & MRO,Office Supplies,0.9900,2.0000,pack,pack,13.5800,USD,13.5800,27.1600,Ireland,,False
ERP,ERP-00396,2025-10-01,Global Freight Partners,Global Freight Partners,1.0000,HVAC preventive maintenance visit,HVAC preventive maintenance visit,hvac preventive maintenance visit,Facilities & Energy > Facilities Services,Facilities & Energy,Facilities Services,0.9600,5.0000,visit,visit,318.8900,GBP,404.9903,2024.9515,France,,False
ERP,ERP-00397,2025-01-13,Redwood Telecom Services,Redwood Telecom Services,1.0000,Protective safety glasses,Protective safety glasses,protective safety glasses,,Safety & Lab,Personal Protective Equipment,0.9600,5.0000,each,each,9.1700,GBP,11.6459,58.2295,United States,source_category_missing,True
ERP,ERP-00398,2025-12-06,Apex Packaging Europe,Apex Packaging Europe,1.0000,HVAC preventive maintenance visit,HVAC preventive maintenance visit,hvac preventive maintenance visit,Facilities & Energy > Facilities Services,Facilities & Energy,Facilities Services,0.9600,10.0000,visit,visit,348.6200,EUR,376.5096,3765.0960,Germany,,False
ERP,ERP-00399,2025-07-14,Global Freight Partners,Global Freight Partners,1.0000,Laptop dock USB-C,Laptop dock USB-C,laptop dock usb c,IT Hardware > Laptops,IT Hardware,Laptops,0.9900,2.0000,each,each,164.6300,EUR,177.8004,355.6008,Germany,,False
ERP,ERP-00400,2025-10-20,Apex Packaging Europe,Apex Packaging Europe,1.0000,Wireless keyboard and mouse set,Wireless keyboard and mouse set,wireless keyboard and mouse set,IT Hardware > Peripherals,IT Hardware,Peripherals,0.9900,5.0000,each,each,41.8500,EUR,45.1980,225.9900,United States,,False
ERP,ERP-00401,2025-02-09,Harbor Scientific Supply,Harbor Scientific Supply,1.0000,Wireless keyboard and mouse set,Wireless keyboard and mouse set,wireless keyboard and mouse set,IT Hardware > Peripherals,IT Hardware,Peripherals,0.9900,2.0000,each,each,47.9500,USD,47.9500,95.9000,UK,,False
ERP,ERP-00402,2025-01-02,Acme Industrial Supplies,Acme Industrial Supplies,1.0000,Monitor 27 inch QHD,Monitor 27 inch QHD,monitor 27 inch qhd,IT Hardware > Displays,IT Hardware,Displays,0.9900,2.0000,each,each,199.4700,GBP,253.3269,506.6538,Ireland,,False
ERP,ERP-00403,2025-03-04,Apex Packaging Europe,Apex Packaging Europe,1.0000,Nitrile safety gloves box,Nitrile safety gloves box,nitrile safety gloves box,Office & MRO > Maintenance Supplies,Office & MRO,Maintenance Supplies,0.9900,2.0000,box,box,14.4700,GBP,18.3769,36.7538,UK,,False
ERP,ERP-00404,2025-07-07,Northstar Office Products,Northstar Office Products,1.0000,Stretch wrap roll clear,Stretch wrap roll clear,stretch wrap roll clear,Logistics > Packaging,Logistics,Packaging,0.9900,1.0000,roll,roll,19.5600,USD,19.5600,19.5600,Netherlands,,False
ERP,ERP-00405,2025-03-28,Meridian Energy,Meridian Energy Services,1.0000,Nitrile safety gloves box,Nitrile safety gloves box,nitrile safety gloves box,Office & MRO > Maintenance Supplies,Office & MRO,Maintenance Supplies,0.9900,1.0000,box,box,13.8000,GBP,17.5260,17.5260,UK,,False
ERP,ERP-00406,2025-01-15,Harbor Scientific Supply,Harbor Scientific Supply,1.0000,Corrugated shipping box medium,Corrugated shipping box medium,corrugated shipping box medium,Logistics > Packaging,Logistics,Packaging,0.9900,2.0000,box,box,1.2700,EUR,1.3716,2.7432,United States,,False
ERP,ERP-00407,2025-03-16,Siemens AG,Siemens AG,1.0000,Laboratory nitrile gloves box,Laboratory nitrile gloves box,laboratory nitrile gloves box,Safety & Lab > Laboratory Supplies,Safety & Lab,Laboratory Supplies,0.9900,3.0000,box,box,18.3900,EUR,19.8612,59.5836,Ireland,,False
ERP,ERP-00408,2025-05-14,Acme Industrial Supplies,Acme Industrial Supplies,1.0000,Compact vehicle lease monthly,Compact vehicle lease monthly,compact vehicle lease monthly,Fleet > Vehicle Leasing,Fleet,Vehicle Leasing,0.9900,3.0000,month,month,432.2900,EUR,466.8732,1400.6196,Netherlands,,False
ERP,ERP-00409,2025-01-03,Pinnacle Safety,Pinnacle Safety Equipment,1.0000,Wireless keyboard and mouse set,Wireless keyboard and mouse set,wireless keyboard and mouse set,IT Hardware > Peripherals,IT Hardware,Peripherals,0.9900,1.0000,each,each,39.5800,GBP,50.2666,50.2666,United States,,False
ERP,ERP-00410,2025-04-18,Redwood Telecom Services,Redwood Telecom Services,1.0000,Compact vehicle lease monthly,Compact vehicle lease monthly,compact vehicle lease monthly,Fleet > Vehicle Leasing,Fleet,Vehicle Leasing,0.9900,1.0000,month,month,440.9300,USD,440.9300,440.9300,France,,False
ERP,ERP-00411,2025-10-17,Global Freight Partners,Global Freight Partners,1.0000,USB-C headset,USB-C headset,usb c headset,IT Hardware > Peripherals,IT Hardware,Peripherals,0.9900,5.0000,each,each,79.5500,EUR,85.9140,429.5700,Germany,,False
ERP,ERP-00412,2025-10-28,Summit Vehicle Leasing,Summit Vehicle Leasing,1.0000,Mobile voice and data plan,Mobile voice and data plan,mobile voice and data plan,Telecom > Telecom Services,Telecom,Telecom Services,0.9900,10.0000,month,month,45.8600,USD,45.8600,458.6000,Germany,,False
ERP,ERP-00413,2025-11-17,Acme Industrial Supplies,Acme Industrial Supplies,1.0000,Laboratory nitrile gloves box,Laboratory nitrile gloves box,laboratory nitrile gloves box,Safety & Lab > Laboratory Supplies,Safety & Lab,Laboratory Supplies,0.9900,2.0000,box,box,16.8900,GBP,21.4503,42.9006,United States,,False
ERP,ERP-00414,2025-07-13,Bluebird Facilities Group,Bluebird Facilities Group,1.0000,Industrial air filter medium,Industrial air filter medium,industrial air filter medium,Office & MRO > Maintenance Supplies,Office & MRO,Maintenance Supplies,0.9900,1.0000,each,each,36.9500,EUR,39.9060,39.9060,Ireland,,False
ERP,ERP-00415,2025-11-16,Harbor Scientific Supply,Harbor Scientific Supply,1.0000,Industrial air filter medium,Industrial air filter medium,industrial air filter medium,Office & MRO > Maintenance Supplies,Office & MRO,Maintenance Supplies,0.9900,1.0000,each,each,38.8400,EUR,41.9472,41.9472,United States,,False
ERP,ERP-00416,2025-01-17,Vertex Technology Ltd,Vertex Technology Ltd,1.0000,Corrugated shipping box medium,Corrugated shipping box medium,corrugated shipping box medium,Logistics > Packaging,Logistics,Packaging,0.9900,5.0000,box,box,1.3500,USD,1.3500,6.7500,Ireland,,False
ERP,ERP-00417,2025-12-13,Siemens AG,Siemens AG,1.0000,Laboratory nitrile gloves box,Laboratory nitrile gloves box,laboratory nitrile gloves box,Safety & Lab > Laboratory Supplies,Safety & Lab,Laboratory Supplies,0.9900,1.0000,box,box,19.9800,USD,19.9800,19.9800,Netherlands,,False
ERP,ERP-00418,2025-02-27,Siemens GmbH,Siemens AG,1.0000,Business broadband connection,Business broadband connection,business broadband connection,Telecom > Telecom Services,Telecom,Telecom Services,0.9900,10.0000,month,month,72.9100,GBP,92.5957,925.9570,Netherlands,,False
ERP,ERP-00419,2025-08-29,Apex Packaging Europe,Apex Packaging Europe,1.0000,Protective safety glasses,Protective safety glasses,protective safety glasses,,Safety & Lab,Personal Protective Equipment,0.9600,5.0000,each,each,12.1400,USD,12.1400,60.7000,United States,source_category_missing,True
ERP,ERP-00420,2025-04-14,Siemens AG,Siemens AG,1.0000,Whiteboard marker pack 12,Whiteboard marker pack 12,whiteboard marker pack 12,Office & MRO > Office Supplies,Office & MRO,Office Supplies,0.9900,1.0000,pack,pack,13.4000,USD,13.4000,13.4000,Germany,,False
ERP,ERP-00421,2025-01-09,Vertex Technology Ltd,Vertex Technology Ltd,1.0000,Compact vehicle lease monthly,Compact vehicle lease monthly,compact vehicle lease monthly,Fleet > Vehicle Leasing,Fleet,Vehicle Leasing,0.9900,2.0000,month,month,447.9500,USD,447.9500,895.9000,UK,,False
ERP,ERP-00422,2025-12-30,Orchard Maintenance Co,Orchard Maintenance Co,1.0000,Industrial air filter medium,Industrial air filter medium,industrial air filter medium,Office & MRO > Maintenance Supplies,Office & MRO,Maintenance Supplies,0.9900,2.0000,each,each,36.7900,EUR,39.7332,79.4664,Ireland,,False
ERP,ERP-00423,2025-03-30,Acme Industrial Supplies,Acme Industrial Supplies,1.0000,Whiteboard marker pack 12,Whiteboard marker pack 12,whiteboard marker pack 12,Office & MRO > Office Supplies,Office & MRO,Office Supplies,0.9900,10.0000,pack,pack,13.4700,USD,13.4700,134.7000,Germany,,False
ERP,ERP-00424,2025-02-03,Pinnacle Safety Equipment,Pinnacle Safety Equipment,1.0000,Mobile voice and data plan,Mobile voice and data plan,mobile voice and data plan,Telecom > Telecom Services,Telecom,Telecom Services,0.9900,1.0000,month,month,32.6000,GBP,41.4020,41.4020,Netherlands,,False
ERP,ERP-00425,2025-01-04,Harbor Scientific Supply,Harbor Scientific Supply,1.0000,Black toner cartridge,Black toner cartridge,black toner cartridge,,Office & MRO,Office Supplies,0.9600,2.0000,each,each,57.9500,GBP,73.5965,147.1930,Germany,source_category_missing,True
ERP,ERP-00426,2025-07-23,Vertex Technology Ltd,Vertex Technology Ltd,1.0000,Monitor 27 inch QHD,Monitor 27 inch QHD,monitor 27 inch qhd,IT Hardware > Displays,IT Hardware,Displays,0.9900,1.0000,each,each,229.8000,EUR,248.1840,248.1840,UK,,False
ERP,ERP-00427,2025-10-18,Cedar Consulting Group,Cedar Consulting Group,1.0000,Monitor 27 inch QHD,Monitor 27 inch QHD,monitor 27 inch qhd,IT Hardware > Displays,IT Hardware,Displays,0.9900,1.0000,each,each,199.0000,GBP,252.7300,252.7300,Ireland,,False
ERP,ERP-00428,2025-01-27,Apex Packaging Europe,Apex Packaging Europe,1.0000,Business broadband connection,Business broadband connection,business broadband connection,Telecom > Telecom Services,Telecom,Telecom Services,0.9900,10.0000,month,month,90.4200,USD,90.4200,904.2000,Ireland,,False
ERP,ERP-00429,2025-04-24,Vertex Technology Ltd,Vertex Technology Ltd,1.0000,USB-C headset,USB-C headset,usb c headset,IT Hardware > Peripherals,IT Hardware,Peripherals,0.9900,2.0000,each,each,78.2600,EUR,84.5208,169.0416,France,,False
ERP,ERP-00430,2025-12-08,Northstar Office Products,Northstar Office Products,1.0000,Electric van lease monthly,Electric van lease monthly,electric van lease monthly,Fleet > Vehicle Leasing,Fleet,Vehicle Leasing,0.9900,10.0000,month,month,754.4700,EUR,814.8276,8148.2760,Netherlands,,False
ERP,ERP-00431,2025-01-17,Cedar Consulting Group,Cedar Consulting Group,1.0000,Electric van lease monthly,Electric van lease monthly,electric van lease monthly,Fleet > Vehicle Leasing,Fleet,Vehicle Leasing,0.9900,10.0000,month,month,766.1500,USD,766.1500,7661.5000,Germany,,False
ERP,ERP-00432,2025-08-28,Cedar Consulting Group,Cedar Consulting Group,1.0000,Data analytics consultant,Data analytics consultant,data analytics consultant,,Professional Services,Consulting,0.9600,5.0000,day,day,1017.3900,GBP,1292.0853,6460.4265,Ireland,source_category_missing,True
ERP,ERP-00433,2025-05-27,ORCHARD,Orchard Maintenance Co,1.0000,USB-C headset,USB-C headset,usb c headset,IT Hardware > Peripherals,IT Hardware,Peripherals,0.9900,1.0000,each,each,75.5500,EUR,81.5940,81.5940,United States,,False
ERP,ERP-00434,2025-06-21,Acme Industrial Supplies,Acme Industrial Supplies,1.0000,Laboratory nitrile gloves box,Laboratory nitrile gloves box,laboratory nitrile gloves box,Safety & Lab > Laboratory Supplies,Safety & Lab,Laboratory Supplies,0.9900,3.0000,box,box,16.7300,GBP,21.2471,63.7413,Germany,,False
ERP,ERP-00435,2025-08-28,Orchard Maintenance Co,Orchard Maintenance Co,1.0000,Compact vehicle lease monthly,Compact vehicle lease monthly,compact vehicle lease monthly,Fleet > Vehicle Leasing,Fleet,Vehicle Leasing,0.9900,1.0000,month,month,441.6600,USD,441.6600,441.6600,Germany,,False
ERP,ERP-00436,2025-04-30,Summit Vehicle Leasing,Summit Vehicle Leasing,1.0000,Laboratory nitrile gloves box,Laboratory nitrile gloves box,laboratory nitrile gloves box,Safety & Lab > Laboratory Supplies,Safety & Lab,Laboratory Supplies,0.9900,1.0000,box,box,20.2500,USD,20.2500,20.2500,Netherlands,,False
ERP,ERP-00437,2025-08-19,Vertex Technology Ltd,Vertex Technology Ltd,1.0000,Office cleaning monthly service,Office cleaning monthly service,office cleaning monthly service,Facilities & Energy > Facilities Services,Facilities & Energy,Facilities Services,0.9600,3.0000,month,month,1149.3300,EUR,1241.2764,3723.8292,United States,,False
ERP,ERP-00438,2025-01-25,Cedar Consulting Group,Cedar Consulting Group,1.0000,Electricity supply usage,Electricity supply usage,electricity supply usage,Facilities & Energy > Energy,Facilities & Energy,Energy,0.9900,10.0000,MWh,mwh,116.4200,EUR,125.7336,1257.3360,Germany,,False
ERP,ERP-00439,2025-09-09,Harbor Scientific Supply,Harbor Scientific Supply,1.0000,Whiteboard marker pack 12,Whiteboard marker pack 12,whiteboard marker pack 12,Office & MRO > Office Supplies,Office & MRO,Office Supplies,0.9900,1.0000,pack,pack,10.8400,GBP,13.7668,13.7668,United States,,False
ERP,ERP-00440,2025-03-05,Acme Industrial Supplies,Acme Industrial Supplies,1.0000,Protective safety glasses,Protective safety glasses,protective safety glasses,Safety & Lab > Personal Protective Equipment,Safety & Lab,Personal Protective Equipment,0.9900,1.0000,each,each,9.6700,GBP,12.2809,12.2809,Germany,,False
ERP,ERP-00441,2025-12-06,Apex Packaging Europe,Apex Packaging Europe,1.0000,Nitrile safety gloves box,Nitrile safety gloves box,nitrile safety gloves box,Office & MRO > Maintenance Supplies,Office & MRO,Maintenance Supplies,0.9900,3.0000,box,box,18.1500,USD,18.1500,54.4500,Netherlands,,False
ERP,ERP-00442,2025-10-24,Redwood Telecom Services,Redwood Telecom Services,1.0000,Monitor 27 inch QHD,Monitor 27 inch QHD,monitor 27 inch qhd,IT Hardware > Displays,IT Hardware,Displays,0.9900,3.0000,each,each,230.4000,USD,230.4000,691.2000,United States,,False
ERP,ERP-00443,2025-01-02,Meridian Energy Services,Meridian Energy Services,1.0000,PDF editor annual license,PDF editor annual license,pdf editor annual license,Software & Cloud > Software Licenses,Software & Cloud,Software Licenses,0.9900,5.0000,license,license,94.5500,USD,94.5500,472.7500,Germany,,False
ERP,ERP-00444,2025-10-23,Siemens GmbH,Siemens AG,1.0000,Mobile voice and data plan,Mobile voice and data plan,mobile voice and data plan,Telecom > Telecom Services,Telecom,Telecom Services,0.9900,2.0000,month,month,40.9100,EUR,44.1828,88.3656,Ireland,,False
ERP,ERP-00445,2025-06-21,GFP Logistics,Global Freight Partners,1.0000,Cloud compute usage,Cloud compute usage,cloud compute usage,Software & Cloud > Cloud Services,Software & Cloud,Cloud Services,0.9900,2.0000,hour,hour,4.4200,EUR,4.7736,9.5472,Ireland,,False
ERP,ERP-00446,2025-05-24,Bluebird Facilities Group,Bluebird Facilities Group,1.0000,Process improvement consultant,Process improvement consultant,process improvement consultant,Professional Services > Consulting,Professional Services,Consulting,0.9900,3.0000,day,day,1056.7700,EUR,1141.3116,3423.9348,United States,,False
ERP,ERP-00447,2025-07-23,Global Frt. Ptnrs,Global Freight Partners,1.0000,Cloud compute usage,Cloud compute usage,cloud compute usage,Software & Cloud > Cloud Services,Software & Cloud,Cloud Services,0.9900,10.0000,hour,hour,3.6400,GBP,4.6228,46.2280,United States,,False
ERP,ERP-00448,2025-12-19,Siemens AG,Siemens AG,1.0000,Stretch wrap roll clear,Stretch wrap roll clear,stretch wrap roll clear,Logistics > Packaging,Logistics,Packaging,0.9900,1.0000,roll,roll,18.1300,EUR,19.5804,19.5804,Netherlands,,False
ERP,ERP-00449,2025-06-01,Global Freight Partners,Global Freight Partners,1.0000,Cloud storage monthly subscription,Cloud storage monthly subscription,cloud storage monthly subscription,Software & Cloud > Cloud Services,Software & Cloud,Cloud Services,0.9900,1.0000,month,month,310.6100,USD,310.6100,310.6100,Ireland,,False
ERP,ERP-00450,2025-10-16,Pinnacle Safety Equipment,Pinnacle Safety Equipment,1.0000,Monitor 27 inch QHD,Monitor 27 inch QHD,monitor 27 inch qhd,,IT Hardware,Displays,0.9600,1.0000,each,each,237.2300,USD,237.2300,237.2300,Germany,source_category_missing,True
ERP,ERP-00451,2025-08-12,Pinnacle Safety Equipment,Pinnacle Safety Equipment,1.0000,Pallet freight delivery,Pallet freight delivery,pallet freight delivery,,Logistics,Freight Services,0.9600,2.0000,shipment,shipment,181.4400,EUR,195.9552,391.9104,Ireland,source_category_missing,True
ERP,ERP-00452,2025-09-22,Redwood Telecom Services,Redwood Telecom Services,1.0000,Data analytics consultant,Data analytics consultant,data analytics consultant,Professional Services > Consulting,Professional Services,Consulting,0.9900,2.0000,day,day,1353.7900,USD,1353.7900,2707.5800,Netherlands,,False
ERP,ERP-00453,2025-01-26,Summit Vehicle Leasing,Summit Vehicle Leasing,1.0000,USB-C headset,USB-C headset,usb c headset,IT Hardware > Peripherals,IT Hardware,Peripherals,0.9900,2.0000,each,each,71.7600,EUR,77.5008,155.0016,UK,,False
ERP,ERP-00454,2025-07-11,Harbor Scientific Supply,Harbor Scientific Supply,1.0000,Data analytics consultant,Data analytics consultant,data analytics consultant,Professional Services > Consulting,Professional Services,Consulting,0.9900,3.0000,day,day,1264.6500,USD,1264.6500,3793.9500,United States,,False
ERP,ERP-00455,2025-02-03,Cedar Consulting Group,Cedar Consulting Group,1.0000,Laboratory nitrile gloves box,Laboratory nitrile gloves box,laboratory nitrile gloves box,Safety & Lab > Laboratory Supplies,Safety & Lab,Laboratory Supplies,0.9900,1.0000,box,box,20.3300,USD,20.3300,20.3300,Germany,,False
ERP,ERP-00456,2025-08-26,Global Freight Partners,Global Freight Partners,1.0000,A4 copy paper case 5 reams,A4 copy paper case 5 reams,a4 copy paper case 5 reams,Office & MRO > Office Supplies,Office & MRO,Office Supplies,0.9900,3.0000,case,case,29.1600,USD,29.1600,87.4800,United States,,False
ERP,ERP-00457,2025-05-19,Pinnacle Safety Equipment,Pinnacle Safety Equipment,1.0000,Cloud storage monthly subscription,Cloud storage monthly subscription,cloud storage monthly subscription,Software & Cloud > Cloud Services,Software & Cloud,Cloud Services,0.9900,5.0000,month,month,301.2800,EUR,325.3824,1626.9120,UK,,False
ERP,ERP-00458,2025-03-27,Summit Vehicle Leasing,Summit Vehicle Leasing,1.0000,Black toner cartridge,Black toner cartridge,black toner cartridge,Office & MRO > Office Supplies,Office & MRO,Office Supplies,0.9900,2.0000,each,each,55.0100,GBP,69.8627,139.7254,UK,,False
ERP,ERP-00459,2025-05-15,Pinnacle Safety Equipment,Pinnacle Safety Equipment,1.0000,Laptop dock USB-C,Laptop dock USB-C,laptop dock usb c,IT Hardware > Laptops,IT Hardware,Laptops,0.9900,1.0000,each,each,167.2800,EUR,180.6624,180.6624,France,,False
ERP,ERP-00460,2025-12-05,Global Freight Partners,Global Freight Partners,1.0000,PDF editor annual license,PDF editor annual license,pdf editor annual license,Software & Cloud > Software Licenses,Software & Cloud,Software Licenses,0.9900,1.0000,license,license,72.2900,GBP,91.8083,91.8083,United States,,False
ERP,ERP-00461,2025-10-26,Cedar Consulting Group,Cedar Consulting Group,1.0000,Electric van lease monthly,Electric van lease monthly,electric van lease monthly,Fleet > Vehicle Leasing,Fleet,Vehicle Leasing,0.9900,10.0000,month,month,619.1000,GBP,786.2570,7862.5700,UK,,False
ERP,ERP-00462,2025-04-08,Harbor Scientific Supply,Harbor Scientific Supply,1.0000,Office cleaning monthly service,Office cleaning monthly service,office cleaning monthly service,Facilities & Energy > Facilities Services,Facilities & Energy,Facilities Services,0.9600,1.0000,month,month,1226.8400,USD,1226.8400,1226.8400,United States,,False
ERP,ERP-00463,2025-07-30,Acme Industrial Supplies,Acme Industrial Supplies,1.0000,Whiteboard marker pack 12,Whiteboard marker pack 12,whiteboard marker pack 12,Office & MRO > Office Supplies,Office & MRO,Office Supplies,0.9900,1.0000,pack,pack,12.7800,EUR,13.8024,13.8024,Netherlands,,False
ERP,ERP-00464,2025-10-13,Harbor Scientific Supply,Harbor Scientific Supply,1.0000,Cloud storage monthly subscription,Cloud storage monthly subscription,cloud storage monthly subscription,Software & Cloud > Cloud Services,Software & Cloud,Cloud Services,0.9900,2.0000,month,month,304.8900,USD,304.8900,609.7800,United States,,False
ERP,ERP-00465,2025-10-28,Meridian Energy Services,Meridian Energy Services,1.0000,USB-C adapter multiport,USB-C adapter multiport,usb c adapter multiport,IT Hardware > Peripherals,IT Hardware,Peripherals,0.9900,2.0000,each,each,29.6100,GBP,37.6047,75.2094,Netherlands,,False
ERP,ERP-00466,2025-02-14,Global Freight Partners,Global Freight Partners,1.0000,USB-C adapter multiport,USB-C adapter multiport,usb c adapter multiport,IT Hardware > Peripherals,IT Hardware,Peripherals,0.9900,1.0000,each,each,39.3500,USD,39.3500,39.3500,Netherlands,,False
ERP,ERP-00467,2025-04-17,Meridian Energy Services,Meridian Energy Services,1.0000,Industrial air filter medium,Industrial air filter medium,industrial air filter medium,Office & MRO > Maintenance Supplies,Office & MRO,Maintenance Supplies,0.9900,2.0000,each,each,40.1100,EUR,43.3188,86.6376,Germany,,False
ERP,ERP-00468,2025-10-14,Meridian Energy Services,Meridian Energy Services,1.0000,Electricity supply usage,Electricity supply usage,electricity supply usage,Facilities & Energy > Energy,Facilities & Energy,Energy,0.9900,1.0000,MWh,mwh,122.5900,EUR,132.3972,132.3972,Ireland,,False
ERP,ERP-00469,2025-07-23,Siemens AG,Siemens AG,1.0000,Corrugated shipping box medium,Corrugated shipping box medium,corrugated shipping box medium,Logistics > Packaging,Logistics,Packaging,0.9900,10.0000,box,box,1.0900,GBP,1.3843,13.8430,UK,,False
ERP,ERP-00470,2025-08-17,Meridian Energy Services,Meridian Energy Services,1.0000,Laptop dock USB-C,Laptop dock USB-C,laptop dock usb c,IT Hardware > Laptops,IT Hardware,Laptops,0.9900,5.0000,each,each,167.6400,USD,167.6400,838.2000,Ireland,,False
ERP,ERP-00471,2025-01-29,Redwood Telecom Services,Redwood Telecom Services,1.0000,Laptop dock USB-C,Laptop dock USB-C,laptop dock usb c,IT Hardware > Laptops,IT Hardware,Laptops,0.9900,5.0000,each,each,176.0400,USD,176.0400,880.2000,Ireland,,False
ERP,ERP-00472,2025-08-13,ORCHARD,Orchard Maintenance Co,1.0000,Process improvement consultant,Process improvement consultant,process improvement consultant,Professional Services > Consulting,Professional Services,Consulting,0.9900,1.0000,day,day,1046.0900,EUR,1129.7772,1129.7772,France,,False
ERP,ERP-00473,2025-11-14,Orchard Maintenance Co,Orchard Maintenance Co,1.0000,Stretch wrap roll clear,Stretch wrap roll clear,stretch wrap roll clear,Logistics > Packaging,Logistics,Packaging,0.9900,3.0000,roll,roll,17.3300,EUR,18.7164,56.1492,Germany,,False
ERP,ERP-00474,2025-11-13,Harbor Sci.,Harbor Scientific Supply,1.0000,Business broadband connection,Business broadband connection,business broadband connection,Telecom > Telecom Services,Telecom,Telecom Services,0.9900,5.0000,month,month,83.5200,EUR,90.2016,451.0080,Ireland,,False
ERP,ERP-00475,2025-12-04,Summit Vehicle Leasing,Summit Vehicle Leasing,1.0000,Corrugated shipping box medium,Corrugated shipping box medium,corrugated shipping box medium,Logistics > Packaging,Logistics,Packaging,0.9900,3.0000,box,box,1.0800,GBP,1.3716,4.1148,UK,,False
ERP,ERP-00476,2025-01-31,Acme Industrial Supplies,Acme Industrial Supplies,1.0000,Pallet freight delivery,Pallet freight delivery,pallet freight delivery,Logistics > Freight Services,Logistics,Freight Services,0.9900,5.0000,shipment,shipment,153.7400,GBP,195.2498,976.2490,Germany,,False
ERP,ERP-00477,2025-08-21,Orchard Maintenance Co,Orchard Maintenance Co,1.0000,Business broadband connection,Business broadband connection,business broadband connection,Telecom > Telecom Services,Telecom,Telecom Services,0.9900,1.0000,month,month,83.2600,USD,83.2600,83.2600,Germany,,False
ERP,ERP-00478,2025-05-28,Harbor Scientific Supply,Harbor Scientific Supply,1.0000,Compact vehicle lease monthly,Compact vehicle lease monthly,compact vehicle lease monthly,Fleet > Vehicle Leasing,Fleet,Vehicle Leasing,0.9900,1.0000,month,month,441.2500,EUR,476.5500,476.5500,Germany,,False
ERP,ERP-00479,2025-11-17,Apex Packaging Europe,Apex Packaging Europe,1.0000,Pallet freight delivery,Pallet freight delivery,pallet freight delivery,Logistics > Freight Services,Logistics,Freight Services,0.9900,3.0000,shipment,shipment,146.0700,GBP,185.5089,556.5267,UK,,False
ERP,ERP-00480,2025-01-25,Meridian Energy Services,Meridian Energy Services,1.0000,Office cleaning monthly service,Office cleaning monthly service,office cleaning monthly service,Facilities & Energy > Facilities Services,Facilities & Energy,Facilities Services,0.9600,5.0000,month,month,1096.6400,EUR,1184.3712,5921.8560,United States,,False
ERP,ERP-00481,2025-09-24,Northstar Office Products,Northstar Office Products,1.0000,USB-C adapter multiport,USB-C adapter multiport,usb c adapter multiport,IT Hardware > Peripherals,IT Hardware,Peripherals,0.9900,1.0000,each,each,35.3900,EUR,38.2212,38.2212,UK,,False
ERP,ERP-00482,2025-07-05,Summit Vehicle Leasing,Summit Vehicle Leasing,1.0000,Data analytics consultant,Data analytics consultant,data analytics consultant,Professional Services > Consulting,Professional Services,Consulting,0.9900,10.0000,day,day,1062.7000,GBP,1349.6290,13496.2900,United States,,False
ERP,ERP-00483,2025-03-27,Vertex Technology Ltd,Vertex Technology Ltd,1.0000,Business laptop 14 inch,Business laptop 14 inch,business laptop 14 inch,IT Hardware > Laptops,IT Hardware,Laptops,0.9900,10.0000,each,each,812.0500,EUR,877.0140,8770.1400,France,price_variance_review,True
ERP,ERP-00484,2025-10-18,Harbor Scientific Supply,Harbor Scientific Supply,1.0000,Stretch wrap roll clear,Stretch wrap roll clear,stretch wrap roll clear,Logistics > Packaging,Logistics,Packaging,0.9900,10.0000,roll,roll,17.2100,EUR,18.5868,185.8680,UK,,False
ERP,ERP-00485,2025-01-16,Siemens AG,Siemens AG,1.0000,Process improvement consultant,Process improvement consultant,process improvement consultant,Professional Services > Consulting,Professional Services,Consulting,0.9900,10.0000,day,day,891.6900,GBP,1132.4463,11324.4630,UK,,False
ERP,ERP-00486,2025-03-30,Apex Pkg Europe,Apex Packaging Europe,1.0000,Laboratory nitrile gloves box,Laboratory nitrile gloves box,laboratory nitrile gloves box,Safety & Lab > Laboratory Supplies,Safety & Lab,Laboratory Supplies,0.9900,5.0000,box,box,16.3100,GBP,20.7137,103.5685,United States,,False
ERP,ERP-00487,2025-11-04,Cedar Consulting Group,Cedar Consulting Group,1.0000,Protective safety glasses,Protective safety glasses,protective safety glasses,Safety & Lab > Personal Protective Equipment,Safety & Lab,Personal Protective Equipment,0.9900,1.0000,each,each,11.4700,EUR,12.3876,12.3876,Germany,,False
ERP,ERP-00488,2025-12-03,Apex Packaging Europe,Apex Packaging Europe,1.0000,Monitor 27 inch QHD,Monitor 27 inch QHD,monitor 27 inch qhd,IT Hardware > Displays,IT Hardware,Displays,0.9900,10.0000,each,each,189.2300,GBP,240.3221,2403.2210,France,,False
ERP,ERP-00489,2025-11-20,APEX Pack.,Apex Packaging Europe,1.0000,A4 copy paper case 5 reams,A4 copy paper case 5 reams,a4 copy paper case 5 reams,Office & MRO > Office Supplies,Office & MRO,Office Supplies,0.9900,1.0000,case,case,31.8900,USD,31.8900,31.8900,France,,False
ERP,ERP-00490,2025-12-31,Redwood Telecom Services,Redwood Telecom Services,1.0000,Stretch wrap roll clear,Stretch wrap roll clear,stretch wrap roll clear,Logistics > Packaging,Logistics,Packaging,0.9900,2.0000,roll,roll,15.4600,GBP,19.6342,39.2684,Netherlands,,False
ERP,ERP-00491,2025-07-12,Redwood Telecom Services,Redwood Telecom Services,1.0000,Cloud compute usage,Cloud compute usage,cloud compute usage,Software & Cloud > Cloud Services,Software & Cloud,Cloud Services,0.9900,1.0000,hour,hour,4.8100,USD,4.8100,4.8100,France,,False
ERP,ERP-00492,2025-10-08,Harbor Scientific Supply,Harbor Scientific Supply,1.0000,Process improvement consultant,Process improvement consultant,process improvement consultant,Professional Services > Consulting,Professional Services,Consulting,0.9900,10.0000,day,day,932.5600,GBP,1184.3512,11843.5120,United States,,False
ERP,ERP-00493,2025-10-28,Global Freight Partners,Global Freight Partners,1.0000,Mobile voice and data plan,Mobile voice and data plan,mobile voice and data plan,Telecom > Telecom Services,Telecom,Telecom Services,0.9900,1.0000,month,month,46.4400,USD,46.4400,46.4400,France,,False
ERP,ERP-00494,2025-08-19,Meridian Energy Services,Meridian Energy Services,1.0000,HVAC preventive maintenance visit,HVAC preventive maintenance visit,hvac preventive maintenance visit,Facilities & Energy > Facilities Services,Facilities & Energy,Facilities Services,0.9600,5.0000,visit,visit,402.3500,USD,402.3500,2011.7500,Ireland,,False
ERP,ERP-00495,2025-05-19,Global Freight Partners,Global Freight Partners,1.0000,Office cleaning monthly service,Office cleaning monthly service,office cleaning monthly service,Facilities & Energy > Facilities Services,Facilities & Energy,Facilities Services,0.9600,10.0000,month,month,1114.2000,EUR,1203.3360,12033.3600,Ireland,,False
ERP,ERP-00496,2025-08-06,Global Freight Partners,Global Freight Partners,1.0000,Industrial air filter medium,Industrial air filter medium,industrial air filter medium,Office & MRO > Maintenance Supplies,Office & MRO,Maintenance Supplies,0.9900,3.0000,each,each,32.4400,GBP,41.1988,123.5964,Netherlands,,False
ERP,ERP-00497,2025-10-25,Apex Packaging,Apex Packaging Europe,1.0000,Office cleaning monthly service,Office cleaning monthly service,office cleaning monthly service,Facilities & Energy > Facilities Services,Facilities & Energy,Facilities Services,0.9600,1.0000,month,month,1274.3800,USD,1274.3800,1274.3800,France,,False
ERP,ERP-00498,2025-11-25,Global Freight Partners,Global Freight Partners,1.0000,Nitrile safety gloves box,Nitrile safety gloves box,nitrile safety gloves box,Office & MRO > Maintenance Supplies,Office & MRO,Maintenance Supplies,0.9900,1.0000,box,box,13.8200,GBP,17.5514,17.5514,Ireland,,False
ERP,ERP-00499,2025-06-05,Apex Packaging Europe,Apex Packaging Europe,1.0000,Cloud compute usage,Cloud compute usage,cloud compute usage,Software & Cloud > Cloud Services,Software & Cloud,Cloud Services,0.9900,1.0000,hour,hour,4.5600,EUR,4.9248,4.9248,Netherlands,,False
ERP,ERP-00500,2025-08-31,Vertex Technology Ltd,Vertex Technology Ltd,1.0000,Cloud compute usage,Cloud compute usage,cloud compute usage,Software & Cloud > Cloud Services,Software & Cloud,Cloud Services,0.9900,2.0000,hour,hour,3.7000,GBP,4.6990,9.3980,France,,False
ERP,ERP-00001,2025-03-20,Siemens AG,Siemens AG,1.0000,A4 copy paper case 5 reams,A4 copy paper case 5 reams,a4 copy paper case 5 reams,Office & MRO > Office Supplies,Office & MRO,Office Supplies,0.9900,5.0000,case,case,30.0300,USD,30.0300,150.1500,Germany,exact_duplicate,True
ERP,ERP-00002,2025-07-29,Summit Vehicle Leasing,Summit Vehicle Leasing,1.0000,A4 copy paper case 5 reams,A4 copy paper case 5 reams,a4 copy paper case 5 reams,Office & MRO > Office Supplies,Office & MRO,Office Supplies,0.9900,1.0000,case,case,25.0200,GBP,31.7754,31.7754,United States,exact_duplicate,True
ERP,ERP-00003,2025-08-19,Vertex Technology Ltd,Vertex Technology Ltd,1.0000,Nitrile safety gloves box,Nitrile safety gloves box,nitrile safety gloves box,Office & MRO > Maintenance Supplies,Office & MRO,Maintenance Supplies,0.9900,10.0000,box,box,16.2400,EUR,17.5392,175.3920,France,exact_duplicate,True
ERP,ERP-00004,2025-08-25,Pinnacle Safety Equipment,Pinnacle Safety Equipment,1.0000,Laboratory nitrile gloves box,Laboratory nitrile gloves box,laboratory nitrile gloves box,Safety & Lab > Laboratory Supplies,Safety & Lab,Laboratory Supplies,0.9900,1.0000,box,box,20.9100,USD,20.9100,20.9100,United States,exact_duplicate,True
ERP,ERP-00005,2025-02-04,Bluebird Facilities Group,Bluebird Facilities Group,1.0000,Monitor 27 inch QHD,Monitor 27 inch QHD,monitor 27 inch qhd,IT Hardware > Displays,IT Hardware,Displays,0.9900,1.0000,each,each,193.5600,GBP,245.8212,245.8212,UK,exact_duplicate,True
ERP,ERP-00006,2025-04-13,Acme Industrial Supplies,Acme Industrial Supplies,1.0000,Business broadband connection,Business broadband connection,business broadband connection,Telecom > Telecom Services,Telecom,Telecom Services,0.9900,1.0000,month,month,71.7800,GBP,91.1606,91.1606,UK,exact_duplicate,True
ERP,ERP-00007,2025-02-24,Summit Vehicle Leasing,Summit Vehicle Leasing,1.0000,Cloud compute usage,Cloud compute usage,cloud compute usage,,Software & Cloud,Cloud Services,0.9600,1.0000,hour,hour,4.2800,EUR,4.6224,4.6224,UK,source_category_missing;exact_duplicate,True
ERP,ERP-00008,2025-02-20,Orchard Maintenance Co,Orchard Maintenance Co,1.0000,Office cleaning monthly service,Office cleaning monthly service,office cleaning monthly service,Facilities & Energy > Facilities Services,Facilities & Energy,Facilities Services,0.9600,5.0000,month,month,935.0000,GBP,1187.4500,5937.2500,Germany,exact_duplicate,True
ERP,ERP-00009,2025-02-07,Bluebird Facilities Group,Bluebird Facilities Group,1.0000,Mobile voice and data plan,Mobile voice and data plan,mobile voice and data plan,Telecom > Telecom Services,Telecom,Telecom Services,0.9900,3.0000,month,month,44.8900,USD,44.8900,134.6700,France,exact_duplicate,True
ERP,ERP-00010,2025-11-24,Vertex Technology Ltd,Vertex Technology Ltd,1.0000,Laptop dock USB-C,Laptop dock USB-C,laptop dock usb c,IT Hardware > Laptops,IT Hardware,Laptops,0.9900,5.0000,each,each,142.3400,GBP,180.7718,903.8590,Germany,exact_duplicate,True
PCARD,PCARD-00001,2025-02-06,Acme Supply Co #93,Acme Industrial Supplies,1.0000,POS - CLOUD COMPUTE USAGE / 2687,CLOUD COMPUTE USAGE,cloud compute usage,Cloud Services,Software & Cloud,Cloud Services,0.9100,5.0000,hour,hour,5.1700,USD,5.1700,25.8500,UK,exact_duplicate,True
PCARD,PCARD-00002,2025-03-20,Pinnacle Safety Equipment,Pinnacle Safety Equipment,1.0000,POS - MOBILE VOICE AND DATA PLAN / 896,MOBILE VOICE AND DATA PLAN,mobile voice and data plan,Telecom Services,Telecom,Telecom Services,0.9100,3.0000,month,month,45.5700,EUR,49.2156,147.6468,Germany,exact_duplicate,True
PCARD,PCARD-00003,2025-02-25,ACME,Acme Industrial Supplies,1.0000,POS - MOBILE VOICE AND DATA PLAN / 3003,MOBILE VOICE AND DATA PLAN,mobile voice and data plan,,Telecom,Telecom Services,0.9600,1.0000,month,month,46.6300,EUR,50.3604,50.3604,France,source_category_missing;exact_duplicate,True
PCARD,PCARD-00004,2025-04-19,Northstar Co.,Northstar Office Products,1.0000,ONLINE ORDER - PDF EDITOR ANNUAL LICENSE / 9465,PDF EDITOR ANNUAL LICENSE,pdf editor annual license,Software Licenses,Software & Cloud,Software Licenses,0.9100,1.0000,license,license,113.4900,USD,113.4900,113.4900,Ireland,exact_duplicate,True
PCARD,PCARD-00005,2025-06-28,Meridian Utilities,Meridian Energy Services,1.0000,ONLINE ORDER - DATA ANALYTICS CONSULTANT / 3289,DATA ANALYTICS CONSULTANT,data analytics consultant,Consulting,Professional Services,Consulting,0.9100,2.0000,day,day,1182.5700,GBP,1501.8639,3003.7278,Germany,exact_duplicate,True
PCARD,PCARD-00006,2025-03-29,Pinnacle PPE,Pinnacle Safety Equipment,1.0000,PURCHASE - STRETCH WRAP ROLL CLEAR / 4932,STRETCH WRAP ROLL CLEAR,stretch wrap roll clear,Logistics/Packaging,Logistics,Packaging,0.9900,1.0000,roll,roll,22.4400,USD,22.4400,22.4400,Ireland,exact_duplicate,True
PCARD,PCARD-00007,2025-03-23,Harbor Scientific Supply #94,Harbor Scientific Supply,1.0000,ONLINE ORDER - STRETCH WRAP ROLL CLEAR / 4012,STRETCH WRAP ROLL CLEAR,stretch wrap roll clear,Logistics/Packaging,Logistics,Packaging,0.9900,1.0000,roll,roll,17.3100,GBP,21.9837,21.9837,France,exact_duplicate,True
PCARD,PCARD-00008,2025-03-03,Harbour Scientific,Harbor Scientific Supply,1.0000,PURCHASE - USB-C HEADSET / 6217,USB-C HEADSET,usb c headset,IT HARDWARE,IT Hardware,Peripherals,0.9600,1.0000,each,each,94.8400,USD,94.8400,94.8400,Germany,exact_duplicate,True
PCARD,PCARD-00009,2025-06-25,Global Freight Partners,Global Freight Partners,1.0000,ONLINE ORDER - MOBILE VOICE AND DATA PLAN / 7451,MOBILE VOICE AND DATA PLAN,mobile voice and data plan,,Telecom,Telecom Services,0.9600,3.0000,month,month,44.7400,EUR,48.3192,144.9576,United States,source_category_missing;exact_duplicate,True
PCARD,PCARD-00010,2025-02-28,Summit Vehicle Leasing,Summit Vehicle Leasing,1.0000,ONLINE ORDER - NITRILE SAFETY GLOVES BOX / 6539,NITRILE SAFETY GLOVES BOX,nitrile safety gloves box,OFFICE & MRO,Office & MRO,Maintenance Supplies,0.9600,1.0000,box,box,16.4200,GBP,20.8534,20.8534,Germany,exact_duplicate,True
PCARD,PCARD-00011,2025-07-26,Redwood Telco #83,Redwood Telecom Services,1.0000,PURCHASE - NITRILE SAFETY GLOVES BOX / 5210,NITRILE SAFETY GLOVES BOX,nitrile safety gloves box,,Office & MRO,Maintenance Supplies,0.9600,3.0000,box,box,19.8500,USD,19.8500,59.5500,Netherlands,source_category_missing;exact_duplicate,True
PCARD,PCARD-00012,2025-01-19,ACME Ind.,Acme Industrial Supplies,1.0000,PURCHASE - PALLET FREIGHT DELIVERY / 3798,PALLET FREIGHT DELIVERY,pallet freight delivery,Logistics > Freight Services,Logistics,Freight Services,0.9900,1.0000,shipment,shipment,164.9100,GBP,209.4357,209.4357,Germany,exact_duplicate,True
PCARD,PCARD-00013,2025-11-10,Apex Packaging Europe #95,Apex Packaging Europe,1.0000,ONLINE ORDER - CORRUGATED SHIPPING BOX MEDIUM / 1299,CORRUGATED SHIPPING BOX MEDIUM,corrugated shipping box medium,Packaging,Logistics,Packaging,0.9100,1.0000,box,box,1.3100,GBP,1.6637,1.6637,Ireland,,False
PCARD,PCARD-00014,2025-10-15,Northstar Co.,Northstar Office Products,1.0000,ONLINE ORDER - OFFICE CLEANING MONTHLY SERVICE / 1879,OFFICE CLEANING MONTHLY SERVICE,office cleaning monthly service,,Facilities & Energy,Facilities Services,0.9600,1.0000,month,month,1281.3000,EUR,1383.8040,1383.8040,France,source_category_missing,True
PCARD,PCARD-00015,2025-05-03,SUMMIT VL,Summit Vehicle Leasing,1.0000,PURCHASE - USB-C ADAPTER MULTIPORT / 8791,USB-C ADAPTER MULTIPORT,usb c adapter multiport,IT HARDWARE,IT Hardware,Peripherals,0.9600,5.0000,each,each,42.0000,EUR,45.3600,226.8000,Ireland,,False
PCARD,PCARD-00016,2025-03-15,Summit Leasing,Summit Vehicle Leasing,1.0000,CARD TXN - MONITOR 27 INCH QHD / 5865,MONITOR 27 INCH QHD,monitor 27 inch qhd,,IT Hardware,Displays,0.9600,5.0000,each,each,281.4000,USD,281.4000,1407.0000,UK,source_category_missing,True
PCARD,PCARD-00017,2025-08-23,Northstar Co.,Northstar Office Products,1.0000,CARD TXN - MOBILE VOICE AND DATA PLAN / 4472,MOBILE VOICE AND DATA PLAN,mobile voice and data plan,Telecom > Telecom Services,Telecom,Telecom Services,0.9900,1.0000,month,month,36.6100,GBP,46.4947,46.4947,Ireland,,False
PCARD,PCARD-00018,2025-08-14,Orchard Maintenance Co #76,Orchard Maintenance Co,1.0000,ONLINE ORDER - OFFICE CLEANING MONTHLY SERVICE / 6836,OFFICE CLEANING MONTHLY SERVICE,office cleaning monthly service,,Facilities & Energy,Facilities Services,0.9600,5.0000,month,month,1304.0500,EUR,1408.3740,7041.8700,France,source_category_missing,True
PCARD,PCARD-00019,2025-11-26,siemens #48,Siemens AG,1.0000,ONLINE ORDER - PDF EDITOR ANNUAL LICENSE / 3717,PDF EDITOR ANNUAL LICENSE,pdf editor annual license,Software Licenses,Software & Cloud,Software Licenses,0.9100,1.0000,license,license,87.2900,GBP,110.8583,110.8583,Germany,,False
PCARD,PCARD-00020,2025-05-11,SUMMIT VL #32,Summit Vehicle Leasing,1.0000,POS - INDUSTRIAL AIR FILTER MEDIUM / 8601,INDUSTRIAL AIR FILTER MEDIUM,industrial air filter medium,,Office & MRO,Maintenance Supplies,0.9600,3.0000,each,each,36.1300,GBP,45.8851,137.6553,UK,source_category_missing,True
PCARD,PCARD-00021,2025-10-09,Cedar Consulting,Cedar Consulting Group,1.0000,PURCHASE - A4 COPY PAPER CASE 5 REAMS / 8315,A4 COPY PAPER CASE 5 REAMS,a4 copy paper case 5 reams,OFFICE & MRO,Office & MRO,Office Supplies,0.9600,10.0000,case,case,26.8200,GBP,34.0614,340.6140,France,,False
PCARD,PCARD-00022,2025-09-01,MERIDIAN,Meridian Energy Services,1.0000,PURCHASE - STRETCH WRAP ROLL CLEAR / 2525,STRETCH WRAP ROLL CLEAR,stretch wrap roll clear,Packaging,Logistics,Packaging,0.9100,2.0000,roll,roll,19.1900,EUR,20.7252,41.4504,Netherlands,,False
PCARD,PCARD-00023,2025-11-06,Vertex Technology Ltd,Vertex Technology Ltd,1.0000,ONLINE ORDER - PALLET FREIGHT DELIVERY / 7925,PALLET FREIGHT DELIVERY,pallet freight delivery,Logistics > Freight Services,Logistics,Freight Services,0.9900,5.0000,shipment,shipment,206.6100,USD,206.6100,1033.0500,France,,False
PCARD,PCARD-00024,2025-06-01,Pinnacle Equip.,Pinnacle Safety Equipment,1.0000,PURCHASE - NITRILE SAFETY GLOVES BOX / 5881,NITRILE SAFETY GLOVES BOX,nitrile safety gloves box,Office & MRO/Maintenance Supplies,Office & MRO,Maintenance Supplies,0.9900,10.0000,box,box,21.0800,USD,21.0800,210.8000,France,,False
PCARD,PCARD-00025,2025-11-26,Blue Bird Facilities,Bluebird Facilities Group,1.0000,CARD TXN - BUSINESS BROADBAND CONNECTION / 8145,BUSINESS BROADBAND CONNECTION,business broadband connection,Telecom/Telecom Services,Telecom,Telecom Services,0.9900,2.0000,month,month,100.7600,USD,100.7600,201.5200,UK,,False
PCARD,PCARD-00026,2025-09-22,Harbor Scientific Supply #79,Harbor Scientific Supply,1.0000,PURCHASE - OFFICE CLEANING MONTHLY SERVICE / 5299,OFFICE CLEANING MONTHLY SERVICE,office cleaning monthly service,Facilities & Energy > Facilities Services,Facilities & Energy,Facilities Services,0.9600,5.0000,month,month,1319.6300,USD,1319.6300,6598.1500,Germany,,False
PCARD,PCARD-00027,2025-05-19,Harbour Scientific,Harbor Scientific Supply,1.0000,POS - PALLET FREIGHT DELIVERY / 4065,PALLET FREIGHT DELIVERY,pallet freight delivery,Logistics/Freight Services,Logistics,Freight Services,0.9900,10.0000,shipment,shipment,186.3200,EUR,201.2256,2012.2560,Germany,,False
PCARD,PCARD-00028,2025-04-02,Harbor Scientific Supply,Harbor Scientific Supply,1.0000,POS - PALLET FREIGHT DELIVERY / 1118,PALLET FREIGHT DELIVERY,pallet freight delivery,,Logistics,Freight Services,0.9600,1.0000,shipment,shipment,162.1800,GBP,205.9686,205.9686,UK,source_category_missing,True
PCARD,PCARD-00029,2025-08-21,Orchard Maint.,Orchard Maintenance Co,1.0000,ONLINE ORDER - CORRUGATED SHIPPING BOX MEDIUM / 9208,CORRUGATED SHIPPING BOX MEDIUM,corrugated shipping box medium,,Logistics,Packaging,0.9600,10.0000,box,box,1.5900,USD,1.5900,15.9000,Ireland,source_category_missing,True
PCARD,PCARD-00030,2025-05-05,Orchard Maint. #96,Orchard Maintenance Co,1.0000,CARD TXN - WIRELESS KEYBOARD AND MOUSE SET / 1235,WIRELESS KEYBOARD AND MOUSE SET,wireless keyboard and mouse set,IT Hardware/Peripherals,IT Hardware,Peripherals,0.9900,10.0000,each,each,51.0300,USD,51.0300,510.3000,Netherlands,,False
PCARD,PCARD-00031,2025-08-20,ACME,Acme Industrial Supplies,1.0000,PURCHASE - CLOUD COMPUTE USAGE / 7608,CLOUD COMPUTE USAGE,cloud compute usage,,Software & Cloud,Cloud Services,0.9600,1.0000,hour,hour,5.6300,USD,5.6300,5.6300,United States,source_category_missing,True
PCARD,PCARD-00032,2025-11-07,Redwood Telco #95,Redwood Telecom Services,1.0000,CARD TXN - USB-C HEADSET / 5070,USB-C HEADSET,usb c headset,IT Hardware > Peripherals,IT Hardware,Peripherals,0.9900,5.0000,each,each,76.4300,GBP,97.0661,485.3305,Germany,,False
PCARD,PCARD-00033,2025-03-13,SUMMIT VL,Summit Vehicle Leasing,1.0000,CARD TXN - CLOUD STORAGE MONTHLY SUBSCRIPTION / 911,CLOUD STORAGE MONTHLY SUBSCRIPTION,cloud storage monthly subscription,Software & Cloud/Cloud Services,Software & Cloud,Cloud Services,0.9900,1.0000,month,month,336.6300,EUR,363.5604,363.5604,Ireland,,False
PCARD,PCARD-00034,2025-09-19,ACME Ind. #12,Acme Industrial Supplies,1.0000,ONLINE ORDER - USB-C HEADSET / 2788,USB-C HEADSET,usb c headset,IT Hardware/Peripherals,IT Hardware,Peripherals,0.9900,1.0000,each,each,88.7500,USD,88.7500,88.7500,France,,False
PCARD,PCARD-00035,2025-08-22,Orchard Maintenance Co,Orchard Maintenance Co,1.0000,POS - HVAC PREVENTIVE MAINTENANCE VISIT / 2707,HVAC PREVENTIVE MAINTENANCE VISIT,hvac preventive maintenance visit,,Facilities & Energy,Facilities Services,0.9600,1.0000,visit,visit,427.4300,USD,427.4300,427.4300,Netherlands,source_category_missing,True
PCARD,PCARD-00036,2025-04-17,Summit Fleet,Summit Vehicle Leasing,1.0000,CARD TXN - PROTECTIVE SAFETY GLASSES / 8803,PROTECTIVE SAFETY GLASSES,protective safety glasses,Safety & Lab > Personal Protective Equipment,Safety & Lab,Personal Protective Equipment,0.9900,5.0000,each,each,10.5200,GBP,13.3604,66.8020,France,,False
PCARD,PCARD-00037,2025-02-04,North Star Office #46,Northstar Office Products,1.0000,PURCHASE - USB-C ADAPTER MULTIPORT / 1022,USB-C ADAPTER MULTIPORT,usb c adapter multiport,IT Hardware > Peripherals,IT Hardware,Peripherals,0.9900,3.0000,each,each,35.4800,GBP,45.0596,135.1788,Netherlands,,False
PCARD,PCARD-00038,2025-02-16,GFP Logistics #29,Global Freight Partners,1.0000,POS - HVAC PREVENTIVE MAINTENANCE VISIT / 9819,HVAC PREVENTIVE MAINTENANCE VISIT,hvac preventive maintenance visit,,Facilities & Energy,Facilities Services,0.9600,10.0000,visit,visit,461.8700,USD,461.8700,4618.7000,Netherlands,source_category_missing,True
PCARD,PCARD-00039,2025-02-14,Orchard Services,Orchard Maintenance Co,1.0000,PURCHASE - DATA ANALYTICS CONSULTANT / 8696,DATA ANALYTICS CONSULTANT,data analytics consultant,PROFESSIONAL SERVICES,Professional Services,Consulting,0.9600,1.0000,day,day,1375.6400,USD,1375.6400,1375.6400,United States,,False
PCARD,PCARD-00040,2025-03-21,Cedar Consulting Group,Cedar Consulting Group,1.0000,ONLINE ORDER - OFFICE CLEANING MONTHLY SERVICE / 2001,OFFICE CLEANING MONTHLY SERVICE,office cleaning monthly service,Facilities & Energy > Facilities Services,Facilities & Energy,Facilities Services,0.9600,2.0000,month,month,1272.1900,EUR,1373.9652,2747.9304,Germany,,False
PCARD,PCARD-00041,2025-03-30,Redwood Telecom Services,Redwood Telecom Services,1.0000,CARD TXN - PROCESS IMPROVEMENT CONSULTANT / 4310,PROCESS IMPROVEMENT CONSULTANT,process improvement consultant,PROFESSIONAL SERVICES,Professional Services,Consulting,0.9600,2.0000,day,day,1261.2500,USD,1261.2500,2522.5000,Germany,,False
PCARD,PCARD-00042,2025-03-27,Siem. AG #36,Siemens AG,1.0000,POS - INDUSTRIAL AIR FILTER MEDIUM / 5385,INDUSTRIAL AIR FILTER MEDIUM,industrial air filter medium,,Office & MRO,Maintenance Supplies,0.9600,2.0000,each,each,36.2800,GBP,46.0756,92.1512,Ireland,source_category_missing,True
PCARD,PCARD-00043,2025-10-01,Pinnacle Equip.,Pinnacle Safety Equipment,1.0000,POS - USB-C ADAPTER MULTIPORT / 6860,USB-C ADAPTER MULTIPORT,usb c adapter multiport,Peripherals,IT Hardware,Peripherals,0.9100,3.0000,each,each,33.1700,GBP,42.1259,126.3777,Germany,,False
PCARD,PCARD-00044,2025-03-06,Northstar Co.,Northstar Office Products,1.0000,ONLINE ORDER - ELECTRIC VAN LEASE MONTHLY / 3598,ELECTRIC VAN LEASE MONTHLY,electric van lease monthly,FLEET,Fleet,Vehicle Leasing,0.9600,3.0000,month,month,816.0700,EUR,881.3556,2644.0668,Germany,,False
PCARD,PCARD-00045,2025-02-19,SUMMIT VL,Summit Vehicle Leasing,1.0000,CARD TXN - CLOUD COMPUTE USAGE / 4516,CLOUD COMPUTE USAGE,cloud compute usage,Cloud Services,Software & Cloud,Cloud Services,0.9100,1.0000,hour,hour,4.7000,EUR,5.0760,5.0760,UK,,False
PCARD,PCARD-00046,2025-01-12,Cedar Consulting #40,Cedar Consulting Group,1.0000,ONLINE ORDER - CLOUD STORAGE MONTHLY SUBSCRIPTION / 4637,CLOUD STORAGE MONTHLY SUBSCRIPTION,cloud storage monthly subscription,SOFTWARE & CLOUD,Software & Cloud,Cloud Services,0.9600,1.0000,month,month,326.7500,EUR,352.8900,352.8900,United States,,False
PCARD,PCARD-00047,2025-10-15,Harbor Sci.,Harbor Scientific Supply,1.0000,CARD TXN - CLOUD COMPUTE USAGE / 9863,CLOUD COMPUTE USAGE,cloud compute usage,,Software & Cloud,Cloud Services,0.9600,1.0000,hour,hour,4.0000,GBP,5.0800,5.0800,Ireland,source_category_missing,True
PCARD,PCARD-00048,2025-11-08,SUMMIT VL,Summit Vehicle Leasing,1.0000,POS - CLOUD STORAGE MONTHLY SUBSCRIPTION / 3988,CLOUD STORAGE MONTHLY SUBSCRIPTION,cloud storage monthly subscription,Software & Cloud > Cloud Services,Software & Cloud,Cloud Services,0.9900,5.0000,month,month,321.7600,EUR,347.5008,1737.5040,UK,,False
PCARD,PCARD-00049,2025-11-27,Vertex Ltd.,Vertex Technology Ltd,1.0000,ONLINE ORDER - ELECTRICITY SUPPLY USAGE / 4330,ELECTRICITY SUPPLY USAGE,electricity supply usage,Facilities & Energy > Energy,Facilities & Energy,Energy,0.9900,5.0000,MWh,mwh,144.9000,USD,144.9000,724.5000,Netherlands,,False
PCARD,PCARD-00050,2025-05-24,Acme Supply Co,Acme Industrial Supplies,1.0000,PURCHASE - LABORATORY NITRILE GLOVES BOX / 6110,LABORATORY NITRILE GLOVES BOX,laboratory nitrile gloves box,Safety & Lab/Laboratory Supplies,Safety & Lab,Laboratory Supplies,0.9900,10.0000,box,box,23.9600,USD,23.9600,239.6000,UK,,False
PCARD,PCARD-00051,2025-09-27,Apex Packaging Europe,Apex Packaging Europe,1.0000,POS - PROCESS IMPROVEMENT CONSULTANT / 4756,PROCESS IMPROVEMENT CONSULTANT,process improvement consultant,,Professional Services,Consulting,0.9600,1.0000,day,day,1332.6600,USD,1332.6600,1332.6600,France,source_category_missing,True
PCARD,PCARD-00052,2025-04-05,Vertex Technology Ltd,Vertex Technology Ltd,1.0000,CARD TXN - DOMESTIC PARCEL DELIVERY / 4381,DOMESTIC PARCEL DELIVERY,domestic parcel delivery,,Logistics,Freight Services,0.9600,2.0000,shipment,shipment,28.9800,EUR,31.2984,62.5968,Ireland,source_category_missing,True
PCARD,PCARD-00053,2025-06-22,Harbor Sci. #53,Harbor Scientific Supply,1.0000,PURCHASE - PROCESS IMPROVEMENT CONSULTANT / 1493,PROCESS IMPROVEMENT CONSULTANT,process improvement consultant,Professional Services > Consulting,Professional Services,Consulting,0.9900,2.0000,day,day,1235.0200,USD,1235.0200,2470.0400,Germany,,False
PCARD,PCARD-00054,2025-03-30,Pinnacle Equip. #80,Pinnacle Safety Equipment,1.0000,CARD TXN - WIRELESS KEYBOARD AND MOUSE SET / 6921,WIRELESS KEYBOARD AND MOUSE SET,wireless keyboard and mouse set,,IT Hardware,Peripherals,0.9600,1.0000,each,each,54.7900,USD,54.7900,54.7900,Germany,source_category_missing,True
PCARD,PCARD-00055,2025-01-22,Vertex Ltd.,Vertex Technology Ltd,1.0000,ONLINE ORDER - A4 COPY PAPER CASE 5 REAMS / 3242,A4 COPY PAPER CASE 5 REAMS,a4 copy paper case 5 reams,,Office & MRO,Office Supplies,0.9600,3.0000,case,case,35.4800,USD,35.4800,106.4400,UK,source_category_missing,True
PCARD,PCARD-00056,2025-07-08,GFP Logistics #34,Global Freight Partners,1.0000,CARD TXN - PROJECT COLLABORATION ANNUAL LICENSE / 563,PROJECT COLLABORATION ANNUAL LICENSE,project collaboration annual license,,Software & Cloud,Software Licenses,0.9600,1.0000,license,license,147.5800,EUR,159.3864,159.3864,Ireland,source_category_missing,True
PCARD,PCARD-00057,2025-05-12,Harbor Scientific Supply,Harbor Scientific Supply,1.0000,POS - DATA ANALYTICS CONSULTANT / 9878,DATA ANALYTICS CONSULTANT,data analytics consultant,Professional Services > Consulting,Professional Services,Consulting,0.9900,3.0000,day,day,1423.8600,USD,1423.8600,4271.5800,United States,,False
PCARD,PCARD-00058,2025-06-11,Meridian Energy,Meridian Energy Services,1.0000,CARD TXN - PALLET FREIGHT DELIVERY / 7486,PALLET FREIGHT DELIVERY,pallet freight delivery,Logistics/Freight Services,Logistics,Freight Services,0.9900,3.0000,shipment,shipment,199.1400,USD,199.1400,597.4200,Germany,,False
PCARD,PCARD-00059,2025-10-28,Pinnacle PPE,Pinnacle Safety Equipment,1.0000,CARD TXN - CLOUD COMPUTE USAGE / 8873,CLOUD COMPUTE USAGE,cloud compute usage,Cloud Services,Software & Cloud,Cloud Services,0.9100,10.0000,hour,hour,4.7500,EUR,5.1300,51.3000,Germany,,False
PCARD,PCARD-00060,2025-06-11,SIEMENS #95,Siemens AG,1.0000,ONLINE ORDER - A4 COPY PAPER CASE 5 REAMS / 459,A4 COPY PAPER CASE 5 REAMS,a4 copy paper case 5 reams,,Office & MRO,Office Supplies,0.9600,1.0000,case,case,32.1300,EUR,34.7004,34.7004,Germany,source_category_missing,True
PCARD,PCARD-00061,2025-03-24,Redwood Telecom Services #89,Redwood Telecom Services,1.0000,CARD TXN - PROCESS IMPROVEMENT CONSULTANT / 1349,PROCESS IMPROVEMENT CONSULTANT,process improvement consultant,PROFESSIONAL SERVICES,Professional Services,Consulting,0.9600,1.0000,day,day,1328.4900,USD,1328.4900,1328.4900,Ireland,,False
PCARD,PCARD-00062,2025-08-30,Orchard Services #43,Orchard Maintenance Co,1.0000,CARD TXN - DOMESTIC PARCEL DELIVERY / 8195,DOMESTIC PARCEL DELIVERY,domestic parcel delivery,Logistics/Freight Services,Logistics,Freight Services,0.9900,5.0000,shipment,shipment,24.9200,GBP,31.6484,158.2420,United States,,False
PCARD,PCARD-00063,2025-04-29,Orchard Maintenance Co #11,Orchard Maintenance Co,1.0000,ONLINE ORDER - A4 COPY PAPER CASE 5 REAMS / 6877,A4 COPY PAPER CASE 5 REAMS,a4 copy paper case 5 reams,,Office & MRO,Office Supplies,0.9600,1.0000,case,case,27.9700,GBP,35.5219,35.5219,United States,source_category_missing,True
PCARD,PCARD-00064,2025-10-20,VERTEX TECHNOLOGY #36,Vertex Technology Ltd,1.0000,CARD TXN - HVAC PREVENTIVE MAINTENANCE VISIT / 6432,HVAC PREVENTIVE MAINTENANCE VISIT,hvac preventive maintenance visit,,Facilities & Energy,Facilities Services,0.9600,1.0000,visit,visit,438.6500,USD,438.6500,438.6500,UK,source_category_missing,True
PCARD,PCARD-00065,2025-08-21,Apex Packaging #61,Apex Packaging Europe,1.0000,PURCHASE - PROTECTIVE SAFETY GLASSES / 9845,PROTECTIVE SAFETY GLASSES,protective safety glasses,Safety & Lab > Personal Protective Equipment,Safety & Lab,Personal Protective Equipment,0.9900,5.0000,each,each,10.3000,GBP,13.0810,65.4050,Netherlands,,False
PCARD,PCARD-00066,2025-06-17,Harbor Sci.,Harbor Scientific Supply,1.0000,POS - CLOUD STORAGE MONTHLY SUBSCRIPTION / 9566,CLOUD STORAGE MONTHLY SUBSCRIPTION,cloud storage monthly subscription,SOFTWARE & CLOUD,Software & Cloud,Cloud Services,0.9600,2.0000,month,month,335.9100,USD,335.9100,671.8200,Netherlands,,False
PCARD,PCARD-00067,2025-09-10,Acme Supply Co,Acme Industrial Supplies,1.0000,ONLINE ORDER - ELECTRIC VAN LEASE MONTHLY / 4745,ELECTRIC VAN LEASE MONTHLY,electric van lease monthly,Vehicle Leasing,Fleet,Vehicle Leasing,0.9100,1.0000,month,month,851.2100,USD,851.2100,851.2100,Ireland,,False
PCARD,PCARD-00068,2025-08-20,Pinnacle Safety Equipment,Pinnacle Safety Equipment,1.0000,POS - USB-C HEADSET / 9433,USB-C HEADSET,usb c headset,Peripherals,IT Hardware,Peripherals,0.9100,3.0000,each,each,87.8900,USD,87.8900,263.6700,Ireland,,False
PCARD,PCARD-00069,2025-09-28,Summit Vehicle Leasing,Summit Vehicle Leasing,1.0000,CARD TXN - WIRELESS KEYBOARD AND MOUSE SET / 2961,WIRELESS KEYBOARD AND MOUSE SET,wireless keyboard and mouse set,IT HARDWARE,IT Hardware,Peripherals,0.9600,2.0000,each,each,53.7300,USD,53.7300,107.4600,Ireland,,False
PCARD,PCARD-00070,2025-04-27,Vertex Technology Ltd,Vertex Technology Ltd,1.0000,PURCHASE - PROJECT COLLABORATION ANNUAL LICENSE / 8797,PROJECT COLLABORATION ANNUAL LICENSE,project collaboration annual license,Software Licenses,Software & Cloud,Software Licenses,0.9100,1.0000,license,license,152.9700,USD,152.9700,152.9700,Netherlands,,False
PCARD,PCARD-00071,2025-09-13,Orchard Maint.,Orchard Maintenance Co,1.0000,POS - CLOUD STORAGE MONTHLY SUBSCRIPTION / 8482,CLOUD STORAGE MONTHLY SUBSCRIPTION,cloud storage monthly subscription,,Software & Cloud,Cloud Services,0.9600,3.0000,month,month,313.9200,EUR,339.0336,1017.1008,United States,source_category_missing,True
PCARD,PCARD-00072,2025-11-10,Apex Pkg Europe,Apex Packaging Europe,1.0000,POS - USB-C HEADSET / 2581,USB-C HEADSET,usb c headset,IT Hardware/Peripherals,IT Hardware,Peripherals,0.9900,1.0000,each,each,83.7300,EUR,90.4284,90.4284,France,,False
PCARD,PCARD-00073,2025-03-09,NORTHSTAR,Northstar Office Products,1.0000,PURCHASE - INDUSTRIAL AIR FILTER MEDIUM / 5367,INDUSTRIAL AIR FILTER MEDIUM,industrial air filter medium,,Office & MRO,Maintenance Supplies,0.9600,2.0000,each,each,45.0800,USD,45.0800,90.1600,Ireland,source_category_missing,True
PCARD,PCARD-00074,2025-09-05,GFP Logistics #43,Global Freight Partners,1.0000,ONLINE ORDER - USB-C ADAPTER MULTIPORT / 682,USB-C ADAPTER MULTIPORT,usb c adapter multiport,IT Hardware > Peripherals,IT Hardware,Peripherals,0.9900,2.0000,each,each,35.0800,GBP,44.5516,89.1032,Ireland,,False
PCARD,PCARD-00075,2025-11-29,Summit Leasing,Summit Vehicle Leasing,1.0000,ONLINE ORDER - INDUSTRIAL AIR FILTER MEDIUM / 4267,INDUSTRIAL AIR FILTER MEDIUM,industrial air filter medium,OFFICE & MRO,Office & MRO,Maintenance Supplies,0.9600,5.0000,each,each,41.3700,EUR,44.6796,223.3980,Netherlands,,False
PCARD,PCARD-00076,2025-01-22,Summit Fleet #84,Summit Vehicle Leasing,1.0000,CARD TXN - DATA ANALYTICS CONSULTANT / 2433,DATA ANALYTICS CONSULTANT,data analytics consultant,,Professional Services,Consulting,0.9600,1.0000,day,day,1412.5400,USD,1412.5400,1412.5400,UK,source_category_missing,True
PCARD,PCARD-00077,2025-01-26,Redwood Telco,Redwood Telecom Services,1.0000,ONLINE ORDER - BUSINESS BROADBAND CONNECTION / 6426,BUSINESS BROADBAND CONNECTION,business broadband connection,Telecom Services,Telecom,Telecom Services,0.9100,1.0000,month,month,96.1200,EUR,103.8096,103.8096,Netherlands,,False
PCARD,PCARD-00078,2025-02-15,Harbour Scientific,Harbor Scientific Supply,1.0000,PURCHASE - HVAC PREVENTIVE MAINTENANCE VISIT / 3272,HVAC PREVENTIVE MAINTENANCE VISIT,hvac preventive maintenance visit,,Facilities & Energy,Facilities Services,0.9600,3.0000,visit,visit,412.8900,USD,412.8900,1238.6700,United States,source_category_missing,True
PCARD,PCARD-00079,2025-05-25,Bluebird Facilities Group,Bluebird Facilities Group,1.0000,POS - CORRUGATED SHIPPING BOX MEDIUM / 9251,CORRUGATED SHIPPING BOX MEDIUM,corrugated shipping box medium,,Logistics,Packaging,0.9600,5.0000,box,box,1.4600,EUR,1.5768,7.8840,Ireland,source_category_missing,True
PCARD,PCARD-00080,2025-11-15,Orchard Services,Orchard Maintenance Co,1.0000,PURCHASE - BUSINESS LAPTOP 14 INCH / 929,BUSINESS LAPTOP 14 INCH,business laptop 14 inch,Laptops,IT Hardware,Laptops,0.9100,2.0000,each,each,988.6400,USD,988.6400,1977.2800,UK,price_variance_review,True
PCARD,PCARD-00081,2025-03-08,Summit Fleet #80,Summit Vehicle Leasing,1.0000,PURCHASE - CLOUD STORAGE MONTHLY SUBSCRIPTION / 9509,CLOUD STORAGE MONTHLY SUBSCRIPTION,cloud storage monthly subscription,,Software & Cloud,Cloud Services,0.9600,2.0000,month,month,350.5500,USD,350.5500,701.1000,Germany,source_category_missing,True
PCARD,PCARD-00082,2025-08-31,Blue Bird Facilities,Bluebird Facilities Group,1.0000,POS - PROCESS IMPROVEMENT CONSULTANT / 9822,PROCESS IMPROVEMENT CONSULTANT,process improvement consultant,Consulting,Professional Services,Consulting,0.9100,10.0000,day,day,1133.1200,EUR,1223.7696,12237.6960,Netherlands,,False
PCARD,PCARD-00083,2025-07-26,Acme Supply Co #62,Acme Industrial Supplies,1.0000,POS - A4 COPY PAPER CASE 5 REAMS / 2519,A4 COPY PAPER CASE 5 REAMS,a4 copy paper case 5 reams,Office & MRO/Office Supplies,Office & MRO,Office Supplies,0.9900,3.0000,case,case,26.7400,GBP,33.9598,101.8794,United States,,False
PCARD,PCARD-00084,2025-01-03,Cedar Consulting Group #50,Cedar Consulting Group,1.0000,CARD TXN - PALLET FREIGHT DELIVERY / 5044,PALLET FREIGHT DELIVERY,pallet freight delivery,Logistics/Freight Services,Logistics,Freight Services,0.9900,2.0000,shipment,shipment,209.9200,USD,209.9200,419.8400,United States,,False
PCARD,PCARD-00085,2025-03-31,Meridian Utilities #12,Meridian Energy Services,1.0000,ONLINE ORDER - A4 COPY PAPER CASE 5 REAMS / 6522,A4 COPY PAPER CASE 5 REAMS,a4 copy paper case 5 reams,OFFICE & MRO,Office & MRO,Office Supplies,0.9600,1.0000,case,case,33.2000,EUR,35.8560,35.8560,UK,,False
PCARD,PCARD-00086,2025-05-11,Acme Supply Co,Acme Industrial Supplies,1.0000,PURCHASE - A4 COPY PAPER CASE 5 REAMS / 6675,A4 COPY PAPER CASE 5 REAMS,a4 copy paper case 5 reams,,Office & MRO,Office Supplies,0.9600,3.0000,case,case,35.5400,USD,35.5400,106.6200,UK,source_category_missing,True
PCARD,PCARD-00087,2025-06-26,SIEMENS,Siemens AG,1.0000,PURCHASE - LAPTOP DOCK USB-C / 5116,LAPTOP DOCK USB-C,laptop dock usb c,IT Hardware > Laptops,IT Hardware,Laptops,0.9900,3.0000,each,each,192.8300,USD,192.8300,578.4900,Ireland,,False
PCARD,PCARD-00088,2025-02-15,VERTEX TECHNOLOGY,Vertex Technology Ltd,1.0000,ONLINE ORDER - ELECTRICITY SUPPLY USAGE / 2976,ELECTRICITY SUPPLY USAGE,electricity supply usage,,Facilities & Energy,Energy,0.9600,1.0000,MWh,mwh,142.9900,USD,142.9900,142.9900,Germany,source_category_missing,True
PCARD,PCARD-00089,2025-07-18,MERIDIAN #83,Meridian Energy Services,1.0000,PURCHASE - MONITOR 27 INCH QHD / 502,MONITOR 27 INCH QHD,monitor 27 inch qhd,Displays,IT Hardware,Displays,0.9100,1.0000,each,each,211.2900,GBP,268.3383,268.3383,Netherlands,,False
PCARD,PCARD-00090,2025-01-13,REDWOOD,Redwood Telecom Services,1.0000,CARD TXN - PDF EDITOR ANNUAL LICENSE / 6461,PDF EDITOR ANNUAL LICENSE,pdf editor annual license,Software Licenses,Software & Cloud,Software Licenses,0.9100,1.0000,license,license,99.9800,EUR,107.9784,107.9784,United States,,False
PCARD,PCARD-00091,2025-09-23,Global Freight Partners,Global Freight Partners,1.0000,CARD TXN - COMPACT VEHICLE LEASE MONTHLY / 4368,COMPACT VEHICLE LEASE MONTHLY,compact vehicle lease monthly,Vehicle Leasing,Fleet,Vehicle Leasing,0.9100,3.0000,month,month,503.4900,EUR,543.7692,1631.3076,United States,,False
PCARD,PCARD-00092,2025-09-04,Harbour Scientific,Harbor Scientific Supply,1.0000,POS - ELECTRICITY SUPPLY USAGE / 9925,ELECTRICITY SUPPLY USAGE,electricity supply usage,Facilities & Energy > Energy,Facilities & Energy,Energy,0.9900,1.0000,MWh,mwh,149.2600,USD,149.2600,149.2600,Ireland,,False
PCARD,PCARD-00093,2025-09-07,Global Frt. Ptnrs,Global Freight Partners,1.0000,ONLINE ORDER - COMPACT VEHICLE LEASE MONTHLY / 8472,COMPACT VEHICLE LEASE MONTHLY,compact vehicle lease monthly,Fleet/Vehicle Leasing,Fleet,Vehicle Leasing,0.9900,2.0000,month,month,391.4900,GBP,497.1923,994.3846,United States,,False
PCARD,PCARD-00094,2025-04-14,BLUEBIRD,Bluebird Facilities Group,1.0000,PURCHASE - PROJECT COLLABORATION ANNUAL LICENSE / 6522,PROJECT COLLABORATION ANNUAL LICENSE,project collaboration annual license,SOFTWARE & CLOUD,Software & Cloud,Software Licenses,0.9600,2.0000,license,license,158.9500,USD,158.9500,317.9000,United States,,False
PCARD,PCARD-00095,2025-04-27,Harbor Scientific Supply,Harbor Scientific Supply,1.0000,PURCHASE - CORRUGATED SHIPPING BOX MEDIUM / 8257,CORRUGATED SHIPPING BOX MEDIUM,corrugated shipping box medium,Logistics/Packaging,Logistics,Packaging,0.9900,1.0000,box,box,1.3100,GBP,1.6637,1.6637,Ireland,,False
PCARD,PCARD-00096,2025-06-23,Cedar Consulting,Cedar Consulting Group,1.0000,POS - OFFICE CLEANING MONTHLY SERVICE / 8530,OFFICE CLEANING MONTHLY SERVICE,office cleaning monthly service,FACILITIES & ENERGY,Facilities & Energy,Facilities Services,0.9600,2.0000,month,month,1153.7200,GBP,1465.2244,2930.4488,Germany,,False
PCARD,PCARD-00097,2025-10-28,Acme Supply Co,Acme Industrial Supplies,1.0000,PURCHASE - CLOUD STORAGE MONTHLY SUBSCRIPTION / 9078,CLOUD STORAGE MONTHLY SUBSCRIPTION,cloud storage monthly subscription,,Software & Cloud,Cloud Services,0.9600,1.0000,month,month,280.7900,GBP,356.6033,356.6033,Ireland,source_category_missing,True
PCARD,PCARD-00098,2025-09-03,ACME Ind. #82,Acme Industrial Supplies,1.0000,POS - BUSINESS LAPTOP 14 INCH / 8738,BUSINESS LAPTOP 14 INCH,business laptop 14 inch,,IT Hardware,Laptops,0.9600,1.0000,each,each,855.9900,GBP,1087.1073,1087.1073,Germany,source_category_missing;price_variance_review,True
PCARD,PCARD-00099,2025-07-15,Siemens AG #87,Siemens AG,1.0000,CARD TXN - ELECTRIC VAN LEASE MONTHLY / 4554,ELECTRIC VAN LEASE MONTHLY,electric van lease monthly,Fleet/Vehicle Leasing,Fleet,Vehicle Leasing,0.9900,2.0000,month,month,861.5700,USD,861.5700,1723.1400,United States,,False
PCARD,PCARD-00100,2025-08-10,Vertex Tech #95,Vertex Technology Ltd,1.0000,PURCHASE - OFFICE CLEANING MONTHLY SERVICE / 5606,OFFICE CLEANING MONTHLY SERVICE,office cleaning monthly service,,Facilities & Energy,Facilities Services,0.9600,1.0000,month,month,1131.9100,GBP,1437.5257,1437.5257,Ireland,source_category_missing,True
PCARD,PCARD-00101,2025-12-05,HSS,Harbor Scientific Supply,1.0000,PURCHASE - WHITEBOARD MARKER PACK 12 / 628,WHITEBOARD MARKER PACK 12,whiteboard marker pack 12,Office Supplies,Office & MRO,Office Supplies,0.9100,2.0000,pack,pack,15.2900,EUR,16.5132,33.0264,Ireland,,False
PCARD,PCARD-00102,2025-04-19,Summit Fleet,Summit Vehicle Leasing,1.0000,PURCHASE - LAPTOP DOCK USB-C / 1535,LAPTOP DOCK USB-C,laptop dock usb c,Laptops,IT Hardware,Laptops,0.9100,1.0000,each,each,196.8900,USD,196.8900,196.8900,Germany,,False
PCARD,PCARD-00103,2025-04-23,Global Freight Partners #92,Global Freight Partners,1.0000,ONLINE ORDER - USB-C HEADSET / 4453,USB-C HEADSET,usb c headset,Peripherals,IT Hardware,Peripherals,0.9100,2.0000,each,each,88.8200,USD,88.8200,177.6400,Ireland,,False
PCARD,PCARD-00104,2025-11-18,Siemens AG,Siemens AG,1.0000,POS - COMPACT VEHICLE LEASE MONTHLY / 6377,COMPACT VEHICLE LEASE MONTHLY,compact vehicle lease monthly,,Fleet,Vehicle Leasing,0.9600,5.0000,month,month,416.0500,GBP,528.3835,2641.9175,Netherlands,source_category_missing,True
PCARD,PCARD-00105,2025-09-09,Cedar Consulting Group,Cedar Consulting Group,1.0000,POS - USB-C HEADSET / 7873,USB-C HEADSET,usb c headset,IT Hardware > Peripherals,IT Hardware,Peripherals,0.9900,10.0000,each,each,71.4900,GBP,90.7923,907.9230,France,,False
PCARD,PCARD-00106,2025-07-11,Northstar Office Products,Northstar Office Products,1.0000,CARD TXN - DATA ANALYTICS CONSULTANT / 7391,DATA ANALYTICS CONSULTANT,data analytics consultant,,Professional Services,Consulting,0.9600,2.0000,day,day,1376.6300,EUR,1486.7604,2973.5208,United States,source_category_missing,True
PCARD,PCARD-00107,2025-07-20,CEDAR CG #80,Cedar Consulting Group,1.0000,POS - BUSINESS BROADBAND CONNECTION / 5181,BUSINESS BROADBAND CONNECTION,business broadband connection,TELECOM,Telecom,Telecom Services,0.9600,3.0000,month,month,89.8200,EUR,97.0056,291.0168,UK,,False
PCARD,PCARD-00108,2025-06-06,Bluebird FM #84,Bluebird Facilities Group,1.0000,ONLINE ORDER - HVAC PREVENTIVE MAINTENANCE VISIT / 8935,HVAC PREVENTIVE MAINTENANCE VISIT,hvac preventive maintenance visit,FACILITIES & ENERGY,Facilities & Energy,Facilities Services,0.9600,10.0000,visit,visit,453.2700,USD,453.2700,4532.7000,United States,,False
PCARD,PCARD-00109,2025-08-08,HSS,Harbor Scientific Supply,1.0000,CARD TXN - ELECTRIC VAN LEASE MONTHLY / 1315,ELECTRIC VAN LEASE MONTHLY,electric van lease monthly,Vehicle Leasing,Fleet,Vehicle Leasing,0.9100,3.0000,month,month,924.7000,USD,924.7000,2774.1000,United States,,False
PCARD,PCARD-00110,2025-02-02,Bluebird Facilities Group #38,Bluebird Facilities Group,1.0000,CARD TXN - PROCESS IMPROVEMENT CONSULTANT / 6605,PROCESS IMPROVEMENT CONSULTANT,process improvement consultant,,Professional Services,Consulting,0.9600,1.0000,day,day,1289.0400,USD,1289.0400,1289.0400,France,source_category_missing,True
PCARD,PCARD-00111,2025-10-09,REDWOOD #28,Redwood Telecom Services,1.0000,POS - BUSINESS LAPTOP 14 INCH / 5808,BUSINESS LAPTOP 14 INCH,business laptop 14 inch,Laptops,IT Hardware,Laptops,0.9100,5.0000,each,each,972.0700,EUR,1049.8356,5249.1780,United States,price_variance_review,True
PCARD,PCARD-00112,2025-04-28,Siem. AG,Siemens AG,1.0000,POS - PROCESS IMPROVEMENT CONSULTANT / 2911,PROCESS IMPROVEMENT CONSULTANT,process improvement consultant,Consulting,Professional Services,Consulting,0.9100,1.0000,day,day,1245.8800,USD,1245.8800,1245.8800,Netherlands,,False
PCARD,PCARD-00113,2025-06-18,Apex Packaging Europe #49,Apex Packaging Europe,1.0000,POS - ELECTRICITY SUPPLY USAGE / 7553,ELECTRICITY SUPPLY USAGE,electricity supply usage,Energy,Facilities & Energy,Energy,0.9100,5.0000,MWh,mwh,130.5700,EUR,141.0156,705.0780,United States,,False
PCARD,PCARD-00114,2025-03-14,Blue Bird Facilities #38,Bluebird Facilities Group,1.0000,ONLINE ORDER - A4 COPY PAPER CASE 5 REAMS / 5083,A4 COPY PAPER CASE 5 REAMS,a4 copy paper case 5 reams,OFFICE & MRO,Office & MRO,Office Supplies,0.9600,10.0000,case,case,34.7800,USD,34.7800,347.8000,United States,,False
PCARD,PCARD-00115,2025-07-21,Global Frt. Ptnrs,Global Freight Partners,1.0000,POS - DATA ANALYTICS CONSULTANT / 1855,DATA ANALYTICS CONSULTANT,data analytics consultant,Professional Services/Consulting,Professional Services,Consulting,0.9900,1.0000,day,day,1394.8700,USD,1394.8700,1394.8700,Germany,,False
PCARD,PCARD-00116,2025-09-29,Harbor Scientific Supply #90,Harbor Scientific Supply,1.0000,POS - LABORATORY NITRILE GLOVES BOX / 343,LABORATORY NITRILE GLOVES BOX,laboratory nitrile gloves box,SAFETY & LAB,Safety & Lab,Laboratory Supplies,0.9600,10.0000,box,box,22.6700,EUR,24.4836,244.8360,Netherlands,,False
PCARD,PCARD-00117,2025-07-21,Bluebird Facilities Group #11,Bluebird Facilities Group,1.0000,POS - PDF EDITOR ANNUAL LICENSE / 7596,PDF EDITOR ANNUAL LICENSE,pdf editor annual license,Software Licenses,Software & Cloud,Software Licenses,0.9100,3.0000,license,license,102.0500,EUR,110.2140,330.6420,France,,False
PCARD,PCARD-00118,2025-03-17,Orchard Maintenance Co,Orchard Maintenance Co,1.0000,POS - BUSINESS LAPTOP 14 INCH / 6830,BUSINESS LAPTOP 14 INCH,business laptop 14 inch,IT Hardware/Laptops,IT Hardware,Laptops,0.9900,3.0000,each,each,825.4600,GBP,1048.3342,3145.0026,France,price_variance_review,True
PCARD,PCARD-00119,2025-06-15,ACME Ind.,Acme Industrial Supplies,1.0000,ONLINE ORDER - CORRUGATED SHIPPING BOX MEDIUM / 5003,CORRUGATED SHIPPING BOX MEDIUM,corrugated shipping box medium,Packaging,Logistics,Packaging,0.9100,1.0000,box,box,1.2600,GBP,1.6002,1.6002,UK,,False
PCARD,PCARD-00120,2025-07-28,Redwood Telecom Services #34,Redwood Telecom Services,1.0000,POS - LABORATORY NITRILE GLOVES BOX / 8863,LABORATORY NITRILE GLOVES BOX,laboratory nitrile gloves box,Safety & Lab/Laboratory Supplies,Safety & Lab,Laboratory Supplies,0.9900,1.0000,box,box,22.6100,USD,22.6100,22.6100,United States,,False
PCARD,PCARD-00121,2025-04-14,Northstar Office Products,Northstar Office Products,1.0000,PURCHASE - CLOUD STORAGE MONTHLY SUBSCRIPTION / 5855,CLOUD STORAGE MONTHLY SUBSCRIPTION,cloud storage monthly subscription,,Software & Cloud,Cloud Services,0.9600,3.0000,month,month,316.5900,EUR,341.9172,1025.7516,France,source_category_missing,True
PCARD,PCARD-00122,2025-07-18,MERIDIAN,Meridian Energy Services,1.0000,ONLINE ORDER - BUSINESS LAPTOP 14 INCH / 7641,BUSINESS LAPTOP 14 INCH,business laptop 14 inch,IT Hardware/Laptops,IT Hardware,Laptops,0.9900,1.0000,each,each,764.6800,GBP,971.1436,971.1436,UK,price_variance_review,True
PCARD,PCARD-00123,2025-12-19,Siemens AG,Siemens AG,1.0000,ONLINE ORDER - BUSINESS LAPTOP 14 INCH / 8789,BUSINESS LAPTOP 14 INCH,business laptop 14 inch,Laptops,IT Hardware,Laptops,0.9100,5.0000,each,each,1046.2700,USD,1046.2700,5231.3500,United States,price_variance_review,True
PCARD,PCARD-00124,2025-02-26,Redwood Telecom #23,Redwood Telecom Services,1.0000,PURCHASE - LAPTOP DOCK USB-C / 9198,LAPTOP DOCK USB-C,laptop dock usb c,IT Hardware/Laptops,IT Hardware,Laptops,0.9900,10.0000,each,each,207.1300,USD,207.1300,2071.3000,Germany,,False
PCARD,PCARD-00125,2025-02-04,Redwood Telecom,Redwood Telecom Services,1.0000,PURCHASE - COMPACT VEHICLE LEASE MONTHLY / 7621,COMPACT VEHICLE LEASE MONTHLY,compact vehicle lease monthly,Fleet/Vehicle Leasing,Fleet,Vehicle Leasing,0.9900,3.0000,month,month,492.2200,EUR,531.5976,1594.7928,UK,,False
PCARD,PCARD-00126,2025-12-22,Cedar Consulting,Cedar Consulting Group,1.0000,POS - PROTECTIVE SAFETY GLASSES / 7718,PROTECTIVE SAFETY GLASSES,protective safety glasses,Safety & Lab/Personal Protective Equipment,Safety & Lab,Personal Protective Equipment,0.9900,3.0000,each,each,12.4400,EUR,13.4352,40.3056,United States,,False
PCARD,PCARD-00127,2025-04-06,Blue Bird Facilities #61,Bluebird Facilities Group,1.0000,PURCHASE - ELECTRICITY SUPPLY USAGE / 2002,ELECTRICITY SUPPLY USAGE,electricity supply usage,,Facilities & Energy,Energy,0.9600,1.0000,MWh,mwh,116.9300,GBP,148.5011,148.5011,France,source_category_missing,True
PCARD,PCARD-00128,2025-08-12,Apex Packaging #44,Apex Packaging Europe,1.0000,PURCHASE - CORRUGATED SHIPPING BOX MEDIUM / 6474,CORRUGATED SHIPPING BOX MEDIUM,corrugated shipping box medium,,Logistics,Packaging,0.9600,1.0000,box,box,1.4600,EUR,1.5768,1.5768,Netherlands,source_category_missing,True
PCARD,PCARD-00129,2025-05-18,Apex Packaging,Apex Packaging Europe,1.0000,CARD TXN - HVAC PREVENTIVE MAINTENANCE VISIT / 547,HVAC PREVENTIVE MAINTENANCE VISIT,hvac preventive maintenance visit,Facilities & Energy/Facilities Services,Facilities & Energy,Facilities Services,0.9600,5.0000,visit,visit,390.0200,EUR,421.2216,2106.1080,Germany,,False
PCARD,PCARD-00130,2025-12-15,Siemens AG,Siemens AG,1.0000,POS - INDUSTRIAL AIR FILTER MEDIUM / 7351,INDUSTRIAL AIR FILTER MEDIUM,industrial air filter medium,Maintenance Supplies,Office & MRO,Maintenance Supplies,0.9100,1.0000,each,each,42.9900,EUR,46.4292,46.4292,United States,,False
PCARD,PCARD-00131,2025-11-11,Apex Packaging,Apex Packaging Europe,1.0000,CARD TXN - NITRILE SAFETY GLOVES BOX / 552,NITRILE SAFETY GLOVES BOX,nitrile safety gloves box,Office & MRO > Maintenance Supplies,Office & MRO,Maintenance Supplies,0.9900,10.0000,box,box,17.8200,EUR,19.2456,192.4560,Germany,,False
PCARD,PCARD-00132,2025-05-15,ACME #83,Acme Industrial Supplies,1.0000,CARD TXN - PALLET FREIGHT DELIVERY / 1504,PALLET FREIGHT DELIVERY,pallet freight delivery,LOGISTICS,Logistics,Freight Services,0.9600,3.0000,shipment,shipment,171.3200,GBP,217.5764,652.7292,Germany,,False
PCARD,PCARD-00133,2025-05-01,MERIDIAN #44,Meridian Energy Services,1.0000,POS - NITRILE SAFETY GLOVES BOX / 3714,NITRILE SAFETY GLOVES BOX,nitrile safety gloves box,Office & MRO/Maintenance Supplies,Office & MRO,Maintenance Supplies,0.9900,2.0000,box,box,14.9900,GBP,19.0373,38.0746,Germany,,False
PCARD,PCARD-00134,2025-04-27,ACME #81,Acme Industrial Supplies,1.0000,CARD TXN - STRETCH WRAP ROLL CLEAR / 7399,STRETCH WRAP ROLL CLEAR,stretch wrap roll clear,,Logistics,Packaging,0.9600,10.0000,roll,roll,17.6900,GBP,22.4663,224.6630,Germany,source_category_missing,True
PCARD,PCARD-00135,2025-11-16,Cedar Consult.,Cedar Consulting Group,1.0000,ONLINE ORDER - BUSINESS BROADBAND CONNECTION / 5081,BUSINESS BROADBAND CONNECTION,business broadband connection,,Telecom,Telecom Services,0.9600,5.0000,month,month,91.1900,EUR,98.4852,492.4260,Ireland,source_category_missing,True
PCARD,PCARD-00136,2025-10-15,ACME Ind.,Acme Industrial Supplies,1.0000,CARD TXN - DATA ANALYTICS CONSULTANT / 5588,DATA ANALYTICS CONSULTANT,data analytics consultant,Professional Services/Consulting,Professional Services,Consulting,0.9900,1.0000,day,day,1169.9200,GBP,1485.7984,1485.7984,Netherlands,,False
PCARD,PCARD-00137,2025-01-18,Pinnacle Safety Equipment #62,Pinnacle Safety Equipment,1.0000,ONLINE ORDER - A4 COPY PAPER CASE 5 REAMS / 1543,A4 COPY PAPER CASE 5 REAMS,a4 copy paper case 5 reams,,Office & MRO,Office Supplies,0.9600,1.0000,case,case,32.7900,EUR,35.4132,35.4132,Germany,source_category_missing,True
PCARD,PCARD-00138,2025-02-25,Pinnacle Safety,Pinnacle Safety Equipment,1.0000,ONLINE ORDER - LABORATORY NITRILE GLOVES BOX / 1546,LABORATORY NITRILE GLOVES BOX,laboratory nitrile gloves box,,Safety & Lab,Laboratory Supplies,0.9600,1.0000,box,box,22.8000,USD,22.8000,22.8000,France,source_category_missing,True
PCARD,PCARD-00139,2025-05-01,Meridian Energy Services,Meridian Energy Services,1.0000,POS - DOMESTIC PARCEL DELIVERY / 2322,DOMESTIC PARCEL DELIVERY,domestic parcel delivery,,Logistics,Freight Services,0.9600,1.0000,shipment,shipment,33.1200,USD,33.1200,33.1200,Netherlands,source_category_missing,True
PCARD,PCARD-00140,2025-06-23,Pinnacle Safety Equipment #68,Pinnacle Safety Equipment,1.0000,ONLINE ORDER - ELECTRICITY SUPPLY USAGE / 2879,ELECTRICITY SUPPLY USAGE,electricity supply usage,,Facilities & Energy,Energy,0.9600,3.0000,MWh,mwh,132.6000,EUR,143.2080,429.6240,Ireland,source_category_missing,True
PCARD,PCARD-00141,2025-09-24,Meridian Energy Services,Meridian Energy Services,1.0000,CARD TXN - LABORATORY NITRILE GLOVES BOX / 5282,LABORATORY NITRILE GLOVES BOX,laboratory nitrile gloves box,,Safety & Lab,Laboratory Supplies,0.9600,10.0000,box,box,24.9100,USD,24.9100,249.1000,United States,source_category_missing,True
PCARD,PCARD-00142,2025-12-27,GFP Logistics,Global Freight Partners,1.0000,PURCHASE - USB-C HEADSET / 2858,USB-C HEADSET,usb c headset,,IT Hardware,Peripherals,0.9600,5.0000,each,each,73.4000,GBP,93.2180,466.0900,Germany,source_category_missing,True
PCARD,PCARD-00143,2025-10-18,Cedar Consult. #12,Cedar Consulting Group,1.0000,CARD TXN - WIRELESS KEYBOARD AND MOUSE SET / 9790,WIRELESS KEYBOARD AND MOUSE SET,wireless keyboard and mouse set,IT Hardware > Peripherals,IT Hardware,Peripherals,0.9900,2.0000,each,each,43.6300,GBP,55.4101,110.8202,France,,False
PCARD,PCARD-00144,2025-07-03,Apex Packaging,Apex Packaging Europe,1.0000,PURCHASE - MONITOR 27 INCH QHD / 4498,MONITOR 27 INCH QHD,monitor 27 inch qhd,IT Hardware/Displays,IT Hardware,Displays,0.9900,10.0000,each,each,274.1100,USD,274.1100,2741.1000,Ireland,,False
PCARD,PCARD-00145,2025-03-21,Bluebird Facilities Group #18,Bluebird Facilities Group,1.0000,CARD TXN - PROJECT COLLABORATION ANNUAL LICENSE / 3660,PROJECT COLLABORATION ANNUAL LICENSE,project collaboration annual license,SOFTWARE & CLOUD,Software & Cloud,Software Licenses,0.9600,1.0000,license,license,156.1400,USD,156.1400,156.1400,Netherlands,,False
PCARD,PCARD-00146,2025-06-03,SUMMIT VL,Summit Vehicle Leasing,1.0000,POS - A4 COPY PAPER CASE 5 REAMS / 8650,A4 COPY PAPER CASE 5 REAMS,a4 copy paper case 5 reams,,Office & MRO,Office Supplies,0.9600,2.0000,case,case,28.8300,GBP,36.6141,73.2282,France,source_category_missing,True
PCARD,PCARD-00147,2025-11-15,BLUEBIRD,Bluebird Facilities Group,1.0000,CARD TXN - INDUSTRIAL AIR FILTER MEDIUM / 318,INDUSTRIAL AIR FILTER MEDIUM,industrial air filter medium,Maintenance Supplies,Office & MRO,Maintenance Supplies,0.9100,2.0000,each,each,38.2800,GBP,48.6156,97.2312,France,,False
PCARD,PCARD-00148,2025-01-28,Apex Pkg Europe #78,Apex Packaging Europe,1.0000,POS - PDF EDITOR ANNUAL LICENSE / 452,PDF EDITOR ANNUAL LICENSE,pdf editor annual license,Software & Cloud/Software Licenses,Software & Cloud,Software Licenses,0.9900,10.0000,license,license,82.7900,GBP,105.1433,1051.4330,United States,,False
PCARD,PCARD-00149,2025-08-13,Pinnacle PPE,Pinnacle Safety Equipment,1.0000,PURCHASE - MONITOR 27 INCH QHD / 4904,MONITOR 27 INCH QHD,monitor 27 inch qhd,IT Hardware > Displays,IT Hardware,Displays,0.9900,3.0000,each,each,261.6400,EUR,282.5712,847.7136,UK,,False
PCARD,PCARD-00150,2025-02-10,Redwood Telco #30,Redwood Telecom Services,1.0000,ONLINE ORDER - INDUSTRIAL AIR FILTER MEDIUM / 1439,INDUSTRIAL AIR FILTER MEDIUM,industrial air filter medium,,Office & MRO,Maintenance Supplies,0.9600,2.0000,each,each,38.8700,GBP,49.3649,98.7298,Netherlands,source_category_missing,True
PCARD,PCARD-00151,2025-09-22,BLUEBIRD #32,Bluebird Facilities Group,1.0000,POS - ELECTRIC VAN LEASE MONTHLY / 1185,ELECTRIC VAN LEASE MONTHLY,electric van lease monthly,,Fleet,Vehicle Leasing,0.9600,10.0000,month,month,813.0200,EUR,878.0616,8780.6160,Germany,source_category_missing,True
PCARD,PCARD-00152,2025-12-05,Vertex Tech #30,Vertex Technology Ltd,1.0000,CARD TXN - PROCESS IMPROVEMENT CONSULTANT / 9933,PROCESS IMPROVEMENT CONSULTANT,process improvement consultant,,Professional Services,Consulting,0.9600,1.0000,day,day,1322.7400,USD,1322.7400,1322.7400,United States,source_category_missing,True
PCARD,PCARD-00153,2025-12-10,Harbor Scientific Supply,Harbor Scientific Supply,1.0000,CARD TXN - BUSINESS BROADBAND CONNECTION / 8338,BUSINESS BROADBAND CONNECTION,business broadband connection,,Telecom,Telecom Services,0.9600,10.0000,month,month,95.2000,EUR,102.8160,1028.1600,Germany,source_category_missing,True
PCARD,PCARD-00154,2025-09-25,Meridian Energy #21,Meridian Energy Services,1.0000,ONLINE ORDER - PROCESS IMPROVEMENT CONSULTANT / 273,PROCESS IMPROVEMENT CONSULTANT,process improvement consultant,PROFESSIONAL SERVICES,Professional Services,Consulting,0.9600,3.0000,day,day,1230.6400,USD,1230.6400,3691.9200,Netherlands,,False
PCARD,PCARD-00155,2025-10-24,Orchard Maint.,Orchard Maintenance Co,1.0000,CARD TXN - NITRILE SAFETY GLOVES BOX / 3544,NITRILE SAFETY GLOVES BOX,nitrile safety gloves box,Office & MRO/Maintenance Supplies,Office & MRO,Maintenance Supplies,0.9900,5.0000,box,box,19.7600,EUR,21.3408,106.7040,France,,False
PCARD,PCARD-00156,2025-02-14,Meridian Energy #15,Meridian Energy Services,1.0000,ONLINE ORDER - DOMESTIC PARCEL DELIVERY / 5330,DOMESTIC PARCEL DELIVERY,domestic parcel delivery,,Logistics,Freight Services,0.9600,2.0000,shipment,shipment,32.8200,USD,32.8200,65.6400,UK,source_category_missing,True
PCARD,PCARD-00157,2025-01-24,Redwood Telecom #78,Redwood Telecom Services,1.0000,ONLINE ORDER - CLOUD COMPUTE USAGE / 8169,CLOUD COMPUTE USAGE,cloud compute usage,,Software & Cloud,Cloud Services,0.9600,3.0000,hour,hour,4.3200,GBP,5.4864,16.4592,United States,source_category_missing,True
PCARD,PCARD-00158,2025-05-14,SUMMIT VL #57,Summit Vehicle Leasing,1.0000,POS - WHITEBOARD MARKER PACK 12 / 2874,WHITEBOARD MARKER PACK 12,whiteboard marker pack 12,,Office & MRO,Office Supplies,0.9600,1.0000,pack,pack,15.7500,USD,15.7500,15.7500,France,source_category_missing,True
PCARD,PCARD-00159,2025-05-01,Meridian Energy Services,Meridian Energy Services,1.0000,ONLINE ORDER - PROJECT COLLABORATION ANNUAL LICENSE / 3124,PROJECT COLLABORATION ANNUAL LICENSE,project collaboration annual license,Software Licenses,Software & Cloud,Software Licenses,0.9100,10.0000,license,license,125.2700,GBP,159.0929,1590.9290,Ireland,,False
PCARD,PCARD-00160,2025-12-02,Siemens AG #93,Siemens AG,1.0000,PURCHASE - PROJECT COLLABORATION ANNUAL LICENSE / 4979,PROJECT COLLABORATION ANNUAL LICENSE,project collaboration annual license,Software & Cloud/Software Licenses,Software & Cloud,Software Licenses,0.9900,2.0000,license,license,143.5000,EUR,154.9800,309.9600,United States,,False
PCARD,PCARD-00161,2025-02-17,Summit Vehicle Leasing,Summit Vehicle Leasing,1.0000,PURCHASE - PDF EDITOR ANNUAL LICENSE / 4048,PDF EDITOR ANNUAL LICENSE,pdf editor annual license,Software Licenses,Software & Cloud,Software Licenses,0.9100,10.0000,license,license,84.6900,GBP,107.5563,1075.5630,Ireland,,False
PCARD,PCARD-00162,2025-11-07,Redwood Telco,Redwood Telecom Services,1.0000,POS - CLOUD COMPUTE USAGE / 790,CLOUD COMPUTE USAGE,cloud compute usage,,Software & Cloud,Cloud Services,0.9600,2.0000,hour,hour,5.5500,USD,5.5500,11.1000,UK,source_category_missing,True
PCARD,PCARD-00163,2025-09-11,Orchard Maintenance Co #62,Orchard Maintenance Co,1.0000,POS - PDF EDITOR ANNUAL LICENSE / 6523,PDF EDITOR ANNUAL LICENSE,pdf editor annual license,,Software & Cloud,Software Licenses,0.9600,1.0000,license,license,107.7500,USD,107.7500,107.7500,Ireland,source_category_missing,True
PCARD,PCARD-00164,2025-01-11,Apex Packaging #28,Apex Packaging Europe,1.0000,CARD TXN - HVAC PREVENTIVE MAINTENANCE VISIT / 206,HVAC PREVENTIVE MAINTENANCE VISIT,hvac preventive maintenance visit,FACILITIES & ENERGY,Facilities & Energy,Facilities Services,0.9600,1.0000,visit,visit,405.1300,EUR,437.5404,437.5404,UK,,False
PCARD,PCARD-00165,2025-10-28,Redwood Telco #31,Redwood Telecom Services,1.0000,CARD TXN - DATA ANALYTICS CONSULTANT / 2889,DATA ANALYTICS CONSULTANT,data analytics consultant,Consulting,Professional Services,Consulting,0.9100,1.0000,day,day,1110.5600,GBP,1410.4112,1410.4112,Ireland,,False
PCARD,PCARD-00166,2025-12-30,Vertex Ltd.,Vertex Technology Ltd,1.0000,CARD TXN - LAPTOP DOCK USB-C / 3593,LAPTOP DOCK USB-C,laptop dock usb c,,IT Hardware,Laptops,0.9600,2.0000,each,each,196.6100,USD,196.6100,393.2200,Netherlands,source_category_missing,True
PCARD,PCARD-00167,2025-10-07,SUMMIT VL,Summit Vehicle Leasing,1.0000,CARD TXN - ELECTRIC VAN LEASE MONTHLY / 5589,ELECTRIC VAN LEASE MONTHLY,electric van lease monthly,,Fleet,Vehicle Leasing,0.9600,1.0000,month,month,695.2900,GBP,883.0183,883.0183,Ireland,source_category_missing,True
PCARD,PCARD-00168,2025-01-25,Vertex Technology Ltd #31,Vertex Technology Ltd,1.0000,ONLINE ORDER - INDUSTRIAL AIR FILTER MEDIUM / 1860,INDUSTRIAL AIR FILTER MEDIUM,industrial air filter medium,,Office & MRO,Maintenance Supplies,0.9600,1.0000,each,each,37.1400,GBP,47.1678,47.1678,UK,source_category_missing,True
PCARD,PCARD-00169,2025-01-31,Pinnacle Safety,Pinnacle Safety Equipment,1.0000,PURCHASE - PROCESS IMPROVEMENT CONSULTANT / 4524,PROCESS IMPROVEMENT CONSULTANT,process improvement consultant,Professional Services > Consulting,Professional Services,Consulting,0.9900,2.0000,day,day,1189.1300,EUR,1284.2604,2568.5208,Ireland,,False
PCARD,PCARD-00170,2025-03-07,ACME Ind. #98,Acme Industrial Supplies,1.0000,ONLINE ORDER - HVAC PREVENTIVE MAINTENANCE VISIT / 1861,HVAC PREVENTIVE MAINTENANCE VISIT,hvac preventive maintenance visit,,Facilities & Energy,Facilities Services,0.9600,1.0000,visit,visit,325.5100,GBP,413.3977,413.3977,United States,source_category_missing,True
PCARD,PCARD-00171,2025-08-07,Siem. AG #46,Siemens AG,1.0000,PURCHASE - USB-C HEADSET / 8083,USB-C HEADSET,usb c headset,IT Hardware > Peripherals,IT Hardware,Peripherals,0.9900,1.0000,each,each,90.5700,USD,90.5700,90.5700,Germany,,False
PCARD,PCARD-00172,2025-01-20,Redwood Telecom Services,Redwood Telecom Services,1.0000,CARD TXN - INDUSTRIAL AIR FILTER MEDIUM / 3990,INDUSTRIAL AIR FILTER MEDIUM,industrial air filter medium,Office & MRO/Maintenance Supplies,Office & MRO,Maintenance Supplies,0.9900,1.0000,each,each,45.6300,EUR,49.2804,49.2804,Netherlands,,False
PCARD,PCARD-00173,2025-08-20,Cedar Consulting Group,Cedar Consulting Group,1.0000,CARD TXN - WHITEBOARD MARKER PACK 12 / 9746,WHITEBOARD MARKER PACK 12,whiteboard marker pack 12,Office & MRO > Office Supplies,Office & MRO,Office Supplies,0.9900,5.0000,pack,pack,15.0600,USD,15.0600,75.3000,France,,False
PCARD,PCARD-00174,2025-03-07,Orchard Maintenance Co #68,Orchard Maintenance Co,1.0000,POS - A4 COPY PAPER CASE 5 REAMS / 447,A4 COPY PAPER CASE 5 REAMS,a4 copy paper case 5 reams,Office & MRO > Office Supplies,Office & MRO,Office Supplies,0.9900,1.0000,case,case,35.1300,USD,35.1300,35.1300,Germany,,False
PCARD,PCARD-00175,2025-08-22,Siemens AG #71,Siemens AG,1.0000,PURCHASE - PDF EDITOR ANNUAL LICENSE / 9708,PDF EDITOR ANNUAL LICENSE,pdf editor annual license,,Software & Cloud,Software Licenses,0.9600,1.0000,license,license,105.5400,USD,105.5400,105.5400,Ireland,source_category_missing,True
PCARD,PCARD-00176,2025-03-08,Meridian Energy #33,Meridian Energy Services,1.0000,ONLINE ORDER - USB-C HEADSET / 4071,USB-C HEADSET,usb c headset,IT Hardware > Peripherals,IT Hardware,Peripherals,0.9900,1.0000,each,each,68.5100,GBP,87.0077,87.0077,Germany,,False
PCARD,PCARD-00177,2025-04-25,HSS,Harbor Scientific Supply,1.0000,POS - MOBILE VOICE AND DATA PLAN / 2441,MOBILE VOICE AND DATA PLAN,mobile voice and data plan,Telecom/Telecom Services,Telecom,Telecom Services,0.9900,1.0000,month,month,46.0400,EUR,49.7232,49.7232,United States,,False
PCARD,PCARD-00178,2025-04-15,Pinnacle PPE,Pinnacle Safety Equipment,1.0000,CARD TXN - WHITEBOARD MARKER PACK 12 / 7698,WHITEBOARD MARKER PACK 12,whiteboard marker pack 12,Office Supplies,Office & MRO,Office Supplies,0.9100,3.0000,pack,pack,14.6300,EUR,15.8004,47.4012,Ireland,,False
PCARD,PCARD-00179,2025-09-25,Apex Packaging,Apex Packaging Europe,1.0000,PURCHASE - DOMESTIC PARCEL DELIVERY / 5718,DOMESTIC PARCEL DELIVERY,domestic parcel delivery,,Logistics,Freight Services,0.9600,2.0000,shipment,shipment,29.5700,USD,29.5700,59.1400,United States,source_category_missing,True
PCARD,PCARD-00180,2025-09-08,Harbour Scientific #74,Harbor Scientific Supply,1.0000,POS - PROCESS IMPROVEMENT CONSULTANT / 8051,PROCESS IMPROVEMENT CONSULTANT,process improvement consultant,Consulting,Professional Services,Consulting,0.9100,1.0000,day,day,1239.1600,USD,1239.1600,1239.1600,France,,False
PCARD,PCARD-00181,2025-12-11,Apex Packaging,Apex Packaging Europe,1.0000,POS - STRETCH WRAP ROLL CLEAR / 7082,STRETCH WRAP ROLL CLEAR,stretch wrap roll clear,,Logistics,Packaging,0.9600,1.0000,roll,roll,21.5300,USD,21.5300,21.5300,Germany,source_category_missing,True
PCARD,PCARD-00182,2025-06-29,Orchard Maint.,Orchard Maintenance Co,1.0000,POS - OFFICE CLEANING MONTHLY SERVICE / 4746,OFFICE CLEANING MONTHLY SERVICE,office cleaning monthly service,FACILITIES & ENERGY,Facilities & Energy,Facilities Services,0.9600,1.0000,month,month,1298.0500,EUR,1401.8940,1401.8940,Germany,,False
PCARD,PCARD-00183,2025-08-14,Summit Leasing,Summit Vehicle Leasing,1.0000,POS - MOBILE VOICE AND DATA PLAN / 3622,MOBILE VOICE AND DATA PLAN,mobile voice and data plan,TELECOM,Telecom,Telecom Services,0.9600,1.0000,month,month,43.5500,EUR,47.0340,47.0340,Germany,,False
PCARD,PCARD-00184,2025-04-10,Siemens AG #54,Siemens AG,1.0000,POS - LAPTOP DOCK USB-C / 7731,LAPTOP DOCK USB-C,laptop dock usb c,,IT Hardware,Laptops,0.9600,2.0000,each,each,159.4800,GBP,202.5396,405.0792,Ireland,source_category_missing,True
PCARD,PCARD-00185,2025-12-22,NORTHSTAR #53,Northstar Office Products,1.0000,PURCHASE - USB-C ADAPTER MULTIPORT / 8181,USB-C ADAPTER MULTIPORT,usb c adapter multiport,Peripherals,IT Hardware,Peripherals,0.9100,2.0000,each,each,42.5200,USD,42.5200,85.0400,United States,,False
PCARD,PCARD-00186,2025-11-26,Global Frt. Ptnrs,Global Freight Partners,1.0000,PURCHASE - CORRUGATED SHIPPING BOX MEDIUM / 135,CORRUGATED SHIPPING BOX MEDIUM,corrugated shipping box medium,,Logistics,Packaging,0.9600,3.0000,box,box,1.4100,EUR,1.5228,4.5684,UK,source_category_missing,True
PCARD,PCARD-00187,2025-10-28,NORTHSTAR #16,Northstar Office Products,1.0000,PURCHASE - BUSINESS BROADBAND CONNECTION / 9453,BUSINESS BROADBAND CONNECTION,business broadband connection,Telecom Services,Telecom,Telecom Services,0.9100,5.0000,month,month,94.3300,EUR,101.8764,509.3820,UK,,False
PCARD,PCARD-00188,2025-05-17,APEX Pack. #88,Apex Packaging Europe,1.0000,PURCHASE - CLOUD COMPUTE USAGE / 6827,CLOUD COMPUTE USAGE,cloud compute usage,Software & Cloud > Cloud Services,Software & Cloud,Cloud Services,0.9900,1.0000,hour,hour,5.2400,EUR,5.6592,5.6592,United States,,False
PCARD,PCARD-00189,2025-01-15,NORTHSTAR #70,Northstar Office Products,1.0000,ONLINE ORDER - NITRILE SAFETY GLOVES BOX / 5108,NITRILE SAFETY GLOVES BOX,nitrile safety gloves box,Maintenance Supplies,Office & MRO,Maintenance Supplies,0.9100,3.0000,box,box,19.7300,EUR,21.3084,63.9252,Germany,,False
PCARD,PCARD-00190,2025-01-24,Summit Vehicle Leasing,Summit Vehicle Leasing,1.0000,ONLINE ORDER - CORRUGATED SHIPPING BOX MEDIUM / 6663,CORRUGATED SHIPPING BOX MEDIUM,corrugated shipping box medium,Logistics/Packaging,Logistics,Packaging,0.9900,1.0000,box,box,1.4200,EUR,1.5336,1.5336,Netherlands,,False
PCARD,PCARD-00191,2025-05-25,SUMMIT VL,Summit Vehicle Leasing,1.0000,POS - COMPACT VEHICLE LEASE MONTHLY / 2325,COMPACT VEHICLE LEASE MONTHLY,compact vehicle lease monthly,,Fleet,Vehicle Leasing,0.9600,1.0000,month,month,414.1000,GBP,525.9070,525.9070,Netherlands,source_category_missing,True
PCARD,PCARD-00192,2025-02-21,Bluebird FM,Bluebird Facilities Group,1.0000,ONLINE ORDER - INDUSTRIAL AIR FILTER MEDIUM / 1551,INDUSTRIAL AIR FILTER MEDIUM,industrial air filter medium,Maintenance Supplies,Office & MRO,Maintenance Supplies,0.9100,2.0000,each,each,45.9100,EUR,49.5828,99.1656,UK,,False
PCARD,PCARD-00193,2025-08-08,Siemens AG,Siemens AG,1.0000,ONLINE ORDER - INDUSTRIAL AIR FILTER MEDIUM / 427,INDUSTRIAL AIR FILTER MEDIUM,industrial air filter medium,Office & MRO > Maintenance Supplies,Office & MRO,Maintenance Supplies,0.9900,1.0000,each,each,41.3300,EUR,44.6364,44.6364,Germany,,False
PCARD,PCARD-00194,2025-06-28,Orchard Maint.,Orchard Maintenance Co,1.0000,PURCHASE - PROTECTIVE SAFETY GLASSES / 5322,PROTECTIVE SAFETY GLASSES,protective safety glasses,,Safety & Lab,Personal Protective Equipment,0.9600,1.0000,each,each,10.8900,GBP,13.8303,13.8303,Germany,source_category_missing,True
PCARD,PCARD-00195,2025-12-20,Global Freight Partners,Global Freight Partners,1.0000,CARD TXN - CORRUGATED SHIPPING BOX MEDIUM / 3130,CORRUGATED SHIPPING BOX MEDIUM,corrugated shipping box medium,Logistics > Packaging,Logistics,Packaging,0.9900,5.0000,box,box,1.2800,GBP,1.6256,8.1280,UK,,False
PCARD,PCARD-00196,2025-11-27,ACME,Acme Industrial Supplies,1.0000,PURCHASE - LABORATORY NITRILE GLOVES BOX / 1281,LABORATORY NITRILE GLOVES BOX,laboratory nitrile gloves box,Laboratory Supplies,Safety & Lab,Laboratory Supplies,0.9100,1.0000,box,box,17.5000,GBP,22.2250,22.2250,Germany,,False
PCARD,PCARD-00197,2025-10-24,CEDAR CG,Cedar Consulting Group,1.0000,PURCHASE - COMPACT VEHICLE LEASE MONTHLY / 9473,COMPACT VEHICLE LEASE MONTHLY,compact vehicle lease monthly,Fleet > Vehicle Leasing,Fleet,Vehicle Leasing,0.9900,2.0000,month,month,504.0800,EUR,544.4064,1088.8128,Netherlands,,False
PCARD,PCARD-00198,2025-09-23,Orchard Services #90,Orchard Maintenance Co,1.0000,POS - COMPACT VEHICLE LEASE MONTHLY / 4770,COMPACT VEHICLE LEASE MONTHLY,compact vehicle lease monthly,,Fleet,Vehicle Leasing,0.9600,3.0000,month,month,479.3300,EUR,517.6764,1553.0292,France,source_category_missing,True
PCARD,PCARD-00199,2025-03-16,BLUEBIRD,Bluebird Facilities Group,1.0000,CARD TXN - STRETCH WRAP ROLL CLEAR / 2477,STRETCH WRAP ROLL CLEAR,stretch wrap roll clear,Logistics/Packaging,Logistics,Packaging,0.9900,5.0000,roll,roll,16.7700,GBP,21.2979,106.4895,Germany,,False
PCARD,PCARD-00200,2025-04-25,Cedar Consulting,Cedar Consulting Group,1.0000,POS - NITRILE SAFETY GLOVES BOX / 4543,NITRILE SAFETY GLOVES BOX,nitrile safety gloves box,,Office & MRO,Maintenance Supplies,0.9600,5.0000,box,box,19.3700,EUR,20.9196,104.5980,Germany,source_category_missing,True
PCARD,PCARD-00201,2025-10-02,HSS,Harbor Scientific Supply,1.0000,POS - HVAC PREVENTIVE MAINTENANCE VISIT / 2248,HVAC PREVENTIVE MAINTENANCE VISIT,hvac preventive maintenance visit,Facilities Services,Facilities & Energy,Facilities Services,0.9100,1.0000,visit,visit,418.0900,USD,418.0900,418.0900,United States,,False
PCARD,PCARD-00202,2025-10-25,Apex Packaging #66,Apex Packaging Europe,1.0000,PURCHASE - PDF EDITOR ANNUAL LICENSE / 7940,PDF EDITOR ANNUAL LICENSE,pdf editor annual license,,Software & Cloud,Software Licenses,0.9600,1.0000,license,license,101.3400,USD,101.3400,101.3400,UK,source_category_missing,True
PCARD,PCARD-00203,2025-06-22,Meridian Energy Services,Meridian Energy Services,1.0000,POS - STRETCH WRAP ROLL CLEAR / 5673,STRETCH WRAP ROLL CLEAR,stretch wrap roll clear,,Logistics,Packaging,0.9600,3.0000,roll,roll,19.1000,EUR,20.6280,61.8840,United States,source_category_missing,True
PCARD,PCARD-00204,2025-04-24,Vertex Tech,Vertex Technology Ltd,1.0000,ONLINE ORDER - BLACK TONER CARTRIDGE / 7140,BLACK TONER CARTRIDGE,black toner cartridge,,Office & MRO,Office Supplies,0.9600,1.0000,each,each,75.7000,EUR,81.7560,81.7560,Ireland,source_category_missing,True
PCARD,PCARD-00205,2025-04-17,NORTHSTAR,Northstar Office Products,1.0000,CARD TXN - MONITOR 27 INCH QHD / 2992,MONITOR 27 INCH QHD,monitor 27 inch qhd,IT Hardware > Displays,IT Hardware,Displays,0.9900,1.0000,each,each,203.8400,GBP,258.8768,258.8768,Netherlands,,False
PCARD,PCARD-00206,2025-02-24,Northstar Co.,Northstar Office Products,1.0000,ONLINE ORDER - STRETCH WRAP ROLL CLEAR / 3191,STRETCH WRAP ROLL CLEAR,stretch wrap roll clear,Logistics/Packaging,Logistics,Packaging,0.9900,2.0000,roll,roll,20.4200,USD,20.4200,40.8400,France,,False
PCARD,PCARD-00207,2025-04-10,ORCHARD,Orchard Maintenance Co,1.0000,PURCHASE - INDUSTRIAL AIR FILTER MEDIUM / 106,INDUSTRIAL AIR FILTER MEDIUM,industrial air filter medium,,Office & MRO,Maintenance Supplies,0.9600,3.0000,each,each,45.6200,EUR,49.2696,147.8088,United States,source_category_missing,True
PCARD,PCARD-00208,2025-06-20,siemens #22,Siemens AG,1.0000,ONLINE ORDER - DATA ANALYTICS CONSULTANT / 7349,DATA ANALYTICS CONSULTANT,data analytics consultant,,Professional Services,Consulting,0.9600,10.0000,day,day,1248.2400,EUR,1348.0992,13480.9920,UK,source_category_missing,True
PCARD,PCARD-00209,2025-11-10,Meridian Energy #22,Meridian Energy Services,1.0000,POS - COMPACT VEHICLE LEASE MONTHLY / 3566,COMPACT VEHICLE LEASE MONTHLY,compact vehicle lease monthly,Fleet > Vehicle Leasing,Fleet,Vehicle Leasing,0.9900,1.0000,month,month,430.9100,GBP,547.2557,547.2557,Netherlands,,False
PCARD,PCARD-00210,2025-03-06,Siemens AG #58,Siemens AG,1.0000,PURCHASE - A4 COPY PAPER CASE 5 REAMS / 6445,A4 COPY PAPER CASE 5 REAMS,a4 copy paper case 5 reams,Office & MRO/Office Supplies,Office & MRO,Office Supplies,0.9900,3.0000,case,case,28.9500,GBP,36.7665,110.2995,Ireland,,False
PCARD,PCARD-00211,2025-01-11,Meridian Energy Services,Meridian Energy Services,1.0000,POS - NITRILE SAFETY GLOVES BOX / 8346,NITRILE SAFETY GLOVES BOX,nitrile safety gloves box,Office & MRO/Maintenance Supplies,Office & MRO,Maintenance Supplies,0.9900,10.0000,box,box,15.4200,GBP,19.5834,195.8340,Netherlands,,False
PCARD,PCARD-00212,2025-06-07,Pinnacle Safety Equipment,Pinnacle Safety Equipment,1.0000,POS - PROTECTIVE SAFETY GLASSES / 1808,PROTECTIVE SAFETY GLASSES,protective safety glasses,Safety & Lab > Personal Protective Equipment,Safety & Lab,Personal Protective Equipment,0.9900,1.0000,each,each,12.6300,EUR,13.6404,13.6404,Germany,,False
PCARD,PCARD-00213,2025-09-30,Redwood Telco,Redwood Telecom Services,1.0000,POS - WIRELESS KEYBOARD AND MOUSE SET / 8680,WIRELESS KEYBOARD AND MOUSE SET,wireless keyboard and mouse set,IT HARDWARE,IT Hardware,Peripherals,0.9600,1.0000,each,each,54.5700,USD,54.5700,54.5700,UK,,False
PCARD,PCARD-00214,2025-06-09,Vertex Ltd. #19,Vertex Technology Ltd,1.0000,CARD TXN - COMPACT VEHICLE LEASE MONTHLY / 5798,COMPACT VEHICLE LEASE MONTHLY,compact vehicle lease monthly,Vehicle Leasing,Fleet,Vehicle Leasing,0.9100,10.0000,month,month,551.8000,USD,551.8000,5518.0000,France,,False
PCARD,PCARD-00215,2025-07-13,Apex Pkg Europe,Apex Packaging Europe,1.0000,POS - PROTECTIVE SAFETY GLASSES / 7162,PROTECTIVE SAFETY GLASSES,protective safety glasses,,Safety & Lab,Personal Protective Equipment,0.9600,5.0000,each,each,12.2700,EUR,13.2516,66.2580,Ireland,source_category_missing,True
PCARD,PCARD-00216,2025-03-19,Acme Supply Co,Acme Industrial Supplies,1.0000,POS - LABORATORY NITRILE GLOVES BOX / 453,LABORATORY NITRILE GLOVES BOX,laboratory nitrile gloves box,Safety & Lab/Laboratory Supplies,Safety & Lab,Laboratory Supplies,0.9900,10.0000,box,box,21.6600,EUR,23.3928,233.9280,Ireland,,False
PCARD,PCARD-00217,2025-02-08,GFP Logistics #90,Global Freight Partners,1.0000,CARD TXN - BUSINESS BROADBAND CONNECTION / 8130,BUSINESS BROADBAND CONNECTION,business broadband connection,Telecom/Telecom Services,Telecom,Telecom Services,0.9900,5.0000,month,month,93.6500,USD,93.6500,468.2500,United States,,False
PCARD,PCARD-00218,2025-11-27,Northstar Co. #82,Northstar Office Products,1.0000,POS - COMPACT VEHICLE LEASE MONTHLY / 4479,COMPACT VEHICLE LEASE MONTHLY,compact vehicle lease monthly,Fleet/Vehicle Leasing,Fleet,Vehicle Leasing,0.9900,2.0000,month,month,400.0200,GBP,508.0254,1016.0508,Netherlands,,False
PCARD,PCARD-00219,2025-01-22,North Star Office,Northstar Office Products,1.0000,CARD TXN - COMPACT VEHICLE LEASE MONTHLY / 7770,COMPACT VEHICLE LEASE MONTHLY,compact vehicle lease monthly,FLEET,Fleet,Vehicle Leasing,0.9600,2.0000,month,month,506.6500,EUR,547.1820,1094.3640,France,,False
PCARD,PCARD-00220,2025-10-23,North Star Office,Northstar Office Products,1.0000,ONLINE ORDER - BUSINESS BROADBAND CONNECTION / 3179,BUSINESS BROADBAND CONNECTION,business broadband connection,TELECOM,Telecom,Telecom Services,0.9600,1.0000,month,month,78.0400,GBP,99.1108,99.1108,Germany,,False
PCARD,PCARD-00221,2025-06-05,Cedar Consulting #43,Cedar Consulting Group,1.0000,ONLINE ORDER - WHITEBOARD MARKER PACK 12 / 7125,WHITEBOARD MARKER PACK 12,whiteboard marker pack 12,Office & MRO/Office Supplies,Office & MRO,Office Supplies,0.9900,2.0000,pack,pack,16.5100,USD,16.5100,33.0200,France,,False
PCARD,PCARD-00222,2025-01-29,Siemens GmbH,Siemens AG,1.0000,PURCHASE - HVAC PREVENTIVE MAINTENANCE VISIT / 1480,HVAC PREVENTIVE MAINTENANCE VISIT,hvac preventive maintenance visit,,Facilities & Energy,Facilities Services,0.9600,3.0000,visit,visit,341.7100,GBP,433.9717,1301.9151,UK,source_category_missing,True
PCARD,PCARD-00223,2025-11-26,HSS #83,Harbor Scientific Supply,1.0000,ONLINE ORDER - COMPACT VEHICLE LEASE MONTHLY / 7307,COMPACT VEHICLE LEASE MONTHLY,compact vehicle lease monthly,,Fleet,Vehicle Leasing,0.9600,1.0000,month,month,523.3300,USD,523.3300,523.3300,Ireland,source_category_missing,True
PCARD,PCARD-00224,2025-05-10,ACME #18,Acme Industrial Supplies,1.0000,PURCHASE - CLOUD COMPUTE USAGE / 8124,CLOUD COMPUTE USAGE,cloud compute usage,Cloud Services,Software & Cloud,Cloud Services,0.9100,10.0000,hour,hour,4.2100,GBP,5.3467,53.4670,France,,False
PCARD,PCARD-00225,2025-07-29,CEDAR CG,Cedar Consulting Group,1.0000,ONLINE ORDER - CLOUD STORAGE MONTHLY SUBSCRIPTION / 2590,CLOUD STORAGE MONTHLY SUBSCRIPTION,cloud storage monthly subscription,,Software & Cloud,Cloud Services,0.9600,2.0000,month,month,261.7900,GBP,332.4733,664.9466,Netherlands,source_category_missing,True
PCARD,PCARD-00226,2025-07-16,Acme Supply Co #22,Acme Industrial Supplies,1.0000,POS - CLOUD COMPUTE USAGE / 7891,CLOUD COMPUTE USAGE,cloud compute usage,Software & Cloud > Cloud Services,Software & Cloud,Cloud Services,0.9900,2.0000,hour,hour,4.2700,GBP,5.4229,10.8458,United States,,False
PCARD,PCARD-00227,2025-11-05,Meridian Energy Services #26,Meridian Energy Services,1.0000,POS - A4 COPY PAPER CASE 5 REAMS / 6591,A4 COPY PAPER CASE 5 REAMS,a4 copy paper case 5 reams,Office Supplies,Office & MRO,Office Supplies,0.9100,1.0000,case,case,33.0200,EUR,35.6616,35.6616,UK,,False
PCARD,PCARD-00228,2025-09-24,Meridian Energy,Meridian Energy Services,1.0000,POS - MOBILE VOICE AND DATA PLAN / 2256,MOBILE VOICE AND DATA PLAN,mobile voice and data plan,,Telecom,Telecom Services,0.9600,1.0000,month,month,47.5300,USD,47.5300,47.5300,Ireland,source_category_missing,True
PCARD,PCARD-00229,2025-04-23,SIEMENS #28,Siemens AG,1.0000,PURCHASE - OFFICE CLEANING MONTHLY SERVICE / 7074,OFFICE CLEANING MONTHLY SERVICE,office cleaning monthly service,FACILITIES & ENERGY,Facilities & Energy,Facilities Services,0.9600,2.0000,month,month,1322.6100,USD,1322.6100,2645.2200,Netherlands,,False
PCARD,PCARD-00230,2025-10-31,Northstar Office Products #93,Northstar Office Products,1.0000,POS - HVAC PREVENTIVE MAINTENANCE VISIT / 2324,HVAC PREVENTIVE MAINTENANCE VISIT,hvac preventive maintenance visit,,Facilities & Energy,Facilities Services,0.9600,10.0000,visit,visit,417.3500,EUR,450.7380,4507.3800,Germany,source_category_missing,True
PCARD,PCARD-00231,2025-06-13,Summit Vehicle Leasing,Summit Vehicle Leasing,1.0000,PURCHASE - CLOUD COMPUTE USAGE / 5268,CLOUD COMPUTE USAGE,cloud compute usage,Software & Cloud/Cloud Services,Software & Cloud,Cloud Services,0.9900,1.0000,hour,hour,5.2200,EUR,5.6376,5.6376,Ireland,,False
PCARD,PCARD-00232,2025-06-06,Harbor Scientific Supply #11,Harbor Scientific Supply,1.0000,POS - CLOUD STORAGE MONTHLY SUBSCRIPTION / 3629,CLOUD STORAGE MONTHLY SUBSCRIPTION,cloud storage monthly subscription,,Software & Cloud,Cloud Services,0.9600,1.0000,month,month,333.6000,USD,333.6000,333.6000,Netherlands,source_category_missing,True
PCARD,PCARD-00233,2025-07-31,Orchard Maintenance Co #96,Orchard Maintenance Co,1.0000,PURCHASE - USB-C ADAPTER MULTIPORT / 3353,USB-C ADAPTER MULTIPORT,usb c adapter multiport,,IT Hardware,Peripherals,0.9600,1.0000,each,each,42.4200,EUR,45.8136,45.8136,Netherlands,source_category_missing,True
PCARD,PCARD-00234,2025-04-05,Siemens GmbH,Siemens AG,1.0000,CARD TXN - ELECTRIC VAN LEASE MONTHLY / 2817,ELECTRIC VAN LEASE MONTHLY,electric van lease monthly,,Fleet,Vehicle Leasing,0.9600,2.0000,month,month,850.6000,EUR,918.6480,1837.2960,UK,source_category_missing,True
PCARD,PCARD-00235,2025-03-11,APEX Pack. #25,Apex Packaging Europe,1.0000,ONLINE ORDER - CLOUD STORAGE MONTHLY SUBSCRIPTION / 4703,CLOUD STORAGE MONTHLY SUBSCRIPTION,cloud storage monthly subscription,,Software & Cloud,Cloud Services,0.9600,2.0000,month,month,273.3700,GBP,347.1799,694.3598,Netherlands,source_category_missing,True
PCARD,PCARD-00236,2025-03-18,Pinnacle Equip.,Pinnacle Safety Equipment,1.0000,CARD TXN - MONITOR 27 INCH QHD / 6981,MONITOR 27 INCH QHD,monitor 27 inch qhd,,IT Hardware,Displays,0.9600,10.0000,each,each,253.7300,EUR,274.0284,2740.2840,France,source_category_missing,True
PCARD,PCARD-00237,2025-06-12,Meridian Energy Services,Meridian Energy Services,1.0000,CARD TXN - CORRUGATED SHIPPING BOX MEDIUM / 3782,CORRUGATED SHIPPING BOX MEDIUM,corrugated shipping box medium,,Logistics,Packaging,0.9600,1.0000,box,box,1.4200,EUR,1.5336,1.5336,Ireland,source_category_missing,True
PCARD,PCARD-00238,2025-01-19,Pinnacle Safety Equipment #34,Pinnacle Safety Equipment,1.0000,CARD TXN - ELECTRIC VAN LEASE MONTHLY / 5380,ELECTRIC VAN LEASE MONTHLY,electric van lease monthly,Vehicle Leasing,Fleet,Vehicle Leasing,0.9100,3.0000,month,month,679.2000,GBP,862.5840,2587.7520,France,,False
PCARD,PCARD-00239,2025-04-23,North Star Office #36,Northstar Office Products,1.0000,POS - ELECTRIC VAN LEASE MONTHLY / 1019,ELECTRIC VAN LEASE MONTHLY,electric van lease monthly,Vehicle Leasing,Fleet,Vehicle Leasing,0.9100,1.0000,month,month,865.9900,USD,865.9900,865.9900,Germany,,False
PCARD,PCARD-00240,2025-12-01,Siem. AG #84,Siemens AG,1.0000,POS - BUSINESS BROADBAND CONNECTION / 5691,BUSINESS BROADBAND CONNECTION,business broadband connection,Telecom > Telecom Services,Telecom,Telecom Services,0.9900,1.0000,month,month,102.9300,USD,102.9300,102.9300,Netherlands,,False
PCARD,PCARD-00241,2025-04-01,Global Frt. Ptnrs #55,Global Freight Partners,1.0000,CARD TXN - CORRUGATED SHIPPING BOX MEDIUM / 1938,CORRUGATED SHIPPING BOX MEDIUM,corrugated shipping box medium,Packaging,Logistics,Packaging,0.9100,5.0000,box,box,1.2400,GBP,1.5748,7.8740,Germany,,False
PCARD,PCARD-00242,2025-10-26,North Star Office,Northstar Office Products,1.0000,PURCHASE - PROJECT COLLABORATION ANNUAL LICENSE / 1016,PROJECT COLLABORATION ANNUAL LICENSE,project collaboration annual license,Software & Cloud/Software Licenses,Software & Cloud,Software Licenses,0.9900,1.0000,license,license,158.3400,USD,158.3400,158.3400,Ireland,,False
PCARD,PCARD-00243,2025-11-08,VERTEX TECHNOLOGY,Vertex Technology Ltd,1.0000,CARD TXN - ELECTRIC VAN LEASE MONTHLY / 9596,ELECTRIC VAN LEASE MONTHLY,electric van lease monthly,Vehicle Leasing,Fleet,Vehicle Leasing,0.9100,2.0000,month,month,928.9000,USD,928.9000,1857.8000,Germany,,False
PCARD,PCARD-00244,2025-02-08,Summit Leasing #97,Summit Vehicle Leasing,1.0000,ONLINE ORDER - DOMESTIC PARCEL DELIVERY / 6281,DOMESTIC PARCEL DELIVERY,domestic parcel delivery,Logistics > Freight Services,Logistics,Freight Services,0.9900,5.0000,shipment,shipment,30.5400,EUR,32.9832,164.9160,Netherlands,,False
PCARD,PCARD-00245,2025-12-10,ACME Ind.,Acme Industrial Supplies,1.0000,PURCHASE - PROTECTIVE SAFETY GLASSES / 1574,PROTECTIVE SAFETY GLASSES,protective safety glasses,,Safety & Lab,Personal Protective Equipment,0.9600,1.0000,each,each,11.0000,GBP,13.9700,13.9700,France,source_category_missing,True
PCARD,PCARD-00246,2025-03-09,Summit Fleet,Summit Vehicle Leasing,1.0000,ONLINE ORDER - WHITEBOARD MARKER PACK 12 / 1073,WHITEBOARD MARKER PACK 12,whiteboard marker pack 12,Office & MRO/Office Supplies,Office & MRO,Office Supplies,0.9900,5.0000,pack,pack,14.5900,EUR,15.7572,78.7860,United States,,False
PCARD,PCARD-00247,2025-11-03,Meridian Energy,Meridian Energy Services,1.0000,ONLINE ORDER - DOMESTIC PARCEL DELIVERY / 4008,DOMESTIC PARCEL DELIVERY,domestic parcel delivery,LOGISTICS,Logistics,Freight Services,0.9600,1.0000,shipment,shipment,30.0400,USD,30.0400,30.0400,Netherlands,,False
PCARD,PCARD-00248,2025-06-07,Apex Packaging Europe #86,Apex Packaging Europe,1.0000,ONLINE ORDER - DATA ANALYTICS CONSULTANT / 3641,DATA ANALYTICS CONSULTANT,data analytics consultant,Consulting,Professional Services,Consulting,0.9100,3.0000,day,day,1081.4900,GBP,1373.4923,4120.4769,Germany,,False
PCARD,PCARD-00249,2025-09-09,MERIDIAN #92,Meridian Energy Services,1.0000,POS - INDUSTRIAL AIR FILTER MEDIUM / 1079,INDUSTRIAL AIR FILTER MEDIUM,industrial air filter medium,,Office & MRO,Maintenance Supplies,0.9600,10.0000,each,each,46.3400,USD,46.3400,463.4000,Ireland,source_category_missing,True
PCARD,PCARD-00250,2025-08-23,Redwood Telecom Services,Redwood Telecom Services,1.0000,POS - CLOUD COMPUTE USAGE / 1351,CLOUD COMPUTE USAGE,cloud compute usage,Software & Cloud/Cloud Services,Software & Cloud,Cloud Services,0.9900,10.0000,hour,hour,5.4400,USD,5.4400,54.4000,France,,False
PCARD,PCARD-00251,2025-04-28,Pinnacle Equip. #37,Pinnacle Safety Equipment,1.0000,CARD TXN - CLOUD STORAGE MONTHLY SUBSCRIPTION / 8195,CLOUD STORAGE MONTHLY SUBSCRIPTION,cloud storage monthly subscription,,Software & Cloud,Cloud Services,0.9600,1.0000,month,month,340.0100,EUR,367.2108,367.2108,France,source_category_missing,True
PCARD,PCARD-00252,2025-10-11,Orchard Maint. #55,Orchard Maintenance Co,1.0000,ONLINE ORDER - PDF EDITOR ANNUAL LICENSE / 8145,PDF EDITOR ANNUAL LICENSE,pdf editor annual license,Software & Cloud > Software Licenses,Software & Cloud,Software Licenses,0.9900,3.0000,license,license,103.6700,USD,103.6700,311.0100,Ireland,,False
PCARD,PCARD-00253,2025-11-15,Cedar Consult.,Cedar Consulting Group,1.0000,ONLINE ORDER - MONITOR 27 INCH QHD / 2977,MONITOR 27 INCH QHD,monitor 27 inch qhd,Displays,IT Hardware,Displays,0.9100,1.0000,each,each,241.0900,EUR,260.3772,260.3772,France,,False
PCARD,PCARD-00254,2025-07-03,Orchard Services #50,Orchard Maintenance Co,1.0000,POS - ELECTRICITY SUPPLY USAGE / 438,ELECTRICITY SUPPLY USAGE,electricity supply usage,,Facilities & Energy,Energy,0.9600,5.0000,MWh,mwh,119.6400,GBP,151.9428,759.7140,UK,source_category_missing,True
PCARD,PCARD-00255,2025-11-13,North Star Office #43,Northstar Office Products,1.0000,POS - DOMESTIC PARCEL DELIVERY / 2498,DOMESTIC PARCEL DELIVERY,domestic parcel delivery,Freight Services,Logistics,Freight Services,0.9100,1.0000,shipment,shipment,23.3600,GBP,29.6672,29.6672,Netherlands,,False
PCARD,PCARD-00256,2025-11-10,ACME #44,Acme Industrial Supplies,1.0000,CARD TXN - ELECTRIC VAN LEASE MONTHLY / 4023,ELECTRIC VAN LEASE MONTHLY,electric van lease monthly,,Fleet,Vehicle Leasing,0.9600,3.0000,month,month,701.0300,GBP,890.3081,2670.9243,United States,source_category_missing,True
PCARD,PCARD-00257,2025-05-01,Global Freight #88,Global Freight Partners,1.0000,ONLINE ORDER - BLACK TONER CARTRIDGE / 8998,BLACK TONER CARTRIDGE,black toner cartridge,Office & MRO > Office Supplies,Office & MRO,Office Supplies,0.9900,2.0000,each,each,84.4200,USD,84.4200,168.8400,Germany,,False
PCARD,PCARD-00258,2025-09-08,ORCHARD #32,Orchard Maintenance Co,1.0000,POS - BUSINESS LAPTOP 14 INCH / 5537,BUSINESS LAPTOP 14 INCH,business laptop 14 inch,,IT Hardware,Laptops,0.9600,2.0000,each,each,1038.6500,USD,1038.6500,2077.3000,Ireland,source_category_missing;price_variance_review,True
PCARD,PCARD-00259,2025-09-11,Apex Packaging,Apex Packaging Europe,1.0000,CARD TXN - CLOUD COMPUTE USAGE / 1817,CLOUD COMPUTE USAGE,cloud compute usage,Cloud Services,Software & Cloud,Cloud Services,0.9100,10.0000,hour,hour,5.2600,USD,5.2600,52.6000,United States,,False
PCARD,PCARD-00260,2025-01-23,Pinnacle Equip.,Pinnacle Safety Equipment,1.0000,POS - ELECTRICITY SUPPLY USAGE / 1799,ELECTRICITY SUPPLY USAGE,electricity supply usage,Facilities & Energy > Energy,Facilities & Energy,Energy,0.9900,2.0000,MWh,mwh,130.0000,EUR,140.4000,280.8000,UK,,False
PCARD,PCARD-00261,2025-12-08,Northstar Co.,Northstar Office Products,1.0000,CARD TXN - PROJECT COLLABORATION ANNUAL LICENSE / 9220,PROJECT COLLABORATION ANNUAL LICENSE,project collaboration annual license,Software & Cloud > Software Licenses,Software & Cloud,Software Licenses,0.9900,3.0000,license,license,157.3200,USD,157.3200,471.9600,United States,,False
PCARD,PCARD-00262,2025-11-28,ACME Ind. #88,Acme Industrial Supplies,1.0000,PURCHASE - MOBILE VOICE AND DATA PLAN / 7429,MOBILE VOICE AND DATA PLAN,mobile voice and data plan,Telecom > Telecom Services,Telecom,Telecom Services,0.9900,3.0000,month,month,47.6300,EUR,51.4404,154.3212,France,,False
PCARD,PCARD-00263,2025-04-22,ACME,Acme Industrial Supplies,1.0000,PURCHASE - LAPTOP DOCK USB-C / 7579,LAPTOP DOCK USB-C,laptop dock usb c,,IT Hardware,Laptops,0.9600,2.0000,each,each,195.9800,USD,195.9800,391.9600,France,source_category_missing,True
PCARD,PCARD-00264,2025-05-31,HSS,Harbor Scientific Supply,1.0000,CARD TXN - NITRILE SAFETY GLOVES BOX / 7863,NITRILE SAFETY GLOVES BOX,nitrile safety gloves box,,Office & MRO,Maintenance Supplies,0.9600,1.0000,box,box,20.3500,USD,20.3500,20.3500,Germany,source_category_missing,True
PCARD,PCARD-00265,2025-03-24,Orchard Maint. #77,Orchard Maintenance Co,1.0000,ONLINE ORDER - PDF EDITOR ANNUAL LICENSE / 4171,PDF EDITOR ANNUAL LICENSE,pdf editor annual license,Software & Cloud > Software Licenses,Software & Cloud,Software Licenses,0.9900,1.0000,license,license,101.6300,EUR,109.7604,109.7604,Ireland,,False
PCARD,PCARD-00266,2025-09-18,BLUEBIRD,Bluebird Facilities Group,1.0000,POS - COMPACT VEHICLE LEASE MONTHLY / 9662,COMPACT VEHICLE LEASE MONTHLY,compact vehicle lease monthly,Fleet/Vehicle Leasing,Fleet,Vehicle Leasing,0.9900,3.0000,month,month,544.9500,USD,544.9500,1634.8500,UK,,False
PCARD,PCARD-00267,2025-06-17,Vertex Tech #77,Vertex Technology Ltd,1.0000,POS - MONITOR 27 INCH QHD / 4772,MONITOR 27 INCH QHD,monitor 27 inch qhd,IT Hardware > Displays,IT Hardware,Displays,0.9900,1.0000,each,each,227.7500,GBP,289.2425,289.2425,United States,,False
PCARD,PCARD-00268,2025-09-04,Orchard Maintenance Co,Orchard Maintenance Co,1.0000,CARD TXN - BLACK TONER CARTRIDGE / 5435,BLACK TONER CARTRIDGE,black toner cartridge,Office Supplies,Office & MRO,Office Supplies,0.9100,10.0000,each,each,87.1700,USD,87.1700,871.7000,UK,,False
PCARD,PCARD-00269,2025-11-28,Acme Supply Co,Acme Industrial Supplies,1.0000,ONLINE ORDER - INDUSTRIAL AIR FILTER MEDIUM / 7404,INDUSTRIAL AIR FILTER MEDIUM,industrial air filter medium,Office & MRO/Maintenance Supplies,Office & MRO,Maintenance Supplies,0.9900,1.0000,each,each,35.1600,GBP,44.6532,44.6532,France,,False
PCARD,PCARD-00270,2025-07-30,Siemens GmbH #67,Siemens AG,1.0000,CARD TXN - NITRILE SAFETY GLOVES BOX / 8312,NITRILE SAFETY GLOVES BOX,nitrile safety gloves box,,Office & MRO,Maintenance Supplies,0.9600,1.0000,box,box,15.8200,GBP,20.0914,20.0914,Germany,source_category_missing,True
PCARD,PCARD-00271,2025-06-19,VERTEX TECHNOLOGY #47,Vertex Technology Ltd,1.0000,ONLINE ORDER - ELECTRICITY SUPPLY USAGE / 7643,ELECTRICITY SUPPLY USAGE,electricity supply usage,,Facilities & Energy,Energy,0.9600,10.0000,MWh,mwh,134.3900,EUR,145.1412,1451.4120,United States,source_category_missing,True
PCARD,PCARD-00272,2025-05-28,Meridian Utilities,Meridian Energy Services,1.0000,PURCHASE - BUSINESS BROADBAND CONNECTION / 5857,BUSINESS BROADBAND CONNECTION,business broadband connection,TELECOM,Telecom,Telecom Services,0.9600,2.0000,month,month,90.0900,EUR,97.2972,194.5944,Germany,,False
PCARD,PCARD-00273,2025-11-29,Siemens AG #58,Siemens AG,1.0000,CARD TXN - DOMESTIC PARCEL DELIVERY / 315,DOMESTIC PARCEL DELIVERY,domestic parcel delivery,,Logistics,Freight Services,0.9600,1.0000,shipment,shipment,30.1700,EUR,32.5836,32.5836,Ireland,source_category_missing,True
PCARD,PCARD-00274,2025-03-27,VERTEX TECHNOLOGY,Vertex Technology Ltd,1.0000,ONLINE ORDER - WIRELESS KEYBOARD AND MOUSE SET / 5686,WIRELESS KEYBOARD AND MOUSE SET,wireless keyboard and mouse set,Peripherals,IT Hardware,Peripherals,0.9100,5.0000,each,each,46.8600,EUR,50.6088,253.0440,Germany,,False
PCARD,PCARD-00275,2025-01-29,Apex Packaging #96,Apex Packaging Europe,1.0000,PURCHASE - COMPACT VEHICLE LEASE MONTHLY / 7739,COMPACT VEHICLE LEASE MONTHLY,compact vehicle lease monthly,Fleet/Vehicle Leasing,Fleet,Vehicle Leasing,0.9900,3.0000,month,month,539.8500,USD,539.8500,1619.5500,Netherlands,,False
PCARD,PCARD-00276,2025-10-15,Pinnacle Safety,Pinnacle Safety Equipment,1.0000,CARD TXN - MOBILE VOICE AND DATA PLAN / 6301,MOBILE VOICE AND DATA PLAN,mobile voice and data plan,Telecom/Telecom Services,Telecom,Telecom Services,0.9900,1.0000,month,month,39.5100,GBP,50.1777,50.1777,Netherlands,,False
PCARD,PCARD-00277,2025-07-22,Northstar Office Products,Northstar Office Products,1.0000,POS - PROCESS IMPROVEMENT CONSULTANT / 2824,PROCESS IMPROVEMENT CONSULTANT,process improvement consultant,,Professional Services,Consulting,0.9600,3.0000,day,day,1063.9700,GBP,1351.2419,4053.7257,Ireland,source_category_missing,True
PCARD,PCARD-00278,2025-06-13,Vertex Technology Ltd,Vertex Technology Ltd,1.0000,CARD TXN - ELECTRICITY SUPPLY USAGE / 850,ELECTRICITY SUPPLY USAGE,electricity supply usage,Facilities & Energy/Energy,Facilities & Energy,Energy,0.9900,1.0000,MWh,mwh,137.9000,EUR,148.9320,148.9320,Ireland,,False
PCARD,PCARD-00279,2025-01-04,Acme Supply Co,Acme Industrial Supplies,1.0000,CARD TXN - BUSINESS BROADBAND CONNECTION / 7264,BUSINESS BROADBAND CONNECTION,business broadband connection,,Telecom,Telecom Services,0.9600,1.0000,month,month,89.4500,EUR,96.6060,96.6060,Germany,source_category_missing,True
PCARD,PCARD-00280,2025-01-16,NORTHSTAR,Northstar Office Products,1.0000,PURCHASE - BUSINESS BROADBAND CONNECTION / 3664,BUSINESS BROADBAND CONNECTION,business broadband connection,Telecom > Telecom Services,Telecom,Telecom Services,0.9900,1.0000,month,month,77.3500,GBP,98.2345,98.2345,United States,,False
PCARD,PCARD-00281,2025-08-13,Vertex Tech #80,Vertex Technology Ltd,1.0000,CARD TXN - PDF EDITOR ANNUAL LICENSE / 2396,PDF EDITOR ANNUAL LICENSE,pdf editor annual license,,Software & Cloud,Software Licenses,0.9600,3.0000,license,license,96.5700,EUR,104.2956,312.8868,Netherlands,source_category_missing,True
PCARD,PCARD-00282,2025-03-09,Vertex Tech #70,Vertex Technology Ltd,1.0000,CARD TXN - PROTECTIVE SAFETY GLASSES / 9580,PROTECTIVE SAFETY GLASSES,protective safety glasses,,Safety & Lab,Personal Protective Equipment,0.9600,3.0000,each,each,10.4300,GBP,13.2461,39.7383,UK,source_category_missing,True
PCARD,PCARD-00283,2025-03-09,Cedar Consulting Group,Cedar Consulting Group,1.0000,ONLINE ORDER - ELECTRICITY SUPPLY USAGE / 4630,ELECTRICITY SUPPLY USAGE,electricity supply usage,Facilities & Energy > Energy,Facilities & Energy,Energy,0.9900,3.0000,MWh,mwh,116.7900,GBP,148.3233,444.9699,UK,,False
PCARD,PCARD-00284,2025-05-24,Meridian Utilities #24,Meridian Energy Services,1.0000,PURCHASE - A4 COPY PAPER CASE 5 REAMS / 9057,A4 COPY PAPER CASE 5 REAMS,a4 copy paper case 5 reams,OFFICE & MRO,Office & MRO,Office Supplies,0.9600,5.0000,case,case,32.1500,EUR,34.7220,173.6100,UK,,False
PCARD,PCARD-00285,2025-01-07,Global Frt. Ptnrs,Global Freight Partners,1.0000,POS - MOBILE VOICE AND DATA PLAN / 5884,MOBILE VOICE AND DATA PLAN,mobile voice and data plan,,Telecom,Telecom Services,0.9600,1.0000,month,month,47.0400,EUR,50.8032,50.8032,Netherlands,source_category_missing,True
PCARD,PCARD-00286,2025-02-06,VERTEX TECHNOLOGY,Vertex Technology Ltd,1.0000,CARD TXN - PALLET FREIGHT DELIVERY / 9172,PALLET FREIGHT DELIVERY,pallet freight delivery,Freight Services,Logistics,Freight Services,0.9100,5.0000,shipment,shipment,192.1600,EUR,207.5328,1037.6640,United States,,False
PCARD,PCARD-00287,2025-08-16,MERIDIAN #78,Meridian Energy Services,1.0000,PURCHASE - PROTECTIVE SAFETY GLASSES / 4861,PROTECTIVE SAFETY GLASSES,protective safety glasses,,Safety & Lab,Personal Protective Equipment,0.9600,1.0000,each,each,12.5700,EUR,13.5756,13.5756,Germany,source_category_missing,True
PCARD,PCARD-00288,2025-02-08,SIEMENS,Siemens AG,1.0000,CARD TXN - USB-C ADAPTER MULTIPORT / 6233,USB-C ADAPTER MULTIPORT,usb c adapter multiport,IT Hardware > Peripherals,IT Hardware,Peripherals,0.9900,10.0000,each,each,36.3700,GBP,46.1899,461.8990,United States,,False
PCARD,PCARD-00289,2025-07-24,Redwood Telco #92,Redwood Telecom Services,1.0000,POS - STRETCH WRAP ROLL CLEAR / 4758,STRETCH WRAP ROLL CLEAR,stretch wrap roll clear,,Logistics,Packaging,0.9600,3.0000,roll,roll,17.7300,GBP,22.5171,67.5513,UK,source_category_missing,True
PCARD,PCARD-00290,2025-03-05,Blue Bird Facilities #65,Bluebird Facilities Group,1.0000,CARD TXN - A4 COPY PAPER CASE 5 REAMS / 7875,A4 COPY PAPER CASE 5 REAMS,a4 copy paper case 5 reams,,Office & MRO,Office Supplies,0.9600,2.0000,case,case,32.9100,EUR,35.5428,71.0856,United States,source_category_missing,True
PCARD,PCARD-00291,2025-05-09,Meridian Energy,Meridian Energy Services,1.0000,PURCHASE - NITRILE SAFETY GLOVES BOX / 9376,NITRILE SAFETY GLOVES BOX,nitrile safety gloves box,Office & MRO > Maintenance Supplies,Office & MRO,Maintenance Supplies,0.9900,3.0000,box,box,16.2700,GBP,20.6629,61.9887,Ireland,,False
PCARD,PCARD-00292,2025-06-20,ACME,Acme Industrial Supplies,1.0000,POS - WHITEBOARD MARKER PACK 12 / 9911,WHITEBOARD MARKER PACK 12,whiteboard marker pack 12,,Office & MRO,Office Supplies,0.9600,3.0000,pack,pack,15.1100,EUR,16.3188,48.9564,Germany,source_category_missing,True
PCARD,PCARD-00293,2025-11-24,MERIDIAN,Meridian Energy Services,1.0000,CARD TXN - WIRELESS KEYBOARD AND MOUSE SET / 9513,WIRELESS KEYBOARD AND MOUSE SET,wireless keyboard and mouse set,Peripherals,IT Hardware,Peripherals,0.9100,1.0000,each,each,44.5200,GBP,56.5404,56.5404,United States,,False
PCARD,PCARD-00294,2025-01-15,ACME Ind.,Acme Industrial Supplies,1.0000,CARD TXN - A4 COPY PAPER CASE 5 REAMS / 7528,A4 COPY PAPER CASE 5 REAMS,a4 copy paper case 5 reams,OFFICE & MRO,Office & MRO,Office Supplies,0.9600,5.0000,case,case,33.1500,USD,33.1500,165.7500,Ireland,,False
PCARD,PCARD-00295,2025-10-28,Northstar Office Products #19,Northstar Office Products,1.0000,PURCHASE - HVAC PREVENTIVE MAINTENANCE VISIT / 9719,HVAC PREVENTIVE MAINTENANCE VISIT,hvac preventive maintenance visit,,Facilities & Energy,Facilities Services,0.9600,2.0000,visit,visit,336.0100,GBP,426.7327,853.4654,Ireland,source_category_missing,True
PCARD,PCARD-00296,2025-03-08,Apex Packaging #71,Apex Packaging Europe,1.0000,POS - ELECTRICITY SUPPLY USAGE / 4342,ELECTRICITY SUPPLY USAGE,electricity supply usage,Facilities & Energy/Energy,Facilities & Energy,Energy,0.9900,10.0000,MWh,mwh,150.4200,USD,150.4200,1504.2000,France,,False
PCARD,PCARD-00297,2025-04-04,Northstar Co.,Northstar Office Products,1.0000,POS - BLACK TONER CARTRIDGE / 9864,BLACK TONER CARTRIDGE,black toner cartridge,Office Supplies,Office & MRO,Office Supplies,0.9100,10.0000,each,each,78.9300,USD,78.9300,789.3000,United States,,False
PCARD,PCARD-00298,2025-04-19,siemens,Siemens AG,1.0000,PURCHASE - CORRUGATED SHIPPING BOX MEDIUM / 5469,CORRUGATED SHIPPING BOX MEDIUM,corrugated shipping box medium,Logistics/Packaging,Logistics,Packaging,0.9900,3.0000,box,box,1.1900,GBP,1.5113,4.5339,Netherlands,,False
PCARD,PCARD-00299,2025-03-16,Summit Fleet,Summit Vehicle Leasing,1.0000,PURCHASE - PROCESS IMPROVEMENT CONSULTANT / 8465,PROCESS IMPROVEMENT CONSULTANT,process improvement consultant,Professional Services > Consulting,Professional Services,Consulting,0.9900,2.0000,day,day,962.5200,GBP,1222.4004,2444.8008,Netherlands,,False
PCARD,PCARD-00300,2025-01-26,Pinnacle Safety,Pinnacle Safety Equipment,1.0000,POS - LABORATORY NITRILE GLOVES BOX / 9026,LABORATORY NITRILE GLOVES BOX,laboratory nitrile gloves box,,Safety & Lab,Laboratory Supplies,0.9600,2.0000,box,box,22.3700,EUR,24.1596,48.3192,Netherlands,source_category_missing,True
PCARD,PCARD-00301,2025-11-12,Siemens AG,Siemens AG,1.0000,ONLINE ORDER - MONITOR 27 INCH QHD / 3058,MONITOR 27 INCH QHD,monitor 27 inch qhd,IT Hardware > Displays,IT Hardware,Displays,0.9900,3.0000,each,each,289.3500,USD,289.3500,868.0500,United States,,False
PCARD,PCARD-00302,2025-12-30,Orchard Maint.,Orchard Maintenance Co,1.0000,POS - CLOUD COMPUTE USAGE / 3794,CLOUD COMPUTE USAGE,cloud compute usage,Cloud Services,Software & Cloud,Cloud Services,0.9100,2.0000,hour,hour,4.4400,GBP,5.6388,11.2776,Netherlands,,False
PCARD,PCARD-00303,2025-06-06,SUMMIT VL #74,Summit Vehicle Leasing,1.0000,PURCHASE - MONITOR 27 INCH QHD / 6118,MONITOR 27 INCH QHD,monitor 27 inch qhd,,IT Hardware,Displays,0.9600,10.0000,each,each,240.4000,EUR,259.6320,2596.3200,Ireland,source_category_missing,True
PCARD,PCARD-00304,2025-01-20,Orchard Maintenance Co,Orchard Maintenance Co,1.0000,POS - USB-C HEADSET / 495,USB-C HEADSET,usb c headset,IT Hardware/Peripherals,IT Hardware,Peripherals,0.9900,2.0000,each,each,89.9100,USD,89.9100,179.8200,Ireland,,False
PCARD,PCARD-00305,2025-04-04,SIEMENS #85,Siemens AG,1.0000,ONLINE ORDER - INDUSTRIAL AIR FILTER MEDIUM / 931,INDUSTRIAL AIR FILTER MEDIUM,industrial air filter medium,Office & MRO/Maintenance Supplies,Office & MRO,Maintenance Supplies,0.9900,1.0000,each,each,38.0700,GBP,48.3489,48.3489,Germany,,False
PCARD,PCARD-00306,2025-07-24,Global Frt. Ptnrs,Global Freight Partners,1.0000,PURCHASE - CLOUD COMPUTE USAGE / 9649,CLOUD COMPUTE USAGE,cloud compute usage,Software & Cloud > Cloud Services,Software & Cloud,Cloud Services,0.9900,1.0000,hour,hour,5.1100,USD,5.1100,5.1100,Ireland,,False
PCARD,PCARD-00307,2025-06-17,Harbor Sci.,Harbor Scientific Supply,1.0000,CARD TXN - PROCESS IMPROVEMENT CONSULTANT / 2469,PROCESS IMPROVEMENT CONSULTANT,process improvement consultant,Professional Services/Consulting,Professional Services,Consulting,0.9900,5.0000,day,day,1229.8700,EUR,1328.2596,6641.2980,Germany,,False
PCARD,PCARD-00308,2025-01-27,HSS #94,Harbor Scientific Supply,1.0000,POS - BUSINESS LAPTOP 14 INCH / 7762,BUSINESS LAPTOP 14 INCH,business laptop 14 inch,,IT Hardware,Laptops,0.9600,1.0000,each,each,1036.9600,USD,1036.9600,1036.9600,France,source_category_missing;price_variance_review,True
PCARD,PCARD-00309,2025-08-31,Northstar Co. #63,Northstar Office Products,1.0000,PURCHASE - BUSINESS LAPTOP 14 INCH / 8745,BUSINESS LAPTOP 14 INCH,business laptop 14 inch,,IT Hardware,Laptops,0.9600,10.0000,each,each,768.0400,GBP,975.4108,9754.1080,United States,source_category_missing;price_variance_review,True
PCARD,PCARD-00310,2025-10-30,SUMMIT VL,Summit Vehicle Leasing,1.0000,ONLINE ORDER - STRETCH WRAP ROLL CLEAR / 6875,STRETCH WRAP ROLL CLEAR,stretch wrap roll clear,Logistics > Packaging,Logistics,Packaging,0.9900,5.0000,roll,roll,16.8200,GBP,21.3614,106.8070,Netherlands,,False
PCARD,PCARD-00311,2025-07-19,Orchard Services,Orchard Maintenance Co,1.0000,CARD TXN - DOMESTIC PARCEL DELIVERY / 8805,DOMESTIC PARCEL DELIVERY,domestic parcel delivery,Freight Services,Logistics,Freight Services,0.9100,2.0000,shipment,shipment,27.5500,EUR,29.7540,59.5080,Germany,,False
PCARD,PCARD-00312,2025-11-21,Global Frt. Ptnrs,Global Freight Partners,1.0000,CARD TXN - PDF EDITOR ANNUAL LICENSE / 3594,PDF EDITOR ANNUAL LICENSE,pdf editor annual license,Software & Cloud > Software Licenses,Software & Cloud,Software Licenses,0.9900,3.0000,license,license,108.5500,USD,108.5500,325.6500,France,,False
PCARD,PCARD-00313,2025-08-02,REDWOOD,Redwood Telecom Services,1.0000,PURCHASE - PROCESS IMPROVEMENT CONSULTANT / 7645,PROCESS IMPROVEMENT CONSULTANT,process improvement consultant,PROFESSIONAL SERVICES,Professional Services,Consulting,0.9600,2.0000,day,day,1247.0600,EUR,1346.8248,2693.6496,United States,,False
PCARD,PCARD-00314,2025-04-28,Global Freight,Global Freight Partners,1.0000,PURCHASE - PROTECTIVE SAFETY GLASSES / 2695,PROTECTIVE SAFETY GLASSES,protective safety glasses,Safety & Lab/Personal Protective Equipment,Safety & Lab,Personal Protective Equipment,0.9900,10.0000,each,each,13.3000,USD,13.3000,133.0000,Netherlands,,False
PCARD,PCARD-00315,2025-04-16,Bluebird FM,Bluebird Facilities Group,1.0000,POS - PDF EDITOR ANNUAL LICENSE / 7310,PDF EDITOR ANNUAL LICENSE,pdf editor annual license,Software & Cloud/Software Licenses,Software & Cloud,Software Licenses,0.9900,5.0000,license,license,95.6200,EUR,103.2696,516.3480,France,,False
PCARD,PCARD-00316,2025-10-21,APEX Pack. #76,Apex Packaging Europe,1.0000,CARD TXN - PROTECTIVE SAFETY GLASSES / 1090,PROTECTIVE SAFETY GLASSES,protective safety glasses,SAFETY & LAB,Safety & Lab,Personal Protective Equipment,0.9600,2.0000,each,each,10.4900,GBP,13.3223,26.6446,Ireland,,False
PCARD,PCARD-00317,2025-10-31,Vertex Ltd.,Vertex Technology Ltd,1.0000,POS - BUSINESS BROADBAND CONNECTION / 7144,BUSINESS BROADBAND CONNECTION,business broadband connection,TELECOM,Telecom,Telecom Services,0.9600,1.0000,month,month,73.4400,GBP,93.2688,93.2688,United States,,False
PCARD,PCARD-00318,2025-06-13,Pinnacle Equip.,Pinnacle Safety Equipment,1.0000,POS - USB-C HEADSET / 653,USB-C HEADSET,usb c headset,,IT Hardware,Peripherals,0.9600,10.0000,each,each,83.5300,EUR,90.2124,902.1240,Ireland,source_category_missing,True
PCARD,PCARD-00319,2025-12-18,Orchard Services #75,Orchard Maintenance Co,1.0000,CARD TXN - DOMESTIC PARCEL DELIVERY / 7743,DOMESTIC PARCEL DELIVERY,domestic parcel delivery,Freight Services,Logistics,Freight Services,0.9100,2.0000,shipment,shipment,29.7100,EUR,32.0868,64.1736,France,,False
PCARD,PCARD-00320,2025-03-18,Vertex Technology Ltd #74,Vertex Technology Ltd,1.0000,PURCHASE - PROTECTIVE SAFETY GLASSES / 1559,PROTECTIVE SAFETY GLASSES,protective safety glasses,Safety & Lab > Personal Protective Equipment,Safety & Lab,Personal Protective Equipment,0.9900,1.0000,each,each,13.7200,USD,13.7200,13.7200,France,,False
PCARD,PCARD-00321,2025-07-08,Pinnacle Equip.,Pinnacle Safety Equipment,1.0000,CARD TXN - OFFICE CLEANING MONTHLY SERVICE / 3649,OFFICE CLEANING MONTHLY SERVICE,office cleaning monthly service,Facilities & Energy/Facilities Services,Facilities & Energy,Facilities Services,0.9600,2.0000,month,month,1114.7500,GBP,1415.7325,2831.4650,UK,,False
PCARD,PCARD-00322,2025-01-04,Pinnacle Safety Equipment #91,Pinnacle Safety Equipment,1.0000,CARD TXN - CORRUGATED SHIPPING BOX MEDIUM / 8782,CORRUGATED SHIPPING BOX MEDIUM,corrugated shipping box medium,Logistics > Packaging,Logistics,Packaging,0.9900,1.0000,box,box,1.3000,GBP,1.6510,1.6510,United States,,False
PCARD,PCARD-00323,2025-10-24,siemens,Siemens AG,1.0000,POS - USB-C ADAPTER MULTIPORT / 5421,USB-C ADAPTER MULTIPORT,usb c adapter multiport,IT Hardware/Peripherals,IT Hardware,Peripherals,0.9900,3.0000,each,each,38.4000,EUR,41.4720,124.4160,France,,False
PCARD,PCARD-00324,2025-09-11,Meridian Energy Services,Meridian Energy Services,1.0000,ONLINE ORDER - WIRELESS KEYBOARD AND MOUSE SET / 5383,WIRELESS KEYBOARD AND MOUSE SET,wireless keyboard and mouse set,Peripherals,IT Hardware,Peripherals,0.9100,1.0000,each,each,41.2700,GBP,52.4129,52.4129,United States,,False
PCARD,PCARD-00325,2025-04-10,Meridian Energy Services,Meridian Energy Services,1.0000,CARD TXN - CLOUD COMPUTE USAGE / 1792,CLOUD COMPUTE USAGE,cloud compute usage,Software & Cloud/Cloud Services,Software & Cloud,Cloud Services,0.9900,3.0000,hour,hour,5.3600,USD,5.3600,16.0800,Germany,,False
PCARD,PCARD-00326,2025-05-15,Northstar Office Products #59,Northstar Office Products,1.0000,POS - STRETCH WRAP ROLL CLEAR / 8635,STRETCH WRAP ROLL CLEAR,stretch wrap roll clear,Logistics/Packaging,Logistics,Packaging,0.9900,3.0000,roll,roll,17.3700,GBP,22.0599,66.1797,UK,,False
PCARD,PCARD-00327,2025-12-01,Pinnacle PPE #85,Pinnacle Safety Equipment,1.0000,PURCHASE - A4 COPY PAPER CASE 5 REAMS / 9572,A4 COPY PAPER CASE 5 REAMS,a4 copy paper case 5 reams,Office & MRO/Office Supplies,Office & MRO,Office Supplies,0.9900,3.0000,case,case,33.4600,EUR,36.1368,108.4104,United States,,False
PCARD,PCARD-00328,2025-01-05,Global Frt. Ptnrs,Global Freight Partners,1.0000,POS - ELECTRICITY SUPPLY USAGE / 8808,ELECTRICITY SUPPLY USAGE,electricity supply usage,Facilities & Energy > Energy,Facilities & Energy,Energy,0.9900,5.0000,MWh,mwh,113.1100,GBP,143.6497,718.2485,Netherlands,,False
PCARD,PCARD-00329,2025-12-29,SIEMENS #28,Siemens AG,1.0000,ONLINE ORDER - PROCESS IMPROVEMENT CONSULTANT / 1967,PROCESS IMPROVEMENT CONSULTANT,process improvement consultant,Professional Services > Consulting,Professional Services,Consulting,0.9900,1.0000,day,day,1187.6600,EUR,1282.6728,1282.6728,Ireland,,False
PCARD,PCARD-00330,2025-08-06,Bluebird Facilities Group,Bluebird Facilities Group,1.0000,PURCHASE - MOBILE VOICE AND DATA PLAN / 8525,MOBILE VOICE AND DATA PLAN,mobile voice and data plan,TELECOM,Telecom,Telecom Services,0.9600,2.0000,month,month,37.4200,GBP,47.5234,95.0468,UK,,False
PCARD,PCARD-00331,2025-09-08,Redwood Telecom #58,Redwood Telecom Services,1.0000,ONLINE ORDER - INDUSTRIAL AIR FILTER MEDIUM / 577,INDUSTRIAL AIR FILTER MEDIUM,industrial air filter medium,,Office & MRO,Maintenance Supplies,0.9600,1.0000,each,each,48.0200,USD,48.0200,48.0200,Germany,source_category_missing,True
PCARD,PCARD-00332,2025-12-03,Acme Industrial Supplies #36,Acme Industrial Supplies,1.0000,PURCHASE - PROJECT COLLABORATION ANNUAL LICENSE / 3546,PROJECT COLLABORATION ANNUAL LICENSE,project collaboration annual license,,Software & Cloud,Software Licenses,0.9600,1.0000,license,license,154.9100,USD,154.9100,154.9100,Ireland,source_category_missing,True
PCARD,PCARD-00333,2025-08-27,Pinnacle Safety Equipment,Pinnacle Safety Equipment,1.0000,ONLINE ORDER - A4 COPY PAPER CASE 5 REAMS / 3026,A4 COPY PAPER CASE 5 REAMS,a4 copy paper case 5 reams,Office Supplies,Office & MRO,Office Supplies,0.9100,1.0000,case,case,28.8500,GBP,36.6395,36.6395,France,,False
PCARD,PCARD-00334,2025-02-02,Acme Industrial Supplies,Acme Industrial Supplies,1.0000,PURCHASE - LAPTOP DOCK USB-C / 2383,LAPTOP DOCK USB-C,laptop dock usb c,,IT Hardware,Laptops,0.9600,5.0000,each,each,205.9200,USD,205.9200,1029.6000,Germany,source_category_missing,True
PCARD,PCARD-00335,2025-03-03,Meridian Energy,Meridian Energy Services,1.0000,PURCHASE - BUSINESS LAPTOP 14 INCH / 8629,BUSINESS LAPTOP 14 INCH,business laptop 14 inch,,IT Hardware,Laptops,0.9600,2.0000,each,each,994.5900,EUR,1074.1572,2148.3144,Netherlands,source_category_missing;price_variance_review,True
PCARD,PCARD-00336,2025-04-04,VERTEX TECHNOLOGY,Vertex Technology Ltd,1.0000,CARD TXN - A4 COPY PAPER CASE 5 REAMS / 7792,A4 COPY PAPER CASE 5 REAMS,a4 copy paper case 5 reams,OFFICE & MRO,Office & MRO,Office Supplies,0.9600,10.0000,case,case,36.6900,USD,36.6900,366.9000,United States,,False
PCARD,PCARD-00337,2025-05-27,Summit Fleet,Summit Vehicle Leasing,1.0000,POS - CLOUD COMPUTE USAGE / 462,CLOUD COMPUTE USAGE,cloud compute usage,,Software & Cloud,Cloud Services,0.9600,10.0000,hour,hour,4.0600,GBP,5.1562,51.5620,Germany,source_category_missing,True
PCARD,PCARD-00338,2025-04-17,Pinnacle Safety Equipment,Pinnacle Safety Equipment,1.0000,ONLINE ORDER - LABORATORY NITRILE GLOVES BOX / 3513,LABORATORY NITRILE GLOVES BOX,laboratory nitrile gloves box,Laboratory Supplies,Safety & Lab,Laboratory Supplies,0.9100,2.0000,box,box,23.6500,USD,23.6500,47.3000,Ireland,,False
PCARD,PCARD-00339,2025-11-12,Acme Industrial Supplies #22,Acme Industrial Supplies,1.0000,CARD TXN - PROTECTIVE SAFETY GLASSES / 7813,PROTECTIVE SAFETY GLASSES,protective safety glasses,SAFETY & LAB,Safety & Lab,Personal Protective Equipment,0.9600,3.0000,each,each,13.7800,USD,13.7800,41.3400,UK,,False
PCARD,PCARD-00340,2025-12-26,Pinnacle Safety Equipment #42,Pinnacle Safety Equipment,1.0000,PURCHASE - ELECTRIC VAN LEASE MONTHLY / 1473,ELECTRIC VAN LEASE MONTHLY,electric van lease monthly,,Fleet,Vehicle Leasing,0.9600,1.0000,month,month,846.5600,USD,846.5600,846.5600,Germany,source_category_missing,True
PCARD,PCARD-00341,2025-01-16,Summit Vehicle Leasing,Summit Vehicle Leasing,1.0000,ONLINE ORDER - WHITEBOARD MARKER PACK 12 / 1956,WHITEBOARD MARKER PACK 12,whiteboard marker pack 12,OFFICE & MRO,Office & MRO,Office Supplies,0.9600,1.0000,pack,pack,15.1900,EUR,16.4052,16.4052,France,,False
PCARD,PCARD-00342,2025-07-13,Redwood Telecom Services,Redwood Telecom Services,1.0000,PURCHASE - PROTECTIVE SAFETY GLASSES / 8495,PROTECTIVE SAFETY GLASSES,protective safety glasses,Safety & Lab/Personal Protective Equipment,Safety & Lab,Personal Protective Equipment,0.9900,1.0000,each,each,13.4300,USD,13.4300,13.4300,Germany,,False
PCARD,PCARD-00343,2025-12-21,Pinnacle Safety Equipment,Pinnacle Safety Equipment,1.0000,POS - MONITOR 27 INCH QHD / 9962,MONITOR 27 INCH QHD,monitor 27 inch qhd,IT HARDWARE,IT Hardware,Displays,0.9600,1.0000,each,each,209.1300,GBP,265.5951,265.5951,Germany,,False
PCARD,PCARD-00344,2025-03-13,ACME #86,Acme Industrial Supplies,1.0000,ONLINE ORDER - CLOUD COMPUTE USAGE / 5415,CLOUD COMPUTE USAGE,cloud compute usage,,Software & Cloud,Cloud Services,0.9600,2.0000,hour,hour,4.1900,GBP,5.3213,10.6426,UK,source_category_missing,True
PCARD,PCARD-00345,2025-03-30,SIEMENS,Siemens AG,1.0000,PURCHASE - ELECTRICITY SUPPLY USAGE / 1975,ELECTRICITY SUPPLY USAGE,electricity supply usage,,Facilities & Energy,Energy,0.9600,1.0000,MWh,mwh,134.5400,EUR,145.3032,145.3032,Germany,source_category_missing,True
PCARD,PCARD-00346,2025-11-01,Vertex Ltd. #64,Vertex Technology Ltd,1.0000,POS - A4 COPY PAPER CASE 5 REAMS / 5575,A4 COPY PAPER CASE 5 REAMS,a4 copy paper case 5 reams,OFFICE & MRO,Office & MRO,Office Supplies,0.9600,1.0000,case,case,32.3800,EUR,34.9704,34.9704,Netherlands,,False
PCARD,PCARD-00347,2025-08-29,Redwood Telecom Services #71,Redwood Telecom Services,1.0000,POS - MONITOR 27 INCH QHD / 7661,MONITOR 27 INCH QHD,monitor 27 inch qhd,IT Hardware/Displays,IT Hardware,Displays,0.9900,1.0000,each,each,264.0200,USD,264.0200,264.0200,Germany,,False
PCARD,PCARD-00348,2025-10-29,Pinnacle Safety Equipment,Pinnacle Safety Equipment,1.0000,POS - NITRILE SAFETY GLOVES BOX / 6558,NITRILE SAFETY GLOVES BOX,nitrile safety gloves box,OFFICE & MRO,Office & MRO,Maintenance Supplies,0.9600,10.0000,box,box,15.7100,GBP,19.9517,199.5170,UK,,False
PCARD,PCARD-00349,2025-09-18,Siem. AG,Siemens AG,1.0000,CARD TXN - LABORATORY NITRILE GLOVES BOX / 8987,LABORATORY NITRILE GLOVES BOX,laboratory nitrile gloves box,Laboratory Supplies,Safety & Lab,Laboratory Supplies,0.9100,10.0000,box,box,18.9700,GBP,24.0919,240.9190,Ireland,,False
PCARD,PCARD-00350,2025-01-09,Orchard Services,Orchard Maintenance Co,1.0000,ONLINE ORDER - PROJECT COLLABORATION ANNUAL LICENSE / 8988,PROJECT COLLABORATION ANNUAL LICENSE,project collaboration annual license,,Software & Cloud,Software Licenses,0.9600,1.0000,license,license,153.4100,USD,153.4100,153.4100,UK,source_category_missing,True
PCARD,PCARD-00351,2025-07-09,Northstar Co.,Northstar Office Products,1.0000,CARD TXN - PROTECTIVE SAFETY GLASSES / 2249,PROTECTIVE SAFETY GLASSES,protective safety glasses,Safety & Lab > Personal Protective Equipment,Safety & Lab,Personal Protective Equipment,0.9900,1.0000,each,each,13.7600,USD,13.7600,13.7600,UK,,False
PCARD,PCARD-00352,2025-05-03,Harbor Sci.,Harbor Scientific Supply,1.0000,CARD TXN - PALLET FREIGHT DELIVERY / 1578,PALLET FREIGHT DELIVERY,pallet freight delivery,LOGISTICS,Logistics,Freight Services,0.9600,5.0000,shipment,shipment,197.9900,USD,197.9900,989.9500,United States,,False
PCARD,PCARD-00353,2025-07-31,Northstar Co. #81,Northstar Office Products,1.0000,CARD TXN - BLACK TONER CARTRIDGE / 3565,BLACK TONER CARTRIDGE,black toner cartridge,OFFICE & MRO,Office & MRO,Office Supplies,0.9600,1.0000,each,each,64.8500,GBP,82.3595,82.3595,Germany,,False
PCARD,PCARD-00354,2025-11-01,Global Frt. Ptnrs,Global Freight Partners,1.0000,PURCHASE - NITRILE SAFETY GLOVES BOX / 156,NITRILE SAFETY GLOVES BOX,nitrile safety gloves box,Office & MRO > Maintenance Supplies,Office & MRO,Maintenance Supplies,0.9900,2.0000,box,box,18.9100,EUR,20.4228,40.8456,Ireland,,False
PCARD,PCARD-00355,2025-07-07,Siem. AG #48,Siemens AG,1.0000,POS - USB-C ADAPTER MULTIPORT / 6384,USB-C ADAPTER MULTIPORT,usb c adapter multiport,,IT Hardware,Peripherals,0.9600,1.0000,each,each,41.9000,EUR,45.2520,45.2520,Ireland,source_category_missing,True
PCARD,PCARD-00356,2025-10-20,Vertex Technology Ltd,Vertex Technology Ltd,1.0000,CARD TXN - CLOUD COMPUTE USAGE / 6715,CLOUD COMPUTE USAGE,cloud compute usage,,Software & Cloud,Cloud Services,0.9600,5.0000,hour,hour,4.1400,GBP,5.2578,26.2890,United States,source_category_missing,True
PCARD,PCARD-00357,2025-12-30,Harbour Scientific,Harbor Scientific Supply,1.0000,PURCHASE - OFFICE CLEANING MONTHLY SERVICE / 970,OFFICE CLEANING MONTHLY SERVICE,office cleaning monthly service,Facilities Services,Facilities & Energy,Facilities Services,0.9100,2.0000,month,month,1311.7100,EUR,1416.6468,2833.2936,United States,,False
PCARD,PCARD-00358,2025-06-07,Vertex Ltd.,Vertex Technology Ltd,1.0000,POS - WHITEBOARD MARKER PACK 12 / 6209,WHITEBOARD MARKER PACK 12,whiteboard marker pack 12,,Office & MRO,Office Supplies,0.9600,5.0000,pack,pack,14.8600,USD,14.8600,74.3000,Netherlands,source_category_missing,True
PCARD,PCARD-00359,2025-10-27,Siem. AG,Siemens AG,1.0000,PURCHASE - WHITEBOARD MARKER PACK 12 / 7134,WHITEBOARD MARKER PACK 12,whiteboard marker pack 12,OFFICE & MRO,Office & MRO,Office Supplies,0.9600,1.0000,pack,pack,15.1100,EUR,16.3188,16.3188,Netherlands,,False
PCARD,PCARD-00360,2025-05-10,Bluebird Facilities Group #81,Bluebird Facilities Group,1.0000,POS - PROTECTIVE SAFETY GLASSES / 2512,PROTECTIVE SAFETY GLASSES,protective safety glasses,Safety & Lab/Personal Protective Equipment,Safety & Lab,Personal Protective Equipment,0.9900,5.0000,each,each,12.4800,EUR,13.4784,67.3920,United States,,False
PCARD,PCARD-00361,2025-10-09,North Star Office,Northstar Office Products,1.0000,CARD TXN - PROTECTIVE SAFETY GLASSES / 1234,PROTECTIVE SAFETY GLASSES,protective safety glasses,,Safety & Lab,Personal Protective Equipment,0.9600,1.0000,each,each,12.2600,EUR,13.2408,13.2408,Netherlands,source_category_missing,True
PCARD,PCARD-00362,2025-10-10,Cedar Consulting,Cedar Consulting Group,1.0000,PURCHASE - PROJECT COLLABORATION ANNUAL LICENSE / 8720,PROJECT COLLABORATION ANNUAL LICENSE,project collaboration annual license,Software & Cloud > Software Licenses,Software & Cloud,Software Licenses,0.9900,10.0000,license,license,141.3800,EUR,152.6904,1526.9040,UK,,False
PCARD,PCARD-00363,2025-06-24,Pinnacle Equip. #99,Pinnacle Safety Equipment,1.0000,CARD TXN - ELECTRIC VAN LEASE MONTHLY / 9409,ELECTRIC VAN LEASE MONTHLY,electric van lease monthly,,Fleet,Vehicle Leasing,0.9600,1.0000,month,month,860.5300,EUR,929.3724,929.3724,France,source_category_missing,True
PCARD,PCARD-00364,2025-05-13,Northstar Co. #14,Northstar Office Products,1.0000,PURCHASE - WIRELESS KEYBOARD AND MOUSE SET / 8763,WIRELESS KEYBOARD AND MOUSE SET,wireless keyboard and mouse set,,IT Hardware,Peripherals,0.9600,3.0000,each,each,40.1100,GBP,50.9397,152.8191,France,source_category_missing,True
PCARD,PCARD-00365,2025-03-08,Northstar Co. #85,Northstar Office Products,1.0000,PURCHASE - INDUSTRIAL AIR FILTER MEDIUM / 4233,INDUSTRIAL AIR FILTER MEDIUM,industrial air filter medium,,Office & MRO,Maintenance Supplies,0.9600,10.0000,each,each,42.7900,EUR,46.2132,462.1320,UK,source_category_missing,True
PCARD,PCARD-00366,2025-12-19,Pinnacle Equip. #12,Pinnacle Safety Equipment,1.0000,ONLINE ORDER - ELECTRICITY SUPPLY USAGE / 8302,ELECTRICITY SUPPLY USAGE,electricity supply usage,Energy,Facilities & Energy,Energy,0.9100,1.0000,MWh,mwh,114.0400,GBP,144.8308,144.8308,Germany,,False
PCARD,PCARD-00367,2025-06-09,NORTHSTAR,Northstar Office Products,1.0000,ONLINE ORDER - NITRILE SAFETY GLOVES BOX / 6763,NITRILE SAFETY GLOVES BOX,nitrile safety gloves box,,Office & MRO,Maintenance Supplies,0.9600,1.0000,box,box,20.4200,USD,20.4200,20.4200,France,source_category_missing,True
PCARD,PCARD-00368,2025-11-16,North Star Office,Northstar Office Products,1.0000,CARD TXN - LAPTOP DOCK USB-C / 3580,LAPTOP DOCK USB-C,laptop dock usb c,,IT Hardware,Laptops,0.9600,10.0000,each,each,177.5900,EUR,191.7972,1917.9720,Netherlands,source_category_missing,True
PCARD,PCARD-00369,2025-09-09,North Star Office #65,Northstar Office Products,1.0000,CARD TXN - NITRILE SAFETY GLOVES BOX / 3102,NITRILE SAFETY GLOVES BOX,nitrile safety gloves box,Office & MRO > Maintenance Supplies,Office & MRO,Maintenance Supplies,0.9900,1.0000,box,box,18.6800,EUR,20.1744,20.1744,UK,,False
PCARD,PCARD-00370,2025-04-02,Vertex Ltd.,Vertex Technology Ltd,1.0000,CARD TXN - CLOUD COMPUTE USAGE / 458,CLOUD COMPUTE USAGE,cloud compute usage,Software & Cloud > Cloud Services,Software & Cloud,Cloud Services,0.9900,10.0000,hour,hour,4.3800,GBP,5.5626,55.6260,Germany,,False
PCARD,PCARD-00371,2025-11-08,Siem. AG #21,Siemens AG,1.0000,PURCHASE - NITRILE SAFETY GLOVES BOX / 3865,NITRILE SAFETY GLOVES BOX,nitrile safety gloves box,OFFICE & MRO,Office & MRO,Maintenance Supplies,0.9600,1.0000,box,box,16.4900,GBP,20.9423,20.9423,France,,False
PCARD,PCARD-00372,2025-08-31,Apex Packaging Europe #43,Apex Packaging Europe,1.0000,POS - DATA ANALYTICS CONSULTANT / 7937,DATA ANALYTICS CONSULTANT,data analytics consultant,,Professional Services,Consulting,0.9600,1.0000,day,day,1119.2200,GBP,1421.4094,1421.4094,UK,source_category_missing,True
PCARD,PCARD-00373,2025-05-19,Global Frt. Ptnrs,Global Freight Partners,1.0000,CARD TXN - CORRUGATED SHIPPING BOX MEDIUM / 3528,CORRUGATED SHIPPING BOX MEDIUM,corrugated shipping box medium,Logistics/Packaging,Logistics,Packaging,0.9900,1.0000,box,box,1.2700,GBP,1.6129,1.6129,Netherlands,,False
PCARD,PCARD-00374,2025-11-17,Meridian Utilities #14,Meridian Energy Services,1.0000,CARD TXN - A4 COPY PAPER CASE 5 REAMS / 9340,A4 COPY PAPER CASE 5 REAMS,a4 copy paper case 5 reams,Office & MRO > Office Supplies,Office & MRO,Office Supplies,0.9900,1.0000,case,case,28.1800,GBP,35.7886,35.7886,Ireland,,False
PCARD,PCARD-00375,2025-03-02,ORCHARD #60,Orchard Maintenance Co,1.0000,POS - DOMESTIC PARCEL DELIVERY / 3233,DOMESTIC PARCEL DELIVERY,domestic parcel delivery,,Logistics,Freight Services,0.9600,10.0000,shipment,shipment,24.3400,GBP,30.9118,309.1180,Ireland,source_category_missing,True
PCARD,PCARD-00376,2025-01-25,Cedar Consulting Group #44,Cedar Consulting Group,1.0000,POS - BUSINESS BROADBAND CONNECTION / 4071,BUSINESS BROADBAND CONNECTION,business broadband connection,Telecom > Telecom Services,Telecom,Telecom Services,0.9900,5.0000,month,month,104.3600,USD,104.3600,521.8000,Netherlands,,False
PCARD,PCARD-00377,2025-02-05,Redwood Telco #91,Redwood Telecom Services,1.0000,PURCHASE - LABORATORY NITRILE GLOVES BOX / 7156,LABORATORY NITRILE GLOVES BOX,laboratory nitrile gloves box,Laboratory Supplies,Safety & Lab,Laboratory Supplies,0.9100,5.0000,box,box,23.0400,USD,23.0400,115.2000,United States,,False
PCARD,PCARD-00378,2025-02-23,Vertex Technology Ltd,Vertex Technology Ltd,1.0000,CARD TXN - PROTECTIVE SAFETY GLASSES / 8056,PROTECTIVE SAFETY GLASSES,protective safety glasses,,Safety & Lab,Personal Protective Equipment,0.9600,1.0000,each,each,13.4500,USD,13.4500,13.4500,Netherlands,source_category_missing,True
PCARD,PCARD-00379,2025-07-22,HSS #14,Harbor Scientific Supply,1.0000,CARD TXN - BLACK TONER CARTRIDGE / 6266,BLACK TONER CARTRIDGE,black toner cartridge,OFFICE & MRO,Office & MRO,Office Supplies,0.9600,3.0000,each,each,78.8400,EUR,85.1472,255.4416,Netherlands,,False
PCARD,PCARD-00380,2025-07-28,Orchard Maint. #88,Orchard Maintenance Co,1.0000,CARD TXN - DOMESTIC PARCEL DELIVERY / 1872,DOMESTIC PARCEL DELIVERY,domestic parcel delivery,,Logistics,Freight Services,0.9600,1.0000,shipment,shipment,28.2900,EUR,30.5532,30.5532,Netherlands,source_category_missing,True
PCARD,PCARD-00381,2025-12-22,Pinnacle Equip. #10,Pinnacle Safety Equipment,1.0000,PURCHASE - WHITEBOARD MARKER PACK 12 / 7932,WHITEBOARD MARKER PACK 12,whiteboard marker pack 12,OFFICE & MRO,Office & MRO,Office Supplies,0.9600,5.0000,pack,pack,14.0500,EUR,15.1740,75.8700,Ireland,,False
PCARD,PCARD-00382,2025-05-27,Orchard Maint.,Orchard Maintenance Co,1.0000,PURCHASE - WHITEBOARD MARKER PACK 12 / 2268,WHITEBOARD MARKER PACK 12,whiteboard marker pack 12,,Office & MRO,Office Supplies,0.9600,10.0000,pack,pack,11.6700,GBP,14.8209,148.2090,France,source_category_missing,True
PCARD,PCARD-00383,2025-07-24,Harbour Scientific,Harbor Scientific Supply,1.0000,CARD TXN - MOBILE VOICE AND DATA PLAN / 308,MOBILE VOICE AND DATA PLAN,mobile voice and data plan,Telecom/Telecom Services,Telecom,Telecom Services,0.9900,10.0000,month,month,52.0800,USD,52.0800,520.8000,United States,,False
PCARD,PCARD-00384,2025-08-22,CEDAR CG,Cedar Consulting Group,1.0000,ONLINE ORDER - DATA ANALYTICS CONSULTANT / 314,DATA ANALYTICS CONSULTANT,data analytics consultant,Professional Services > Consulting,Professional Services,Consulting,0.9900,1.0000,day,day,1074.3200,GBP,1364.3864,1364.3864,United States,,False
PCARD,PCARD-00385,2025-12-29,Siemens GmbH,Siemens AG,1.0000,PURCHASE - BUSINESS LAPTOP 14 INCH / 7065,BUSINESS LAPTOP 14 INCH,business laptop 14 inch,,IT Hardware,Laptops,0.9600,5.0000,each,each,1061.6900,USD,1061.6900,5308.4500,UK,source_category_missing;price_variance_review,True
PCARD,PCARD-00386,2025-07-14,CEDAR CG,Cedar Consulting Group,1.0000,ONLINE ORDER - USB-C HEADSET / 7868,USB-C HEADSET,usb c headset,IT HARDWARE,IT Hardware,Peripherals,0.9600,1.0000,each,each,82.5700,EUR,89.1756,89.1756,United States,,False
PCARD,PCARD-00387,2025-03-08,Orchard Maint. #35,Orchard Maintenance Co,1.0000,ONLINE ORDER - PROTECTIVE SAFETY GLASSES / 8065,PROTECTIVE SAFETY GLASSES,protective safety glasses,Safety & Lab > Personal Protective Equipment,Safety & Lab,Personal Protective Equipment,0.9900,2.0000,each,each,13.1500,EUR,14.2020,28.4040,Ireland,,False
PCARD,PCARD-00388,2025-07-13,Global Freight Partners,Global Freight Partners,1.0000,POS - ELECTRIC VAN LEASE MONTHLY / 7941,ELECTRIC VAN LEASE MONTHLY,electric van lease monthly,,Fleet,Vehicle Leasing,0.9600,1.0000,month,month,675.7500,GBP,858.2025,858.2025,United States,source_category_missing,True
PCARD,PCARD-00389,2025-10-02,Orchard Maintenance Co,Orchard Maintenance Co,1.0000,PURCHASE - USB-C HEADSET / 8840,USB-C HEADSET,usb c headset,IT HARDWARE,IT Hardware,Peripherals,0.9600,3.0000,each,each,69.1500,GBP,87.8205,263.4615,Netherlands,,False
PCARD,PCARD-00390,2025-05-28,Apex Packaging Europe,Apex Packaging Europe,1.0000,POS - PDF EDITOR ANNUAL LICENSE / 3517,PDF EDITOR ANNUAL LICENSE,pdf editor annual license,Software & Cloud > Software Licenses,Software & Cloud,Software Licenses,0.9900,1.0000,license,license,104.9300,EUR,113.3244,113.3244,France,,False
PCARD,PCARD-00391,2025-12-23,Vertex Technology Ltd,Vertex Technology Ltd,1.0000,CARD TXN - BLACK TONER CARTRIDGE / 9323,BLACK TONER CARTRIDGE,black toner cartridge,OFFICE & MRO,Office & MRO,Office Supplies,0.9600,5.0000,each,each,80.8700,EUR,87.3396,436.6980,Germany,,False
PCARD,PCARD-00392,2025-03-07,Harbor Scientific Supply,Harbor Scientific Supply,1.0000,CARD TXN - MONITOR 27 INCH QHD / 633,MONITOR 27 INCH QHD,monitor 27 inch qhd,,IT Hardware,Displays,0.9600,10.0000,each,each,210.0300,GBP,266.7381,2667.3810,UK,source_category_missing,True
PCARD,PCARD-00393,2025-12-01,Meridian Utilities #96,Meridian Energy Services,1.0000,POS - PALLET FREIGHT DELIVERY / 9644,PALLET FREIGHT DELIVERY,pallet freight delivery,LOGISTICS,Logistics,Freight Services,0.9600,1.0000,shipment,shipment,215.3700,USD,215.3700,215.3700,Germany,,False
PCARD,PCARD-00394,2025-07-26,Harbor Scientific Supply #16,Harbor Scientific Supply,1.0000,POS - ELECTRICITY SUPPLY USAGE / 784,ELECTRICITY SUPPLY USAGE,electricity supply usage,,Facilities & Energy,Energy,0.9600,3.0000,MWh,mwh,134.8600,EUR,145.6488,436.9464,Germany,source_category_missing,True
PCARD,PCARD-00395,2025-07-09,MERIDIAN #20,Meridian Energy Services,1.0000,POS - PROJECT COLLABORATION ANNUAL LICENSE / 171,PROJECT COLLABORATION ANNUAL LICENSE,project collaboration annual license,,Software & Cloud,Software Licenses,0.9600,1.0000,license,license,152.9300,USD,152.9300,152.9300,Germany,source_category_missing,True
PCARD,PCARD-00396,2025-08-19,Pinnacle Safety #16,Pinnacle Safety Equipment,1.0000,POS - WIRELESS KEYBOARD AND MOUSE SET / 212,WIRELESS KEYBOARD AND MOUSE SET,wireless keyboard and mouse set,IT Hardware/Peripherals,IT Hardware,Peripherals,0.9900,1.0000,each,each,52.8200,USD,52.8200,52.8200,UK,,False
PCARD,PCARD-00397,2025-05-12,CEDAR CG #26,Cedar Consulting Group,1.0000,CARD TXN - MOBILE VOICE AND DATA PLAN / 5045,MOBILE VOICE AND DATA PLAN,mobile voice and data plan,TELECOM,Telecom,Telecom Services,0.9600,3.0000,month,month,38.2900,GBP,48.6283,145.8849,UK,,False
PCARD,PCARD-00398,2025-05-20,Redwood Telecom Services #99,Redwood Telecom Services,1.0000,CARD TXN - DATA ANALYTICS CONSULTANT / 257,DATA ANALYTICS CONSULTANT,data analytics consultant,,Professional Services,Consulting,0.9600,1.0000,day,day,1426.9000,USD,1426.9000,1426.9000,Ireland,source_category_missing,True
PCARD,PCARD-00399,2025-07-26,Redwood Telecom Services #87,Redwood Telecom Services,1.0000,ONLINE ORDER - USB-C HEADSET / 6651,USB-C HEADSET,usb c headset,,IT Hardware,Peripherals,0.9600,1.0000,each,each,81.4500,EUR,87.9660,87.9660,Netherlands,source_category_missing,True
PCARD,PCARD-00400,2025-12-05,Harbour Scientific,Harbor Scientific Supply,1.0000,CARD TXN - LAPTOP DOCK USB-C / 4494,LAPTOP DOCK USB-C,laptop dock usb c,IT HARDWARE,IT Hardware,Laptops,0.9600,1.0000,each,each,187.8900,USD,187.8900,187.8900,Germany,,False
PCARD,PCARD-00001,2025-02-06,Acme Supply Co #93,Acme Industrial Supplies,1.0000,POS - CLOUD COMPUTE USAGE / 2687,CLOUD COMPUTE USAGE,cloud compute usage,Cloud Services,Software & Cloud,Cloud Services,0.9100,5.0000,hour,hour,5.1700,USD,5.1700,25.8500,UK,exact_duplicate,True
PCARD,PCARD-00002,2025-03-20,Pinnacle Safety Equipment,Pinnacle Safety Equipment,1.0000,POS - MOBILE VOICE AND DATA PLAN / 896,MOBILE VOICE AND DATA PLAN,mobile voice and data plan,Telecom Services,Telecom,Telecom Services,0.9100,3.0000,month,month,45.5700,EUR,49.2156,147.6468,Germany,exact_duplicate,True
PCARD,PCARD-00003,2025-02-25,ACME,Acme Industrial Supplies,1.0000,POS - MOBILE VOICE AND DATA PLAN / 3003,MOBILE VOICE AND DATA PLAN,mobile voice and data plan,,Telecom,Telecom Services,0.9600,1.0000,month,month,46.6300,EUR,50.3604,50.3604,France,source_category_missing;exact_duplicate,True
PCARD,PCARD-00004,2025-04-19,Northstar Co.,Northstar Office Products,1.0000,ONLINE ORDER - PDF EDITOR ANNUAL LICENSE / 9465,PDF EDITOR ANNUAL LICENSE,pdf editor annual license,Software Licenses,Software & Cloud,Software Licenses,0.9100,1.0000,license,license,113.4900,USD,113.4900,113.4900,Ireland,exact_duplicate,True
PCARD,PCARD-00005,2025-06-28,Meridian Utilities,Meridian Energy Services,1.0000,ONLINE ORDER - DATA ANALYTICS CONSULTANT / 3289,DATA ANALYTICS CONSULTANT,data analytics consultant,Consulting,Professional Services,Consulting,0.9100,2.0000,day,day,1182.5700,GBP,1501.8639,3003.7278,Germany,exact_duplicate,True
PCARD,PCARD-00006,2025-03-29,Pinnacle PPE,Pinnacle Safety Equipment,1.0000,PURCHASE - STRETCH WRAP ROLL CLEAR / 4932,STRETCH WRAP ROLL CLEAR,stretch wrap roll clear,Logistics/Packaging,Logistics,Packaging,0.9900,1.0000,roll,roll,22.4400,USD,22.4400,22.4400,Ireland,exact_duplicate,True
PCARD,PCARD-00007,2025-03-23,Harbor Scientific Supply #94,Harbor Scientific Supply,1.0000,ONLINE ORDER - STRETCH WRAP ROLL CLEAR / 4012,STRETCH WRAP ROLL CLEAR,stretch wrap roll clear,Logistics/Packaging,Logistics,Packaging,0.9900,1.0000,roll,roll,17.3100,GBP,21.9837,21.9837,France,exact_duplicate,True
PCARD,PCARD-00008,2025-03-03,Harbour Scientific,Harbor Scientific Supply,1.0000,PURCHASE - USB-C HEADSET / 6217,USB-C HEADSET,usb c headset,IT HARDWARE,IT Hardware,Peripherals,0.9600,1.0000,each,each,94.8400,USD,94.8400,94.8400,Germany,exact_duplicate,True
PCARD,PCARD-00009,2025-06-25,Global Freight Partners,Global Freight Partners,1.0000,ONLINE ORDER - MOBILE VOICE AND DATA PLAN / 7451,MOBILE VOICE AND DATA PLAN,mobile voice and data plan,,Telecom,Telecom Services,0.9600,3.0000,month,month,44.7400,EUR,48.3192,144.9576,United States,source_category_missing;exact_duplicate,True
PCARD,PCARD-00010,2025-02-28,Summit Vehicle Leasing,Summit Vehicle Leasing,1.0000,ONLINE ORDER - NITRILE SAFETY GLOVES BOX / 6539,NITRILE SAFETY GLOVES BOX,nitrile safety gloves box,OFFICE & MRO,Office & MRO,Maintenance Supplies,0.9600,1.0000,box,box,16.4200,GBP,20.8534,20.8534,Germany,exact_duplicate,True
PCARD,PCARD-00011,2025-07-26,Redwood Telco #83,Redwood Telecom Services,1.0000,PURCHASE - NITRILE SAFETY GLOVES BOX / 5210,NITRILE SAFETY GLOVES BOX,nitrile safety gloves box,,Office & MRO,Maintenance Supplies,0.9600,3.0000,box,box,19.8500,USD,19.8500,59.5500,Netherlands,source_category_missing;exact_duplicate,True
PCARD,PCARD-00012,2025-01-19,ACME Ind.,Acme Industrial Supplies,1.0000,PURCHASE - PALLET FREIGHT DELIVERY / 3798,PALLET FREIGHT DELIVERY,pallet freight delivery,Logistics > Freight Services,Logistics,Freight Services,0.9900,1.0000,shipment,shipment,164.9100,GBP,209.4357,209.4357,Germany,exact_duplicate,True
MANUAL,MANUAL-00001,2025-08-25,NorthstarOfficeProducts,Northstar Office Products,0.9580,Black toner cartridge,Black toner cartridge,black toner cartridge,,Office & MRO,Office Supplies,0.9600,3.0000,ea,each,65.5200,EUR,70.7616,212.2848,Netherlands,source_category_missing;exact_duplicate,True
MANUAL,MANUAL-00002,2025-09-19,Redwood Telecom Services,Redwood Telecom Services,1.0000,Data analytics consultant (urgent),Data analytics consultant,data analytics consultant,consulting,Professional Services,Consulting,0.9100,3.0000,day,day,1078.1900,EUR,1164.4452,3493.3356,Netherlands,exact_duplicate,True
MANUAL,MANUAL-00003,2025-12-23,Pinnacle Equip.,Pinnacle Safety Equipment,1.0000,Stretch wrap roll clear - dept order,Stretch wrap roll clear,stretch wrap roll clear,,Logistics,Packaging,0.9600,1.0000,roll,roll,13.6000,GBP,17.2720,17.2720,United States,source_category_missing;exact_duplicate,True
MANUAL,MANUAL-00004,2025-05-05,Harbor Scientific Supply,Harbor Scientific Supply,1.0000,Data analytics consultant - dept order,Data analytics consultant,data analytics consultant,,Professional Services,Consulting,0.9600,3.0000,day,day,1031.1300,EUR,1113.6204,3340.8612,France,source_category_missing;exact_duplicate,True
MANUAL,MANUAL-00005,2025-04-14,CEDAR CG,Cedar Consulting Group,1.0000,HVAC preventive maintenance visit (urgent),HVAC preventive maintenance visit,hvac preventive maintenance visit,facilities services,Facilities & Energy,Facilities Services,0.9100,1.0000,visit,visit,281.2300,GBP,357.1621,357.1621,UK,exact_duplicate,True
MANUAL,MANUAL-00006,2025-11-19,Northstar Office Products,Northstar Office Products,1.0000,PDF editor annual license (urgent),PDF editor annual license,pdf editor annual license,Software & Cloud - Software Licenses,Software & Cloud,Software Licenses,0.9900,3.0000,licence,license,65.8300,GBP,83.6041,250.8123,UK,exact_duplicate,True
MANUAL,MANUAL-00007,2025-05-16,Harbour Scientific,Harbor Scientific Supply,1.0000,electric van lease monthly,electric van lease monthly,electric van lease monthly,vehicle leasing,Fleet,Vehicle Leasing,0.9100,1.0000,mo,month,703.2100,USD,703.2100,703.2100,UK,exact_duplicate,True
MANUAL,MANUAL-00008,2025-02-14,VERTEXTECHNOLOGY,Vertex Technology Ltd,0.9700,electricity supply usage,electricity supply usage,electricity supply usage,Facilities & Energy - Energy,Facilities & Energy,Energy,0.9900,1.0000,MWh,mwh,112.2500,EUR,121.2300,121.2300,UK,exact_duplicate,True
MANUAL,MANUAL-00009,2025-10-09,Cedar Consult.,Cedar Consulting Group,1.0000,business broadband connection,business broadband connection,business broadband connection,Telecom > Telecom Services,Telecom,Telecom Services,0.9900,1.0000,mo,month,62.3700,GBP,79.2099,79.2099,France,exact_duplicate,True
MANUAL,MANUAL-00010,2025-10-18,BLUEBIRD,Bluebird Facilities Group,1.0000,Process improvement consultant - dept order,Process improvement consultant,process improvement consultant,,Professional Services,Consulting,0.9600,3.0000,day,day,825.3500,GBP,1048.1945,3144.5835,Netherlands,source_category_missing,True
MANUAL,MANUAL-00011,2025-06-04,Pinnacle Equip.,Pinnacle Safety Equipment,1.0000,black toner cartridge,black toner cartridge,black toner cartridge,office supplies,Office & MRO,Office Supplies,0.9100,2.0000,ea,each,59.6500,EUR,64.4220,128.8440,Germany,,False
MANUAL,MANUAL-00012,2025-11-03,Siem. AG,Siemens AG,1.0000,protective safety glasses,protective safety glasses,protective safety glasses,personal protective equipment,Safety & Lab,Personal Protective Equipment,0.9100,1.0000,ea,each,10.6900,USD,10.6900,10.6900,United States,,False
MANUAL,MANUAL-00013,2025-06-19,Acme Supply Co,Acme Industrial Supplies,1.0000,office cleaning monthly service,office cleaning monthly service,office cleaning monthly service,Facilities & Energy > Facilities Services,Facilities & Energy,Facilities Services,0.9600,5.0000,mo,month,1181.3500,USD,1181.3500,5906.7500,United States,,False
MANUAL,MANUAL-00014,2025-12-16,Orchard Services,Orchard Maintenance Co,1.0000,Mobile voice and data plan,Mobile voice and data plan,mobile voice and data plan,Telecom > Telecom Services,Telecom,Telecom Services,0.9900,1.0000,mo,month,37.9600,EUR,40.9968,40.9968,Netherlands,,False
MANUAL,MANUAL-00015,2025-12-25,SIEMENS,Siemens AG,1.0000,Compact vehicle lease monthly - dept order,Compact vehicle lease monthly,compact vehicle lease monthly,vehicle leasing,Fleet,Vehicle Leasing,0.9100,10.0000,mo,month,335.8400,GBP,426.5168,4265.1680,Netherlands,,False
MANUAL,MANUAL-00016,2025-07-27,GlobalFrt.Ptnrs,Global Freight Partners,0.9680,Black toner cartridge (urgent),Black toner cartridge,black toner cartridge,office supplies,Office & MRO,Office Supplies,0.9100,5.0000,ea,each,51.1700,GBP,64.9859,324.9295,Germany,,False
MANUAL,MANUAL-00017,2025-01-25,BluebirdFacilitiesGroup,Bluebird Facilities Group,0.9580,monitor 27 inch qhd,monitor 27 inch qhd,monitor 27 inch qhd,,IT Hardware,Displays,0.9600,10.0000,ea,each,179.6200,GBP,228.1174,2281.1740,UK,source_category_missing,True
MANUAL,MANUAL-00018,2025-01-12,Acme Supply Co,Acme Industrial Supplies,1.0000,Stretch wrap roll clear - dept order,Stretch wrap roll clear,stretch wrap roll clear,Logistics - Packaging,Logistics,Packaging,0.9900,5.0000,roll,roll,17.6900,USD,17.6900,88.4500,UK,,False
MANUAL,MANUAL-00019,2025-11-18,Northstar Office Products,Northstar Office Products,1.0000,Wireless keyboard and mouse set (urgent),Wireless keyboard and mouse set,wireless keyboard and mouse set,IT Hardware > Peripherals,IT Hardware,Peripherals,0.9900,10.0000,ea,each,44.3400,USD,44.3400,443.4000,United States,,False
MANUAL,MANUAL-00020,2025-10-09,SIEMENS,Siemens AG,1.0000,Corrugated shipping box medium (urgent),Corrugated shipping box medium,corrugated shipping box medium,Logistics > Packaging,Logistics,Packaging,0.9900,2.0000,BOXES,box,0.9500,GBP,1.2065,2.4130,United States,,False
MANUAL,MANUAL-00021,2025-02-26,Vertex Technology Ltd,Vertex Technology Ltd,1.0000,Cloud compute usage (urgent),Cloud compute usage,cloud compute usage,Software & Cloud > Cloud Services,Software & Cloud,Cloud Services,0.9900,3.0000,hour,hour,4.2300,USD,4.2300,12.6900,Germany,,False
MANUAL,MANUAL-00022,2025-04-16,HSS,Harbor Scientific Supply,1.0000,A4 copy paper case 5 reams - dept order,A4 copy paper case 5 reams,a4 copy paper case 5 reams,Office & MRO > Office Supplies,Office & MRO,Office Supplies,0.9900,1.0000,case,case,26.3000,EUR,28.4040,28.4040,UK,,False
MANUAL,MANUAL-00023,2025-03-02,Vertex Ltd.,Vertex Technology Ltd,1.0000,Laptop dock USB-C - dept order,Laptop dock USB-C,laptop dock usb c,,IT Hardware,Laptops,0.9600,10.0000,ea,each,151.7800,USD,151.7800,1517.8000,Germany,source_category_missing,True
MANUAL,MANUAL-00024,2025-12-30,Harbour Scientific,Harbor Scientific Supply,1.0000,Pallet freight delivery (urgent),Pallet freight delivery,pallet freight delivery,,Logistics,Freight Services,0.9600,1.0000,shipment,shipment,158.4600,USD,158.4600,158.4600,Ireland,source_category_missing,True
MANUAL,MANUAL-00025,2025-07-24,Summit Fleet,Summit Vehicle Leasing,1.0000,Mobile voice and data plan,Mobile voice and data plan,mobile voice and data plan,Telecom > Telecom Services,Telecom,Telecom Services,0.9900,1.0000,mo,month,40.3000,USD,40.3000,40.3000,United States,,False
MANUAL,MANUAL-00026,2025-10-07,CedarConsult.,Cedar Consulting Group,0.9600,Pallet freight delivery (urgent),Pallet freight delivery,pallet freight delivery,freight services,Logistics,Freight Services,0.9100,2.0000,shipment,shipment,135.4700,GBP,172.0469,344.0938,France,,False
MANUAL,MANUAL-00027,2025-09-29,Redwood Telecom Services,Redwood Telecom Services,1.0000,Stretch wrap roll clear - dept order,Stretch wrap roll clear,stretch wrap roll clear,Logistics - Packaging,Logistics,Packaging,0.9900,1.0000,roll,roll,15.0700,EUR,16.2756,16.2756,Ireland,,False
MANUAL,MANUAL-00028,2025-05-24,ApexPkgEurope,Apex Packaging Europe,0.9290,Protective safety glasses (urgent),Protective safety glasses,protective safety glasses,personal protective equipment,Safety & Lab,Personal Protective Equipment,0.9100,1.0000,ea,each,10.4400,USD,10.4400,10.4400,United States,,False
MANUAL,MANUAL-00029,2025-03-23,ACME,Acme Industrial Supplies,1.0000,Electricity supply usage,Electricity supply usage,electricity supply usage,,Facilities & Energy,Energy,0.9600,1.0000,MWh,mwh,107.6900,EUR,116.3052,116.3052,Netherlands,source_category_missing,True
MANUAL,MANUAL-00030,2025-01-26,OrchardServices,Orchard Maintenance Co,0.9680,Electricity supply usage - dept order,Electricity supply usage,electricity supply usage,Facilities & Energy - Energy,Facilities & Energy,Energy,0.9900,1.0000,MWh,mwh,99.8500,GBP,126.8095,126.8095,Germany,,False
MANUAL,MANUAL-00031,2025-04-01,REDWOOD,Redwood Telecom Services,1.0000,Domestic parcel delivery,Domestic parcel delivery,domestic parcel delivery,,Logistics,Freight Services,0.9600,1.0000,shipment,shipment,24.9300,EUR,26.9244,26.9244,Netherlands,source_category_missing,True
MANUAL,MANUAL-00032,2025-09-20,Acme Supply Co,Acme Industrial Supplies,1.0000,whiteboard marker pack 12,whiteboard marker pack 12,whiteboard marker pack 12,office supplies,Office & MRO,Office Supplies,0.9100,5.0000,pack,pack,12.3500,USD,12.3500,61.7500,Netherlands,,False
MANUAL,MANUAL-00033,2025-12-08,Blue Bird Facilities,Bluebird Facilities Group,1.0000,Industrial air filter medium (urgent),Industrial air filter medium,industrial air filter medium,Office & MRO - Maintenance Supplies,Office & MRO,Maintenance Supplies,0.9900,5.0000,ea,each,29.5600,GBP,37.5412,187.7060,Ireland,,False
MANUAL,MANUAL-00034,2025-04-21,APEX Pack.,Apex Packaging Europe,1.0000,Data analytics consultant - dept order,Data analytics consultant,data analytics consultant,,Professional Services,Consulting,0.9600,1.0000,day,day,1026.2800,EUR,1108.3824,1108.3824,Netherlands,source_category_missing,True
MANUAL,MANUAL-00035,2025-06-05,HarborScientificSupply,Harbor Scientific Supply,0.9570,USB-C headset,USB-C headset,usb c headset,IT Hardware > Peripherals,IT Hardware,Peripherals,0.9900,1.0000,ea,each,77.5800,USD,77.5800,77.5800,Netherlands,,False
MANUAL,MANUAL-00036,2025-09-16,BLUEBIRD,Bluebird Facilities Group,1.0000,A4 copy paper case 5 reams,A4 copy paper case 5 reams,a4 copy paper case 5 reams,Office & MRO > Office Supplies,Office & MRO,Office Supplies,0.9900,1.0000,case,case,28.6100,USD,28.6100,28.6100,United States,,False
MANUAL,MANUAL-00037,2025-05-27,Global Freight,Global Freight Partners,1.0000,Electric van lease monthly (urgent),Electric van lease monthly,electric van lease monthly,Fleet > Vehicle Leasing,Fleet,Vehicle Leasing,0.9900,3.0000,mo,month,633.2300,EUR,683.8884,2051.6652,France,,False
MANUAL,MANUAL-00038,2025-11-05,Cedar Consulting Group,Cedar Consulting Group,1.0000,Wireless keyboard and mouse set,Wireless keyboard and mouse set,wireless keyboard and mouse set,IT Hardware > Peripherals,IT Hardware,Peripherals,0.9900,3.0000,ea,each,43.9500,USD,43.9500,131.8500,Netherlands,,False
MANUAL,MANUAL-00039,2025-12-10,Vertex Tech,Vertex Technology Ltd,1.0000,hvac preventive maintenance visit,hvac preventive maintenance visit,hvac preventive maintenance visit,,Facilities & Energy,Facilities Services,0.9600,10.0000,visit,visit,359.3000,USD,359.3000,3593.0000,Ireland,source_category_missing,True
MANUAL,MANUAL-00040,2025-08-23,MeridianEnergyServices,Meridian Energy Services,0.9570,Industrial air filter medium - dept order,Industrial air filter medium,industrial air filter medium,Office & MRO - Maintenance Supplies,Office & MRO,Maintenance Supplies,0.9900,2.0000,ea,each,38.6000,USD,38.6000,77.2000,Germany,,False
MANUAL,MANUAL-00041,2025-02-21,BLUEBIRD,Bluebird Facilities Group,1.0000,Whiteboard marker pack 12,Whiteboard marker pack 12,whiteboard marker pack 12,Office & MRO - Office Supplies,Office & MRO,Office Supplies,0.9900,1.0000,pack,pack,13.2600,USD,13.2600,13.2600,United States,,False
MANUAL,MANUAL-00042,2025-07-12,Pinnacle Safety,Pinnacle Safety Equipment,1.0000,domestic parcel delivery,domestic parcel delivery,domestic parcel delivery,,Logistics,Freight Services,0.9600,2.0000,shipment,shipment,26.6400,USD,26.6400,53.2800,Germany,source_category_missing,True
MANUAL,MANUAL-00043,2025-07-11,Acme Supply Co,Acme Industrial Supplies,1.0000,project collaboration annual license,project collaboration annual license,project collaboration annual license,Software & Cloud > Software Licenses,Software & Cloud,Software Licenses,0.9900,3.0000,licence,license,114.1100,EUR,123.2388,369.7164,Netherlands,,False
MANUAL,MANUAL-00044,2025-08-08,Harbour Scientific,Harbor Scientific Supply,1.0000,mobile voice and data plan,mobile voice and data plan,mobile voice and data plan,Telecom - Telecom Services,Telecom,Telecom Services,0.9900,1.0000,mo,month,41.8400,USD,41.8400,41.8400,United States,,False
MANUAL,MANUAL-00045,2025-08-08,MeridianEnergyServices,Meridian Energy Services,0.9570,electric van lease monthly,electric van lease monthly,electric van lease monthly,Fleet > Vehicle Leasing,Fleet,Vehicle Leasing,0.9900,1.0000,mo,month,701.5900,EUR,757.7172,757.7172,United States,,False
MANUAL,MANUAL-00046,2025-01-14,Pinnacle PPE,Pinnacle Safety Equipment,1.0000,Business laptop 14 inch (urgent),Business laptop 14 inch,business laptop 14 inch,,IT Hardware,Laptops,0.9600,2.0000,ea,each,1370.6000,USD,1370.6000,2741.2000,UK,source_category_missing;price_variance_review,True
MANUAL,MANUAL-00047,2025-03-23,Summit Vehicle Leasing,Summit Vehicle Leasing,1.0000,Business laptop 14 inch - dept order,Business laptop 14 inch,business laptop 14 inch,IT Hardware - Laptops,IT Hardware,Laptops,0.9900,5.0000,ea,each,1136.5700,EUR,1227.4956,6137.4780,Ireland,price_variance_review,True
MANUAL,MANUAL-00048,2025-11-25,ACME,Acme Industrial Supplies,1.0000,Nitrile safety gloves box - dept order,Nitrile safety gloves box,nitrile safety gloves box,Office & MRO - Maintenance Supplies,Office & MRO,Maintenance Supplies,0.9900,2.0000,BOXES,box,12.3100,GBP,15.6337,31.2674,United States,,False
MANUAL,MANUAL-00049,2025-10-19,VERTEX TECHNOLOGY,Vertex Technology Ltd,1.0000,Project collaboration annual license (urgent),Project collaboration annual license,project collaboration annual license,software licenses,Software & Cloud,Software Licenses,0.9100,5.0000,licence,license,96.5500,GBP,122.6185,613.0925,France,,False
MANUAL,MANUAL-00050,2025-03-18,AcmeSupplyCo,Acme Industrial Supplies,0.9230,PDF editor annual license - dept order,PDF editor annual license,pdf editor annual license,,Software & Cloud,Software Licenses,0.9600,2.0000,licence,license,70.3500,GBP,89.3445,178.6890,UK,source_category_missing,True
MANUAL,MANUAL-00051,2025-12-02,Blue Bird Facilities,Bluebird Facilities Group,1.0000,electric van lease monthly,electric van lease monthly,electric van lease monthly,vehicle leasing,Fleet,Vehicle Leasing,0.9100,3.0000,mo,month,676.2100,EUR,730.3068,2190.9204,UK,,False
MANUAL,MANUAL-00052,2025-04-03,HSS,Harbor Scientific Supply,1.0000,process improvement consultant,process improvement consultant,process improvement consultant,Professional Services - Consulting,Professional Services,Consulting,0.9900,1.0000,day,day,936.9000,EUR,1011.8520,1011.8520,United States,,False
MANUAL,MANUAL-00053,2025-09-12,Cedar Consulting,Cedar Consulting Group,1.0000,HVAC preventive maintenance visit (urgent),HVAC preventive maintenance visit,hvac preventive maintenance visit,,Facilities & Energy,Facilities Services,0.9600,3.0000,visit,visit,325.1700,EUR,351.1836,1053.5508,Netherlands,source_category_missing,True
MANUAL,MANUAL-00054,2025-02-26,OrchardServices,Orchard Maintenance Co,0.9680,project collaboration annual license,project collaboration annual license,project collaboration annual license,,Software & Cloud,Software Licenses,0.9600,2.0000,licence,license,98.3600,GBP,124.9172,249.8344,United States,source_category_missing,True
MANUAL,MANUAL-00055,2025-02-07,Global Freight,Global Freight Partners,1.0000,Industrial air filter medium,Industrial air filter medium,industrial air filter medium,Office & MRO - Maintenance Supplies,Office & MRO,Maintenance Supplies,0.9900,1.0000,ea,each,31.6300,GBP,40.1701,40.1701,France,,False
MANUAL,MANUAL-00056,2025-04-13,Redwood Telecom,Redwood Telecom Services,1.0000,Industrial air filter medium - dept order,Industrial air filter medium,industrial air filter medium,Office & MRO - Maintenance Supplies,Office & MRO,Maintenance Supplies,0.9900,10.0000,ea,each,37.2400,EUR,40.2192,402.1920,UK,,False
MANUAL,MANUAL-00057,2025-07-31,Cedar Consult.,Cedar Consulting Group,1.0000,PDF editor annual license - dept order,PDF editor annual license,pdf editor annual license,Software & Cloud > Software Licenses,Software & Cloud,Software Licenses,0.9900,1.0000,licence,license,85.6700,USD,85.6700,85.6700,Germany,,False
MANUAL,MANUAL-00058,2025-04-05,Pinnacle Equip.,Pinnacle Safety Equipment,1.0000,industrial air filter medium,industrial air filter medium,industrial air filter medium,,Office & MRO,Maintenance Supplies,0.9600,1.0000,ea,each,37.4100,USD,37.4100,37.4100,Ireland,source_category_missing,True
MANUAL,MANUAL-00059,2025-03-01,Summit Fleet,Summit Vehicle Leasing,1.0000,Industrial air filter medium,Industrial air filter medium,industrial air filter medium,Office & MRO - Maintenance Supplies,Office & MRO,Maintenance Supplies,0.9900,2.0000,ea,each,28.5100,GBP,36.2077,72.4154,Netherlands,,False
MANUAL,MANUAL-00060,2025-01-02,ACME,Acme Industrial Supplies,1.0000,Office cleaning monthly service - dept order,Office cleaning monthly service,office cleaning monthly service,Facilities & Energy > Facilities Services,Facilities & Energy,Facilities Services,0.9600,3.0000,mo,month,1111.4600,USD,1111.4600,3334.3800,Germany,,False
MANUAL,MANUAL-00061,2025-04-30,Meridian Energy Services,Meridian Energy Services,1.0000,Business laptop 14 inch (urgent),Business laptop 14 inch,business laptop 14 inch,IT Hardware > Laptops,IT Hardware,Laptops,0.9900,5.0000,ea,each,1044.5800,GBP,1326.6166,6633.0830,Germany,price_variance_review,True
MANUAL,MANUAL-00062,2025-11-01,MeridianEnergy,Meridian Energy Services,0.9660,Cloud compute usage - dept order,Cloud compute usage,cloud compute usage,,Software & Cloud,Cloud Services,0.9600,3.0000,hour,hour,3.9500,EUR,4.2660,12.7980,Germany,source_category_missing,True
MANUAL,MANUAL-00063,2025-09-22,GFPLogistics,Global Freight Partners,0.9600,Mobile voice and data plan (urgent),Mobile voice and data plan,mobile voice and data plan,Telecom - Telecom Services,Telecom,Telecom Services,0.9900,5.0000,mo,month,35.3800,EUR,38.2104,191.0520,Ireland,,False
MANUAL,MANUAL-00064,2025-07-16,Pinnacle Safety,Pinnacle Safety Equipment,1.0000,HVAC preventive maintenance visit - dept order,HVAC preventive maintenance visit,hvac preventive maintenance visit,,Facilities & Energy,Facilities Services,0.9600,1.0000,visit,visit,267.3500,GBP,339.5345,339.5345,France,source_category_missing,True
MANUAL,MANUAL-00065,2025-10-17,Harbor Scientific Supply,Harbor Scientific Supply,1.0000,Laboratory nitrile gloves box,Laboratory nitrile gloves box,laboratory nitrile gloves box,,Safety & Lab,Laboratory Supplies,0.9600,1.0000,BOXES,box,18.0600,USD,18.0600,18.0600,Ireland,source_category_missing,True
MANUAL,MANUAL-00066,2025-06-22,Redwood Telecom,Redwood Telecom Services,1.0000,A4 copy paper case 5 reams,A4 copy paper case 5 reams,a4 copy paper case 5 reams,Office & MRO - Office Supplies,Office & MRO,Office Supplies,0.9900,1.0000,case,case,21.2600,GBP,27.0002,27.0002,Netherlands,,False
MANUAL,MANUAL-00067,2025-07-16,Summit Leasing,Summit Vehicle Leasing,1.0000,monitor 27 inch qhd,monitor 27 inch qhd,monitor 27 inch qhd,IT Hardware > Displays,IT Hardware,Displays,0.9900,2.0000,ea,each,172.7300,GBP,219.3671,438.7342,Netherlands,,False
MANUAL,MANUAL-00068,2025-10-09,CEDARCG,Cedar Consulting Group,0.9330,business laptop 14 inch,business laptop 14 inch,business laptop 14 inch,IT Hardware > Laptops,IT Hardware,Laptops,0.9900,10.0000,ea,each,1334.4100,USD,1334.4100,13344.1000,Ireland,price_variance_review,True
MANUAL,MANUAL-00069,2025-07-04,Siem. AG,Siemens AG,1.0000,Cloud compute usage,Cloud compute usage,cloud compute usage,,Software & Cloud,Cloud Services,0.9600,3.0000,hour,hour,3.5000,GBP,4.4450,13.3350,UK,source_category_missing,True
MANUAL,MANUAL-00070,2025-12-21,GFP Logistics,Global Freight Partners,1.0000,Nitrile safety gloves box (urgent),Nitrile safety gloves box,nitrile safety gloves box,maintenance supplies,Office & MRO,Maintenance Supplies,0.9100,1.0000,BOXES,box,15.4800,USD,15.4800,15.4800,UK,,False
MANUAL,MANUAL-00071,2025-12-18,Vertex Tech,Vertex Technology Ltd,1.0000,Compact vehicle lease monthly (urgent),Compact vehicle lease monthly,compact vehicle lease monthly,Fleet > Vehicle Leasing,Fleet,Vehicle Leasing,0.9900,3.0000,mo,month,324.9600,GBP,412.6992,1238.0976,Netherlands,,False
MANUAL,MANUAL-00072,2025-02-22,Harbour Scientific,Harbor Scientific Supply,1.0000,Nitrile safety gloves box,Nitrile safety gloves box,nitrile safety gloves box,Office & MRO - Maintenance Supplies,Office & MRO,Maintenance Supplies,0.9900,1.0000,BOXES,box,16.1300,USD,16.1300,16.1300,Netherlands,,False
MANUAL,MANUAL-00073,2025-05-05,BluebirdFacilitiesGroup,Bluebird Facilities Group,0.9580,USB-C adapter multiport,USB-C adapter multiport,usb c adapter multiport,IT Hardware - Peripherals,IT Hardware,Peripherals,0.9900,5.0000,ea,each,28.7800,GBP,36.5506,182.7530,Germany,,False
MANUAL,MANUAL-00074,2025-12-20,Meridian Energy Services,Meridian Energy Services,1.0000,cloud storage monthly subscription,cloud storage monthly subscription,cloud storage monthly subscription,cloud services,Software & Cloud,Cloud Services,0.9100,10.0000,mo,month,250.7800,EUR,270.8424,2708.4240,France,,False
MANUAL,MANUAL-00075,2025-02-01,SiemensAG,Siemens AG,0.9470,stretch wrap roll clear,stretch wrap roll clear,stretch wrap roll clear,packaging,Logistics,Packaging,0.9100,2.0000,roll,roll,16.9500,USD,16.9500,33.9000,UK,,False
MANUAL,MANUAL-00076,2025-07-05,ACME Ind.,Acme Industrial Supplies,1.0000,Industrial air filter medium - dept order,Industrial air filter medium,industrial air filter medium,maintenance supplies,Office & MRO,Maintenance Supplies,0.9100,1.0000,ea,each,35.3600,EUR,38.1888,38.1888,UK,,False
MANUAL,MANUAL-00077,2025-05-04,OrchardMaintenanceCo,Orchard Maintenance Co,0.9520,Protective safety glasses (urgent),Protective safety glasses,protective safety glasses,,Safety & Lab,Personal Protective Equipment,0.9600,5.0000,ea,each,10.5500,USD,10.5500,52.7500,Germany,source_category_missing,True
MANUAL,MANUAL-00078,2025-04-12,NORTHSTAR,Northstar Office Products,1.0000,HVAC preventive maintenance visit - dept order,HVAC preventive maintenance visit,hvac preventive maintenance visit,Facilities & Energy - Facilities Services,Facilities & Energy,Facilities Services,0.9600,3.0000,visit,visit,355.5900,USD,355.5900,1066.7700,Germany,,False
MANUAL,MANUAL-00079,2025-05-01,Siemens AG,Siemens AG,1.0000,Project collaboration annual license,Project collaboration annual license,project collaboration annual license,software licenses,Software & Cloud,Software Licenses,0.9100,1.0000,licence,license,110.4000,EUR,119.2320,119.2320,France,,False
MANUAL,MANUAL-00080,2025-07-03,siemens,Siemens AG,1.0000,whiteboard marker pack 12,whiteboard marker pack 12,whiteboard marker pack 12,,Office & MRO,Office Supplies,0.9600,5.0000,pack,pack,11.8800,EUR,12.8304,64.1520,France,source_category_missing,True
MANUAL,MANUAL-00081,2025-01-08,Pinnacle Equip.,Pinnacle Safety Equipment,1.0000,Cloud compute usage,Cloud compute usage,cloud compute usage,cloud services,Software & Cloud,Cloud Services,0.9100,1.0000,hour,hour,3.3500,GBP,4.2545,4.2545,United States,,False
MANUAL,MANUAL-00082,2025-09-02,NorthstarOfficeProducts,Northstar Office Products,0.9580,Laptop dock USB-C - dept order,Laptop dock USB-C,laptop dock usb c,,IT Hardware,Laptops,0.9600,3.0000,ea,each,141.4300,EUR,152.7444,458.2332,Germany,source_category_missing,True
MANUAL,MANUAL-00083,2025-10-17,BlueBirdFacilities,Bluebird Facilities Group,0.9470,USB-C headset - dept order,USB-C headset,usb c headset,IT Hardware - Peripherals,IT Hardware,Peripherals,0.9900,3.0000,ea,each,68.4700,EUR,73.9476,221.8428,France,,False
MANUAL,MANUAL-00084,2025-02-04,Vertex Tech,Vertex Technology Ltd,1.0000,Project collaboration annual license (urgent),Project collaboration annual license,project collaboration annual license,Software & Cloud - Software Licenses,Software & Cloud,Software Licenses,0.9900,1.0000,licence,license,122.2300,EUR,132.0084,132.0084,UK,,False
MANUAL,MANUAL-00085,2025-03-10,Global Frt. Ptnrs,Global Freight Partners,1.0000,PDF editor annual license (urgent),PDF editor annual license,pdf editor annual license,software licenses,Software & Cloud,Software Licenses,0.9100,1.0000,licence,license,76.3400,EUR,82.4472,82.4472,Ireland,,False
MANUAL,MANUAL-00086,2025-12-22,Northstar Co.,Northstar Office Products,1.0000,Compact vehicle lease monthly (urgent),Compact vehicle lease monthly,compact vehicle lease monthly,Fleet - Vehicle Leasing,Fleet,Vehicle Leasing,0.9900,5.0000,mo,month,349.2800,GBP,443.5856,2217.9280,United States,,False
MANUAL,MANUAL-00087,2025-07-08,REDWOOD,Redwood Telecom Services,1.0000,pdf editor annual license,pdf editor annual license,pdf editor annual license,software licenses,Software & Cloud,Software Licenses,0.9100,1.0000,licence,license,69.1600,GBP,87.8332,87.8332,France,,False
MANUAL,MANUAL-00088,2025-09-15,Meridian Energy,Meridian Energy Services,1.0000,usb-c headset,usb-c headset,usb c headset,IT Hardware > Peripherals,IT Hardware,Peripherals,0.9900,10.0000,ea,each,60.8800,GBP,77.3176,773.1760,Ireland,,False
MANUAL,MANUAL-00089,2025-02-13,SiemensGmbH,Siemens AG,0.9570,Business broadband connection - dept order,Business broadband connection,business broadband connection,Telecom > Telecom Services,Telecom,Telecom Services,0.9900,1.0000,mo,month,61.9400,GBP,78.6638,78.6638,Ireland,,False
MANUAL,MANUAL-00090,2025-12-14,Apex Pkg Europe,Apex Packaging Europe,1.0000,usb-c headset,usb-c headset,usb c headset,IT Hardware > Peripherals,IT Hardware,Peripherals,0.9900,10.0000,ea,each,57.3900,GBP,72.8853,728.8530,United States,,False
MANUAL,MANUAL-00091,2025-10-23,Bluebird Facilities Group,Bluebird Facilities Group,1.0000,electricity supply usage,electricity supply usage,electricity supply usage,energy,Facilities & Energy,Energy,0.9100,1.0000,MWh,mwh,91.0100,GBP,115.5827,115.5827,UK,,False
MANUAL,MANUAL-00092,2025-09-28,Summit Leasing,Summit Vehicle Leasing,1.0000,Industrial air filter medium (urgent),Industrial air filter medium,industrial air filter medium,Office & MRO > Maintenance Supplies,Office & MRO,Maintenance Supplies,0.9900,5.0000,ea,each,29.7500,GBP,37.7825,188.9125,France,,False
MANUAL,MANUAL-00093,2025-11-23,Global Freight Partners,Global Freight Partners,1.0000,Laboratory nitrile gloves box,Laboratory nitrile gloves box,laboratory nitrile gloves box,laboratory supplies,Safety & Lab,Laboratory Supplies,0.9100,1.0000,BOXES,box,15.7800,GBP,20.0406,20.0406,Netherlands,,False
MANUAL,MANUAL-00094,2025-12-15,Apex Packaging,Apex Packaging Europe,1.0000,Data analytics consultant (urgent),Data analytics consultant,data analytics consultant,Professional Services > Consulting,Professional Services,Consulting,0.9900,5.0000,day,day,1111.7700,EUR,1200.7116,6003.5580,UK,,False
MANUAL,MANUAL-00095,2025-08-12,HSS,Harbor Scientific Supply,1.0000,Electricity supply usage - dept order,Electricity supply usage,electricity supply usage,energy,Facilities & Energy,Energy,0.9100,5.0000,MWh,mwh,92.9900,GBP,118.0973,590.4865,United States,,False
MANUAL,MANUAL-00096,2025-09-22,SIEMENS,Siemens AG,1.0000,Office cleaning monthly service (urgent),Office cleaning monthly service,office cleaning monthly service,facilities services,Facilities & Energy,Facilities Services,0.9100,1.0000,mo,month,856.1500,GBP,1087.3105,1087.3105,UK,,False
MANUAL,MANUAL-00097,2025-04-21,Apex Packaging Europe,Apex Packaging Europe,1.0000,pallet freight delivery,pallet freight delivery,pallet freight delivery,Logistics - Freight Services,Logistics,Freight Services,0.9900,3.0000,shipment,shipment,159.1000,USD,159.1000,477.3000,France,,False
MANUAL,MANUAL-00098,2025-04-28,CEDAR CG,Cedar Consulting Group,1.0000,Whiteboard marker pack 12 - dept order,Whiteboard marker pack 12,whiteboard marker pack 12,Office & MRO - Office Supplies,Office & MRO,Office Supplies,0.9900,1.0000,pack,pack,9.5900,GBP,12.1793,12.1793,UK,,False
MANUAL,MANUAL-00099,2025-01-02,Global Frt. Ptnrs,Global Freight Partners,1.0000,Monitor 27 inch QHD,Monitor 27 inch QHD,monitor 27 inch qhd,displays,IT Hardware,Displays,0.9100,1.0000,ea,each,170.7900,GBP,216.9033,216.9033,Germany,,False
MANUAL,MANUAL-00100,2025-09-21,Siem.AG,Siemens AG,1.0000,Laboratory nitrile gloves box - dept order,Laboratory nitrile gloves box,laboratory nitrile gloves box,Safety & Lab > Laboratory Supplies,Safety & Lab,Laboratory Supplies,0.9900,1.0000,BOXES,box,17.4400,EUR,18.8352,18.8352,Netherlands,,False
MANUAL,MANUAL-00101,2025-11-12,Pinnacle Safety,Pinnacle Safety Equipment,1.0000,Domestic parcel delivery (urgent),Domestic parcel delivery,domestic parcel delivery,freight services,Logistics,Freight Services,0.9100,2.0000,shipment,shipment,20.8300,GBP,26.4541,52.9082,Ireland,,False
MANUAL,MANUAL-00102,2025-04-04,Redwood Telecom Services,Redwood Telecom Services,1.0000,business broadband connection,business broadband connection,business broadband connection,telecom services,Telecom,Telecom Services,0.9100,1.0000,mo,month,61.4400,GBP,78.0288,78.0288,United States,,False
MANUAL,MANUAL-00103,2025-09-06,Apex Packaging Europe,Apex Packaging Europe,1.0000,Monitor 27 inch QHD - dept order,Monitor 27 inch QHD,monitor 27 inch qhd,displays,IT Hardware,Displays,0.9100,10.0000,ea,each,169.6500,GBP,215.4555,2154.5550,Germany,,False
MANUAL,MANUAL-00104,2025-01-15,Northstar Office Products,Northstar Office Products,1.0000,Business laptop 14 inch,Business laptop 14 inch,business laptop 14 inch,IT Hardware - Laptops,IT Hardware,Laptops,0.9900,1.0000,ea,each,1304.2300,USD,1304.2300,1304.2300,France,price_variance_review,True
MANUAL,MANUAL-00105,2025-02-15,Orchard Services,Orchard Maintenance Co,1.0000,compact vehicle lease monthly,compact vehicle lease monthly,compact vehicle lease monthly,Fleet - Vehicle Leasing,Fleet,Vehicle Leasing,0.9900,1.0000,mo,month,399.8400,EUR,431.8272,431.8272,Germany,,False
MANUAL,MANUAL-00106,2025-10-16,Global Freight Partners,Global Freight Partners,1.0000,USB-C headset (urgent),USB-C headset,usb c headset,,IT Hardware,Peripherals,0.9600,1.0000,ea,each,75.8500,USD,75.8500,75.8500,United States,source_category_missing,True
MANUAL,MANUAL-00107,2025-02-08,siemens,Siemens AG,1.0000,Monitor 27 inch QHD - dept order,Monitor 27 inch QHD,monitor 27 inch qhd,displays,IT Hardware,Displays,0.9100,2.0000,ea,each,223.8000,USD,223.8000,447.6000,UK,,False
MANUAL,MANUAL-00108,2025-08-08,Harbour Scientific,Harbor Scientific Supply,1.0000,Domestic parcel delivery,Domestic parcel delivery,domestic parcel delivery,Logistics > Freight Services,Logistics,Freight Services,0.9900,3.0000,shipment,shipment,20.7800,GBP,26.3906,79.1718,United States,,False
MANUAL,MANUAL-00109,2025-08-11,Harbor Sci.,Harbor Scientific Supply,1.0000,Compact vehicle lease monthly - dept order,Compact vehicle lease monthly,compact vehicle lease monthly,Fleet - Vehicle Leasing,Fleet,Vehicle Leasing,0.9900,2.0000,mo,month,426.3500,USD,426.3500,852.7000,Netherlands,,False
MANUAL,MANUAL-00110,2025-07-22,Orchard Maint.,Orchard Maintenance Co,1.0000,Domestic parcel delivery (urgent),Domestic parcel delivery,domestic parcel delivery,,Logistics,Freight Services,0.9600,10.0000,shipment,shipment,22.7900,EUR,24.6132,246.1320,France,source_category_missing,True
MANUAL,MANUAL-00111,2025-06-09,Pinnacle Safety,Pinnacle Safety Equipment,1.0000,USB-C headset - dept order,USB-C headset,usb c headset,,IT Hardware,Peripherals,0.9600,1.0000,ea,each,55.5800,GBP,70.5866,70.5866,UK,source_category_missing,True
MANUAL,MANUAL-00112,2025-01-18,REDWOOD,Redwood Telecom Services,1.0000,Wireless keyboard and mouse set - dept order,Wireless keyboard and mouse set,wireless keyboard and mouse set,IT Hardware > Peripherals,IT Hardware,Peripherals,0.9900,2.0000,ea,each,39.0000,EUR,42.1200,84.2400,Netherlands,,False
MANUAL,MANUAL-00113,2025-09-08,Apex Pkg Europe,Apex Packaging Europe,1.0000,Compact vehicle lease monthly - dept order,Compact vehicle lease monthly,compact vehicle lease monthly,Fleet > Vehicle Leasing,Fleet,Vehicle Leasing,0.9900,2.0000,mo,month,397.3000,EUR,429.0840,858.1680,Netherlands,,False
MANUAL,MANUAL-00114,2025-08-05,Cedar Consulting,Cedar Consulting Group,1.0000,pdf editor annual license,pdf editor annual license,pdf editor annual license,Software & Cloud > Software Licenses,Software & Cloud,Software Licenses,0.9900,1.0000,licence,license,72.2100,GBP,91.7067,91.7067,Germany,,False
MANUAL,MANUAL-00115,2025-11-03,Pinnacle Safety Equipment,Pinnacle Safety Equipment,1.0000,nitrile safety gloves box,nitrile safety gloves box,nitrile safety gloves box,Office & MRO - Maintenance Supplies,Office & MRO,Maintenance Supplies,0.9900,10.0000,BOXES,box,12.1500,GBP,15.4305,154.3050,Germany,,False
MANUAL,MANUAL-00116,2025-09-04,AcmeIndustrialSupplies,Acme Industrial Supplies,0.9570,Wireless keyboard and mouse set,Wireless keyboard and mouse set,wireless keyboard and mouse set,peripherals,IT Hardware,Peripherals,0.9100,1.0000,ea,each,44.0000,USD,44.0000,44.0000,France,,False
MANUAL,MANUAL-00117,2025-03-26,North Star Office,Northstar Office Products,1.0000,Whiteboard marker pack 12 (urgent),Whiteboard marker pack 12,whiteboard marker pack 12,Office & MRO - Office Supplies,Office & MRO,Office Supplies,0.9900,1.0000,pack,pack,13.3600,USD,13.3600,13.3600,France,,False
MANUAL,MANUAL-00118,2025-06-15,ORCHARD,Orchard Maintenance Co,1.0000,A4 copy paper case 5 reams (urgent),A4 copy paper case 5 reams,a4 copy paper case 5 reams,Office & MRO - Office Supplies,Office & MRO,Office Supplies,0.9900,1.0000,case,case,25.5200,EUR,27.5616,27.5616,United States,,False
MANUAL,MANUAL-00119,2025-09-06,ApexPackagingEurope,Apex Packaging Europe,0.9500,electric van lease monthly,electric van lease monthly,electric van lease monthly,Fleet - Vehicle Leasing,Fleet,Vehicle Leasing,0.9900,1.0000,mo,month,675.1300,EUR,729.1404,729.1404,UK,,False
MANUAL,MANUAL-00120,2025-06-18,Bluebird Facilities Group,Bluebird Facilities Group,1.0000,Nitrile safety gloves box,Nitrile safety gloves box,nitrile safety gloves box,Office & MRO > Maintenance Supplies,Office & MRO,Maintenance Supplies,0.9900,1.0000,BOXES,box,12.3200,GBP,15.6464,15.6464,Germany,,False
MANUAL,MANUAL-00121,2025-03-03,Northstar Co.,Northstar Office Products,1.0000,Wireless keyboard and mouse set (urgent),Wireless keyboard and mouse set,wireless keyboard and mouse set,IT Hardware - Peripherals,IT Hardware,Peripherals,0.9900,2.0000,ea,each,44.8000,USD,44.8000,89.6000,UK,,False
MANUAL,MANUAL-00122,2025-01-04,Redwood Telecom,Redwood Telecom Services,1.0000,Mobile voice and data plan - dept order,Mobile voice and data plan,mobile voice and data plan,,Telecom,Telecom Services,0.9600,3.0000,mo,month,38.6600,EUR,41.7528,125.2584,France,source_category_missing,True
MANUAL,MANUAL-00123,2025-01-19,Global Freight,Global Freight Partners,1.0000,Business laptop 14 inch (urgent),Business laptop 14 inch,business laptop 14 inch,laptops,IT Hardware,Laptops,0.9100,3.0000,ea,each,1296.1600,USD,1296.1600,3888.4800,Netherlands,price_variance_review,True
MANUAL,MANUAL-00124,2025-01-28,Redwood Telecom,Redwood Telecom Services,1.0000,Process improvement consultant - dept order,Process improvement consultant,process improvement consultant,Professional Services - Consulting,Professional Services,Consulting,0.9900,3.0000,day,day,1004.2700,USD,1004.2700,3012.8100,France,,False
MANUAL,MANUAL-00125,2025-10-16,Pinnacle Safety,Pinnacle Safety Equipment,1.0000,laboratory nitrile gloves box,laboratory nitrile gloves box,laboratory nitrile gloves box,,Safety & Lab,Laboratory Supplies,0.9600,10.0000,BOXES,box,18.0500,USD,18.0500,180.5000,Ireland,source_category_missing,True
MANUAL,MANUAL-00126,2025-10-27,MeridianEnergyServices,Meridian Energy Services,0.9570,a4 copy paper case 5 reams,a4 copy paper case 5 reams,a4 copy paper case 5 reams,Office & MRO - Office Supplies,Office & MRO,Office Supplies,0.9900,1.0000,case,case,21.0200,GBP,26.6954,26.6954,United States,,False
MANUAL,MANUAL-00127,2025-05-22,ACMEInd.,Acme Industrial Supplies,0.9330,Monitor 27 inch QHD (urgent),Monitor 27 inch QHD,monitor 27 inch qhd,IT Hardware - Displays,IT Hardware,Displays,0.9900,1.0000,ea,each,204.8700,EUR,221.2596,221.2596,Netherlands,,False
MANUAL,MANUAL-00128,2025-07-29,AcmeIndustrialSupplies,Acme Industrial Supplies,0.9570,Mobile voice and data plan (urgent),Mobile voice and data plan,mobile voice and data plan,,Telecom,Telecom Services,0.9600,10.0000,mo,month,31.2000,GBP,39.6240,396.2400,France,source_category_missing,True
MANUAL,MANUAL-00129,2025-04-25,BluebirdFM,Bluebird Facilities Group,0.9520,Cloud compute usage,Cloud compute usage,cloud compute usage,cloud services,Software & Cloud,Cloud Services,0.9100,2.0000,hour,hour,3.3100,GBP,4.2037,8.4074,Netherlands,,False
MANUAL,MANUAL-00130,2025-11-07,Summit Vehicle Leasing,Summit Vehicle Leasing,1.0000,Cloud storage monthly subscription (urgent),Cloud storage monthly subscription,cloud storage monthly subscription,cloud services,Software & Cloud,Cloud Services,0.9100,3.0000,mo,month,289.0400,USD,289.0400,867.1200,France,,False
MANUAL,MANUAL-00131,2025-05-08,OrchardMaintenanceCo,Orchard Maintenance Co,0.9520,Domestic parcel delivery - dept order,Domestic parcel delivery,domestic parcel delivery,,Logistics,Freight Services,0.9600,1.0000,shipment,shipment,24.3400,EUR,26.2872,26.2872,Netherlands,source_category_missing,True
MANUAL,MANUAL-00132,2025-02-11,Meridian Energy Services,Meridian Energy Services,1.0000,USB-C adapter multiport - dept order,USB-C adapter multiport,usb c adapter multiport,IT Hardware - Peripherals,IT Hardware,Peripherals,0.9900,1.0000,ea,each,29.2500,GBP,37.1475,37.1475,UK,,False
MANUAL,MANUAL-00133,2025-10-02,Siemens GmbH,Siemens AG,1.0000,Nitrile safety gloves box - dept order,Nitrile safety gloves box,nitrile safety gloves box,Office & MRO - Maintenance Supplies,Office & MRO,Maintenance Supplies,0.9900,10.0000,BOXES,box,15.8800,EUR,17.1504,171.5040,UK,,False
MANUAL,MANUAL-00134,2025-07-28,RedwoodTelco,Redwood Telecom Services,0.9600,electric van lease monthly,electric van lease monthly,electric van lease monthly,Fleet - Vehicle Leasing,Fleet,Vehicle Leasing,0.9900,10.0000,mo,month,751.6400,USD,751.6400,7516.4000,UK,,False
MANUAL,MANUAL-00135,2025-06-28,Cedar Consulting Group,Cedar Consulting Group,1.0000,laboratory nitrile gloves box,laboratory nitrile gloves box,laboratory nitrile gloves box,,Safety & Lab,Laboratory Supplies,0.9600,3.0000,BOXES,box,20.2000,USD,20.2000,60.6000,Germany,source_category_missing,True
MANUAL,MANUAL-00136,2025-05-03,MERIDIAN,Meridian Energy Services,1.0000,Project collaboration annual license (urgent),Project collaboration annual license,project collaboration annual license,Software & Cloud > Software Licenses,Software & Cloud,Software Licenses,0.9900,3.0000,licence,license,94.0900,GBP,119.4943,358.4829,United States,,False
MANUAL,MANUAL-00137,2025-02-20,Northstar Co.,Northstar Office Products,1.0000,Office cleaning monthly service,Office cleaning monthly service,office cleaning monthly service,,Facilities & Energy,Facilities Services,0.9600,2.0000,mo,month,923.7200,GBP,1173.1244,2346.2488,United States,source_category_missing,True
MANUAL,MANUAL-00138,2025-11-14,HarborSci.,Harbor Scientific Supply,0.9470,Business laptop 14 inch - dept order,Business laptop 14 inch,business laptop 14 inch,,IT Hardware,Laptops,0.9600,5.0000,ea,each,1293.0100,USD,1293.0100,6465.0500,Netherlands,source_category_missing;price_variance_review,True
MANUAL,MANUAL-00139,2025-05-06,NorthstarOfficeProducts,Northstar Office Products,0.9580,Nitrile safety gloves box,Nitrile safety gloves box,nitrile safety gloves box,Office & MRO - Maintenance Supplies,Office & MRO,Maintenance Supplies,0.9900,10.0000,BOXES,box,13.5600,GBP,17.2212,172.2120,Netherlands,,False
MANUAL,MANUAL-00140,2025-12-09,Redwood Telco,Redwood Telecom Services,1.0000,USB-C headset - dept order,USB-C headset,usb c headset,,IT Hardware,Peripherals,0.9600,3.0000,ea,each,77.5600,USD,77.5600,232.6800,Netherlands,source_category_missing,True
MANUAL,MANUAL-00141,2025-03-16,North Star Office,Northstar Office Products,1.0000,Project collaboration annual license (urgent),Project collaboration annual license,project collaboration annual license,,Software & Cloud,Software Licenses,0.9600,5.0000,licence,license,111.3800,EUR,120.2904,601.4520,Germany,source_category_missing,True
MANUAL,MANUAL-00142,2025-01-07,HarborSci.,Harbor Scientific Supply,0.9470,laptop dock usb-c,laptop dock usb-c,laptop dock usb c,IT Hardware - Laptops,IT Hardware,Laptops,0.9900,1.0000,ea,each,156.6900,USD,156.6900,156.6900,Germany,,False
MANUAL,MANUAL-00143,2025-11-02,RedwoodTelecomServices,Redwood Telecom Services,0.9570,Wireless keyboard and mouse set (urgent),Wireless keyboard and mouse set,wireless keyboard and mouse set,peripherals,IT Hardware,Peripherals,0.9100,1.0000,ea,each,43.7100,USD,43.7100,43.7100,Netherlands,,False
MANUAL,MANUAL-00144,2025-09-07,OrchardMaintenanceCo,Orchard Maintenance Co,0.9520,Protective safety glasses - dept order,Protective safety glasses,protective safety glasses,Safety & Lab - Personal Protective Equipment,Safety & Lab,Personal Protective Equipment,0.9900,1.0000,ea,each,10.1500,EUR,10.9620,10.9620,Germany,,False
MANUAL,MANUAL-00145,2025-11-29,Vertex Tech,Vertex Technology Ltd,1.0000,PDF editor annual license,PDF editor annual license,pdf editor annual license,,Software & Cloud,Software Licenses,0.9600,1.0000,licence,license,69.7200,GBP,88.5444,88.5444,Germany,source_category_missing,True
MANUAL,MANUAL-00146,2025-03-05,Bluebird Facilities Group,Bluebird Facilities Group,1.0000,usb-c headset,usb-c headset,usb c headset,IT Hardware > Peripherals,IT Hardware,Peripherals,0.9900,2.0000,ea,each,55.7000,GBP,70.7390,141.4780,Ireland,,False
MANUAL,MANUAL-00147,2025-07-21,Orchard Services,Orchard Maintenance Co,1.0000,Project collaboration annual license,Project collaboration annual license,project collaboration annual license,Software & Cloud > Software Licenses,Software & Cloud,Software Licenses,0.9900,1.0000,licence,license,98.0300,GBP,124.4981,124.4981,UK,,False
MANUAL,MANUAL-00148,2025-01-12,Northstar Co.,Northstar Office Products,1.0000,Mobile voice and data plan - dept order,Mobile voice and data plan,mobile voice and data plan,Telecom > Telecom Services,Telecom,Telecom Services,0.9900,1.0000,mo,month,40.0900,USD,40.0900,40.0900,UK,,False
MANUAL,MANUAL-00149,2025-06-11,Orchard Services,Orchard Maintenance Co,1.0000,Laptop dock USB-C,Laptop dock USB-C,laptop dock usb c,IT Hardware - Laptops,IT Hardware,Laptops,0.9900,2.0000,ea,each,139.3200,EUR,150.4656,300.9312,Germany,,False
MANUAL,MANUAL-00150,2025-10-15,Blue Bird Facilities,Bluebird Facilities Group,1.0000,office cleaning monthly service,office cleaning monthly service,office cleaning monthly service,Facilities & Energy - Facilities Services,Facilities & Energy,Facilities Services,0.9600,3.0000,mo,month,925.5900,GBP,1175.4993,3526.4979,United States,,False
MANUAL,MANUAL-00151,2025-09-01,SummitFleet,Summit Vehicle Leasing,0.9570,Monitor 27 inch QHD - dept order,Monitor 27 inch QHD,monitor 27 inch qhd,,IT Hardware,Displays,0.9600,1.0000,ea,each,236.1100,USD,236.1100,236.1100,Germany,source_category_missing,True
MANUAL,MANUAL-00152,2025-01-12,Apex Packaging Europe,Apex Packaging Europe,1.0000,Monitor 27 inch QHD - dept order,Monitor 27 inch QHD,monitor 27 inch qhd,IT Hardware > Displays,IT Hardware,Displays,0.9900,1.0000,ea,each,179.2400,GBP,227.6348,227.6348,Ireland,,False
MANUAL,MANUAL-00153,2025-04-07,Acme Industrial Supplies,Acme Industrial Supplies,1.0000,USB-C headset (urgent),USB-C headset,usb c headset,IT Hardware > Peripherals,IT Hardware,Peripherals,0.9900,1.0000,ea,each,60.7800,GBP,77.1906,77.1906,Netherlands,,False
MANUAL,MANUAL-00154,2025-04-23,Cedar Consulting Group,Cedar Consulting Group,1.0000,Nitrile safety gloves box - dept order,Nitrile safety gloves box,nitrile safety gloves box,maintenance supplies,Office & MRO,Maintenance Supplies,0.9100,2.0000,BOXES,box,15.0300,EUR,16.2324,32.4648,United States,,False
MANUAL,MANUAL-00155,2025-05-22,Vertex Ltd.,Vertex Technology Ltd,1.0000,wireless keyboard and mouse set,wireless keyboard and mouse set,wireless keyboard and mouse set,IT Hardware - Peripherals,IT Hardware,Peripherals,0.9900,1.0000,ea,each,40.5700,EUR,43.8156,43.8156,Ireland,,False
MANUAL,MANUAL-00156,2025-01-10,Cedar Consulting,Cedar Consulting Group,1.0000,Black toner cartridge - dept order,Black toner cartridge,black toner cartridge,Office & MRO - Office Supplies,Office & MRO,Office Supplies,0.9900,1.0000,ea,each,62.9800,EUR,68.0184,68.0184,UK,,False
MANUAL,MANUAL-00157,2025-06-14,Cedar Consulting,Cedar Consulting Group,1.0000,Wireless keyboard and mouse set,Wireless keyboard and mouse set,wireless keyboard and mouse set,peripherals,IT Hardware,Peripherals,0.9100,3.0000,ea,each,44.7900,USD,44.7900,134.3700,Germany,,False
MANUAL,MANUAL-00158,2025-11-05,Vertex Tech,Vertex Technology Ltd,1.0000,Office cleaning monthly service (urgent),Office cleaning monthly service,office cleaning monthly service,Facilities & Energy > Facilities Services,Facilities & Energy,Facilities Services,0.9600,1.0000,mo,month,1133.2300,USD,1133.2300,1133.2300,Ireland,,False
MANUAL,MANUAL-00159,2025-04-22,PinnacleSafety,Pinnacle Safety Equipment,0.9660,office cleaning monthly service,office cleaning monthly service,office cleaning monthly service,Facilities & Energy - Facilities Services,Facilities & Energy,Facilities Services,0.9600,1.0000,mo,month,889.4700,GBP,1129.6269,1129.6269,France,,False
MANUAL,MANUAL-00160,2025-11-12,Redwood Telecom Services,Redwood Telecom Services,1.0000,Project collaboration annual license,Project collaboration annual license,project collaboration annual license,software licenses,Software & Cloud,Software Licenses,0.9100,1.0000,licence,license,102.0900,GBP,129.6543,129.6543,United States,,False
MANUAL,MANUAL-00161,2025-04-07,SIEMENS,Siemens AG,1.0000,usb-c headset,usb-c headset,usb c headset,IT Hardware > Peripherals,IT Hardware,Peripherals,0.9900,2.0000,ea,each,60.9500,GBP,77.4065,154.8130,France,,False
MANUAL,MANUAL-00162,2025-01-22,Vertex Ltd.,Vertex Technology Ltd,1.0000,business laptop 14 inch,business laptop 14 inch,business laptop 14 inch,IT Hardware - Laptops,IT Hardware,Laptops,0.9900,1.0000,ea,each,1233.4300,USD,1233.4300,1233.4300,United States,price_variance_review,True
MANUAL,MANUAL-00163,2025-12-31,Acme Supply Co,Acme Industrial Supplies,1.0000,Wireless keyboard and mouse set,Wireless keyboard and mouse set,wireless keyboard and mouse set,IT Hardware > Peripherals,IT Hardware,Peripherals,0.9900,5.0000,ea,each,33.7300,GBP,42.8371,214.1855,Germany,,False
MANUAL,MANUAL-00164,2025-04-07,Meridian Utilities,Meridian Energy Services,1.0000,Wireless keyboard and mouse set,Wireless keyboard and mouse set,wireless keyboard and mouse set,IT Hardware > Peripherals,IT Hardware,Peripherals,0.9900,1.0000,ea,each,34.8800,GBP,44.2976,44.2976,Ireland,,False
MANUAL,MANUAL-00165,2025-10-07,Redwood Telecom Services,Redwood Telecom Services,1.0000,PDF editor annual license (urgent),PDF editor annual license,pdf editor annual license,software licenses,Software & Cloud,Software Licenses,0.9100,3.0000,licence,license,87.1300,USD,87.1300,261.3900,UK,,False
MANUAL,MANUAL-00166,2025-03-31,MERIDIAN,Meridian Energy Services,1.0000,Monitor 27 inch QHD (urgent),Monitor 27 inch QHD,monitor 27 inch qhd,displays,IT Hardware,Displays,0.9100,1.0000,ea,each,211.5100,USD,211.5100,211.5100,Ireland,,False
MANUAL,MANUAL-00167,2025-03-10,SummitLeasing,Summit Vehicle Leasing,0.9630,electric van lease monthly,electric van lease monthly,electric van lease monthly,Fleet - Vehicle Leasing,Fleet,Vehicle Leasing,0.9900,1.0000,mo,month,755.9700,USD,755.9700,755.9700,Ireland,,False
MANUAL,MANUAL-00168,2025-05-08,Cedar Consulting,Cedar Consulting Group,1.0000,PDF editor annual license,PDF editor annual license,pdf editor annual license,Software & Cloud - Software Licenses,Software & Cloud,Software Licenses,0.9900,10.0000,licence,license,69.2800,GBP,87.9856,879.8560,UK,,False
MANUAL,MANUAL-00169,2025-12-04,CEDAR CG,Cedar Consulting Group,1.0000,Compact vehicle lease monthly,Compact vehicle lease monthly,compact vehicle lease monthly,Fleet - Vehicle Leasing,Fleet,Vehicle Leasing,0.9900,1.0000,mo,month,330.8800,GBP,420.2176,420.2176,Germany,,False
MANUAL,MANUAL-00170,2025-02-05,Siem. AG,Siemens AG,1.0000,usb-c headset,usb-c headset,usb c headset,IT Hardware - Peripherals,IT Hardware,Peripherals,0.9900,3.0000,ea,each,56.2900,GBP,71.4883,214.4649,UK,,False
MANUAL,MANUAL-00171,2025-12-14,Siemens AG,Siemens AG,1.0000,Wireless keyboard and mouse set,Wireless keyboard and mouse set,wireless keyboard and mouse set,IT Hardware - Peripherals,IT Hardware,Peripherals,0.9900,2.0000,ea,each,39.5300,EUR,42.6924,85.3848,Netherlands,,False
MANUAL,MANUAL-00172,2025-01-21,Apex Pkg Europe,Apex Packaging Europe,1.0000,Black toner cartridge (urgent),Black toner cartridge,black toner cartridge,Office & MRO - Office Supplies,Office & MRO,Office Supplies,0.9900,1.0000,ea,each,51.0500,GBP,64.8335,64.8335,Netherlands,,False
MANUAL,MANUAL-00173,2025-07-02,OrchardMaint.,Orchard Maintenance Co,0.9600,Process improvement consultant - dept order,Process improvement consultant,process improvement consultant,,Professional Services,Consulting,0.9600,1.0000,day,day,858.2700,GBP,1090.0029,1090.0029,Netherlands,source_category_missing,True
MANUAL,MANUAL-00174,2025-06-09,Harbour Scientific,Harbor Scientific Supply,1.0000,Data analytics consultant,Data analytics consultant,data analytics consultant,,Professional Services,Consulting,0.9600,1.0000,day,day,891.3100,GBP,1131.9637,1131.9637,Netherlands,source_category_missing,True
MANUAL,MANUAL-00175,2025-07-25,Vertex Technology Ltd,Vertex Technology Ltd,1.0000,process improvement consultant,process improvement consultant,process improvement consultant,,Professional Services,Consulting,0.9600,5.0000,day,day,779.6700,GBP,990.1809,4950.9045,Netherlands,source_category_missing,True
MANUAL,MANUAL-00176,2025-06-01,Redwood Telecom Services,Redwood Telecom Services,1.0000,PDF editor annual license,PDF editor annual license,pdf editor annual license,,Software & Cloud,Software Licenses,0.9600,1.0000,licence,license,81.4500,EUR,87.9660,87.9660,Netherlands,source_category_missing,True
MANUAL,MANUAL-00177,2025-10-04,Siem. AG,Siemens AG,1.0000,Wireless keyboard and mouse set (urgent),Wireless keyboard and mouse set,wireless keyboard and mouse set,IT Hardware > Peripherals,IT Hardware,Peripherals,0.9900,1.0000,ea,each,38.7100,EUR,41.8068,41.8068,UK,,False
MANUAL,MANUAL-00178,2025-08-17,ACMEInd.,Acme Industrial Supplies,0.9330,Black toner cartridge (urgent),Black toner cartridge,black toner cartridge,office supplies,Office & MRO,Office Supplies,0.9100,2.0000,ea,each,67.0900,USD,67.0900,134.1800,Netherlands,,False
MANUAL,MANUAL-00179,2025-09-17,Acme Industrial Supplies,Acme Industrial Supplies,1.0000,Cloud compute usage - dept order,Cloud compute usage,cloud compute usage,Software & Cloud > Cloud Services,Software & Cloud,Cloud Services,0.9900,2.0000,hour,hour,4.0800,EUR,4.4064,8.8128,Germany,,False
MANUAL,MANUAL-00180,2025-11-19,ACMEInd.,Acme Industrial Supplies,0.9330,Electric van lease monthly,Electric van lease monthly,electric van lease monthly,Fleet > Vehicle Leasing,Fleet,Vehicle Leasing,0.9900,5.0000,mo,month,754.9700,USD,754.9700,3774.8500,UK,,False
MANUAL,MANUAL-00181,2025-04-17,Global Freight Partners,Global Freight Partners,1.0000,Nitrile safety gloves box - dept order,Nitrile safety gloves box,nitrile safety gloves box,Office & MRO > Maintenance Supplies,Office & MRO,Maintenance Supplies,0.9900,1.0000,BOXES,box,13.2100,GBP,16.7767,16.7767,UK,,False
MANUAL,MANUAL-00182,2025-03-11,BLUEBIRD,Bluebird Facilities Group,1.0000,usb-c headset,usb-c headset,usb c headset,IT Hardware > Peripherals,IT Hardware,Peripherals,0.9900,1.0000,ea,each,69.2800,EUR,74.8224,74.8224,UK,,False
MANUAL,MANUAL-00183,2025-05-07,ORCHARD,Orchard Maintenance Co,1.0000,Cloud storage monthly subscription (urgent),Cloud storage monthly subscription,cloud storage monthly subscription,Software & Cloud > Cloud Services,Software & Cloud,Cloud Services,0.9900,1.0000,mo,month,223.8200,GBP,284.2514,284.2514,UK,,False
MANUAL,MANUAL-00184,2025-06-16,ACME Ind.,Acme Industrial Supplies,1.0000,Pallet freight delivery (urgent),Pallet freight delivery,pallet freight delivery,Logistics - Freight Services,Logistics,Freight Services,0.9900,1.0000,shipment,shipment,164.4800,EUR,177.6384,177.6384,France,,False
MANUAL,MANUAL-00185,2025-09-08,APEXPack.,Apex Packaging Europe,0.9410,Project collaboration annual license - dept order,Project collaboration annual license,project collaboration annual license,software licenses,Software & Cloud,Software Licenses,0.9100,1.0000,licence,license,98.1100,GBP,124.5997,124.5997,Ireland,,False
MANUAL,MANUAL-00186,2025-06-30,Orchard Services,Orchard Maintenance Co,1.0000,mobile voice and data plan,mobile voice and data plan,mobile voice and data plan,telecom services,Telecom,Telecom Services,0.9100,1.0000,mo,month,40.7800,USD,40.7800,40.7800,UK,,False
MANUAL,MANUAL-00187,2025-04-01,Siem. AG,Siemens AG,1.0000,Project collaboration annual license - dept order,Project collaboration annual license,project collaboration annual license,software licenses,Software & Cloud,Software Licenses,0.9100,1.0000,licence,license,95.9700,GBP,121.8819,121.8819,France,,False
MANUAL,MANUAL-00188,2025-12-16,Redwood Telecom,Redwood Telecom Services,1.0000,Whiteboard marker pack 12 (urgent),Whiteboard marker pack 12,whiteboard marker pack 12,Office & MRO > Office Supplies,Office & MRO,Office Supplies,0.9900,1.0000,pack,pack,12.0200,USD,12.0200,12.0200,Ireland,,False
MANUAL,MANUAL-00189,2025-05-28,HSS,Harbor Scientific Supply,1.0000,Electricity supply usage (urgent),Electricity supply usage,electricity supply usage,,Facilities & Energy,Energy,0.9600,1.0000,MWh,mwh,97.1900,GBP,123.4313,123.4313,France,source_category_missing,True
MANUAL,MANUAL-00190,2025-10-06,REDWOOD,Redwood Telecom Services,1.0000,protective safety glasses,protective safety glasses,protective safety glasses,Safety & Lab > Personal Protective Equipment,Safety & Lab,Personal Protective Equipment,0.9900,1.0000,ea,each,8.2900,GBP,10.5283,10.5283,Netherlands,,False
MANUAL,MANUAL-00191,2025-09-26,North Star Office,Northstar Office Products,1.0000,Whiteboard marker pack 12,Whiteboard marker pack 12,whiteboard marker pack 12,,Office & MRO,Office Supplies,0.9600,10.0000,pack,pack,11.8100,EUR,12.7548,127.5480,United States,source_category_missing,True
MANUAL,MANUAL-00192,2025-09-19,ACME Ind.,Acme Industrial Supplies,1.0000,mobile voice and data plan,mobile voice and data plan,mobile voice and data plan,,Telecom,Telecom Services,0.9600,1.0000,mo,month,32.5600,GBP,41.3512,41.3512,UK,source_category_missing,True
MANUAL,MANUAL-00193,2025-04-02,SUMMIT VL,Summit Vehicle Leasing,1.0000,Laptop dock USB-C (urgent),Laptop dock USB-C,laptop dock usb c,,IT Hardware,Laptops,0.9600,5.0000,ea,each,157.5700,USD,157.5700,787.8500,United States,source_category_missing,True
MANUAL,MANUAL-00194,2025-04-03,Apex Packaging,Apex Packaging Europe,1.0000,Wireless keyboard and mouse set (urgent),Wireless keyboard and mouse set,wireless keyboard and mouse set,IT Hardware > Peripherals,IT Hardware,Peripherals,0.9900,10.0000,ea,each,36.1100,GBP,45.8597,458.5970,United States,,False
MANUAL,MANUAL-00195,2025-07-01,Redwood Telco,Redwood Telecom Services,1.0000,Cloud compute usage,Cloud compute usage,cloud compute usage,Software & Cloud - Cloud Services,Software & Cloud,Cloud Services,0.9900,5.0000,hour,hour,3.9800,EUR,4.2984,21.4920,France,,False
MANUAL,MANUAL-00196,2025-12-08,Siemens AG,Siemens AG,1.0000,Laptop dock USB-C (urgent),Laptop dock USB-C,laptop dock usb c,IT Hardware > Laptops,IT Hardware,Laptops,0.9900,10.0000,ea,each,166.9700,USD,166.9700,1669.7000,Germany,,False
MANUAL,MANUAL-00197,2025-01-18,ORCHARD,Orchard Maintenance Co,1.0000,cloud compute usage,cloud compute usage,cloud compute usage,cloud services,Software & Cloud,Cloud Services,0.9100,3.0000,hour,hour,4.2600,EUR,4.6008,13.8024,Germany,,False
MANUAL,MANUAL-00198,2025-12-02,Redwood Telco,Redwood Telecom Services,1.0000,Cloud compute usage (urgent),Cloud compute usage,cloud compute usage,Software & Cloud - Cloud Services,Software & Cloud,Cloud Services,0.9900,10.0000,hour,hour,4.3200,USD,4.3200,43.2000,United States,,False
MANUAL,MANUAL-00199,2025-11-23,Harbour Scientific,Harbor Scientific Supply,1.0000,PDF editor annual license (urgent),PDF editor annual license,pdf editor annual license,Software & Cloud - Software Licenses,Software & Cloud,Software Licenses,0.9900,2.0000,licence,license,66.9800,GBP,85.0646,170.1292,United States,,False
MANUAL,MANUAL-00200,2025-07-28,Siemens GmbH,Siemens AG,1.0000,industrial air filter medium,industrial air filter medium,industrial air filter medium,maintenance supplies,Office & MRO,Maintenance Supplies,0.9100,1.0000,ea,each,29.5700,GBP,37.5539,37.5539,UK,,False
MANUAL,MANUAL-00201,2025-01-26,REDWOOD,Redwood Telecom Services,1.0000,Pallet freight delivery - dept order,Pallet freight delivery,pallet freight delivery,Logistics > Freight Services,Logistics,Freight Services,0.9900,1.0000,shipment,shipment,148.5100,EUR,160.3908,160.3908,Netherlands,,False
MANUAL,MANUAL-00202,2025-03-25,Redwood Telecom,Redwood Telecom Services,1.0000,USB-C adapter multiport (urgent),USB-C adapter multiport,usb c adapter multiport,,IT Hardware,Peripherals,0.9600,1.0000,ea,each,34.7900,EUR,37.5732,37.5732,Netherlands,source_category_missing,True
MANUAL,MANUAL-00203,2025-07-14,Summit Vehicle Leasing,Summit Vehicle Leasing,1.0000,laptop dock usb-c,laptop dock usb-c,laptop dock usb c,IT Hardware - Laptops,IT Hardware,Laptops,0.9900,5.0000,ea,each,147.5400,EUR,159.3432,796.7160,Netherlands,,False
MANUAL,MANUAL-00204,2025-12-06,BLUEBIRD,Bluebird Facilities Group,1.0000,Business broadband connection,Business broadband connection,business broadband connection,Telecom - Telecom Services,Telecom,Telecom Services,0.9900,10.0000,mo,month,60.2400,GBP,76.5048,765.0480,Netherlands,,False
MANUAL,MANUAL-00205,2025-09-07,NorthstarCo.,Northstar Office Products,0.9570,Pallet freight delivery,Pallet freight delivery,pallet freight delivery,,Logistics,Freight Services,0.9600,5.0000,shipment,shipment,126.2800,GBP,160.3756,801.8780,Netherlands,source_category_missing,True
MANUAL,MANUAL-00206,2025-03-19,BLUEBIRD,Bluebird Facilities Group,1.0000,Corrugated shipping box medium - dept order,Corrugated shipping box medium,corrugated shipping box medium,packaging,Logistics,Packaging,0.9100,1.0000,BOXES,box,1.1900,EUR,1.2852,1.2852,Germany,,False
MANUAL,MANUAL-00207,2025-09-15,Pinnacle PPE,Pinnacle Safety Equipment,1.0000,Monitor 27 inch QHD,Monitor 27 inch QHD,monitor 27 inch qhd,IT Hardware - Displays,IT Hardware,Displays,0.9900,5.0000,ea,each,207.5900,EUR,224.1972,1120.9860,Germany,,False
MANUAL,MANUAL-00208,2025-02-06,BluebirdFacilitiesGroup,Bluebird Facilities Group,0.9580,Stretch wrap roll clear - dept order,Stretch wrap roll clear,stretch wrap roll clear,,Logistics,Packaging,0.9600,5.0000,roll,roll,13.1100,GBP,16.6497,83.2485,Germany,source_category_missing,True
MANUAL,MANUAL-00209,2025-01-12,CEDAR CG,Cedar Consulting Group,1.0000,Electric van lease monthly,Electric van lease monthly,electric van lease monthly,Fleet - Vehicle Leasing,Fleet,Vehicle Leasing,0.9900,10.0000,mo,month,675.9500,USD,675.9500,6759.5000,UK,,False
MANUAL,MANUAL-00210,2025-01-06,HSS,Harbor Scientific Supply,1.0000,Office cleaning monthly service (urgent),Office cleaning monthly service,office cleaning monthly service,Facilities & Energy - Facilities Services,Facilities & Energy,Facilities Services,0.9600,2.0000,mo,month,927.4400,GBP,1177.8488,2355.6976,Germany,,False
MANUAL,MANUAL-00211,2025-12-24,APEX Pack.,Apex Packaging Europe,1.0000,USB-C adapter multiport - dept order,USB-C adapter multiport,usb c adapter multiport,peripherals,IT Hardware,Peripherals,0.9100,1.0000,ea,each,27.1900,GBP,34.5313,34.5313,France,,False
MANUAL,MANUAL-00212,2025-11-25,BLUEBIRD,Bluebird Facilities Group,1.0000,laptop dock usb-c,laptop dock usb-c,laptop dock usb c,IT Hardware > Laptops,IT Hardware,Laptops,0.9900,3.0000,ea,each,127.2300,GBP,161.5821,484.7463,United States,,False
MANUAL,MANUAL-00213,2025-12-17,ApexPackagingEurope,Apex Packaging Europe,0.9500,Business laptop 14 inch - dept order,Business laptop 14 inch,business laptop 14 inch,IT Hardware > Laptops,IT Hardware,Laptops,0.9900,1.0000,ea,each,1225.4900,USD,1225.4900,1225.4900,United States,price_variance_review,True
MANUAL,MANUAL-00214,2025-11-30,North Star Office,Northstar Office Products,1.0000,industrial air filter medium,industrial air filter medium,industrial air filter medium,Office & MRO - Maintenance Supplies,Office & MRO,Maintenance Supplies,0.9900,5.0000,ea,each,36.7000,USD,36.7000,183.5000,Ireland,,False
MANUAL,MANUAL-00215,2025-08-20,NORTHSTAR,Northstar Office Products,1.0000,business laptop 14 inch,business laptop 14 inch,business laptop 14 inch,laptops,IT Hardware,Laptops,0.9100,1.0000,ea,each,1370.2800,USD,1370.2800,1370.2800,Netherlands,price_variance_review,True
MANUAL,MANUAL-00216,2025-11-04,Apex Packaging Europe,Apex Packaging Europe,1.0000,Compact vehicle lease monthly,Compact vehicle lease monthly,compact vehicle lease monthly,Fleet - Vehicle Leasing,Fleet,Vehicle Leasing,0.9900,2.0000,mo,month,402.9700,USD,402.9700,805.9400,United States,,False
MANUAL,MANUAL-00217,2025-02-09,Global Freight Partners,Global Freight Partners,1.0000,Stretch wrap roll clear - dept order,Stretch wrap roll clear,stretch wrap roll clear,Logistics - Packaging,Logistics,Packaging,0.9900,5.0000,roll,roll,18.1200,USD,18.1200,90.6000,United States,,False
MANUAL,MANUAL-00218,2025-02-07,Redwood Telco,Redwood Telecom Services,1.0000,Process improvement consultant (urgent),Process improvement consultant,process improvement consultant,consulting,Professional Services,Consulting,0.9100,1.0000,day,day,838.2500,GBP,1064.5775,1064.5775,UK,,False
MANUAL,MANUAL-00219,2025-03-16,Bluebird Facilities Group,Bluebird Facilities Group,1.0000,data analytics consultant,data analytics consultant,data analytics consultant,Professional Services - Consulting,Professional Services,Consulting,0.9900,1.0000,day,day,1118.6900,EUR,1208.1852,1208.1852,UK,,False
MANUAL,MANUAL-00220,2025-03-24,Global Frt. Ptnrs,Global Freight Partners,1.0000,project collaboration annual license,project collaboration annual license,project collaboration annual license,software licenses,Software & Cloud,Software Licenses,0.9100,5.0000,licence,license,94.1500,GBP,119.5705,597.8525,France,,False
MANUAL,MANUAL-00221,2025-01-15,Harbor Sci.,Harbor Scientific Supply,1.0000,Corrugated shipping box medium (urgent),Corrugated shipping box medium,corrugated shipping box medium,Logistics > Packaging,Logistics,Packaging,0.9900,1.0000,BOXES,box,0.9900,GBP,1.2573,1.2573,Ireland,,False
MANUAL,MANUAL-00222,2025-04-27,SummitFleet,Summit Vehicle Leasing,0.9570,Electricity supply usage (urgent),Electricity supply usage,electricity supply usage,energy,Facilities & Energy,Energy,0.9100,10.0000,MWh,mwh,99.8700,GBP,126.8349,1268.3490,United States,,False
MANUAL,MANUAL-00223,2025-01-12,Acme Supply Co,Acme Industrial Supplies,1.0000,hvac preventive maintenance visit,hvac preventive maintenance visit,hvac preventive maintenance visit,,Facilities & Energy,Facilities Services,0.9600,1.0000,visit,visit,332.4500,EUR,359.0460,359.0460,UK,source_category_missing,True
MANUAL,MANUAL-00224,2025-06-11,MERIDIAN,Meridian Energy Services,1.0000,Business laptop 14 inch - dept order,Business laptop 14 inch,business laptop 14 inch,IT Hardware > Laptops,IT Hardware,Laptops,0.9900,5.0000,ea,each,1021.3700,GBP,1297.1399,6485.6995,United States,price_variance_review,True
MANUAL,MANUAL-00225,2025-12-30,North Star Office,Northstar Office Products,1.0000,A4 copy paper case 5 reams - dept order,A4 copy paper case 5 reams,a4 copy paper case 5 reams,office supplies,Office & MRO,Office Supplies,0.9100,1.0000,case,case,28.8900,USD,28.8900,28.8900,Ireland,,False
MANUAL,MANUAL-00226,2025-07-10,Meridian Utilities,Meridian Energy Services,1.0000,Data analytics consultant,Data analytics consultant,data analytics consultant,Professional Services - Consulting,Professional Services,Consulting,0.9900,1.0000,day,day,1101.1200,USD,1101.1200,1101.1200,France,,False
MANUAL,MANUAL-00227,2025-01-23,Harbour Scientific,Harbor Scientific Supply,1.0000,protective safety glasses,protective safety glasses,protective safety glasses,,Safety & Lab,Personal Protective Equipment,0.9600,1.0000,ea,each,10.5000,USD,10.5000,10.5000,UK,source_category_missing,True
MANUAL,MANUAL-00228,2025-05-25,Siem. AG,Siemens AG,1.0000,Black toner cartridge (urgent),Black toner cartridge,black toner cartridge,office supplies,Office & MRO,Office Supplies,0.9100,3.0000,ea,each,62.9800,EUR,68.0184,204.0552,France,,False
MANUAL,MANUAL-00229,2025-11-07,VertexLtd.,Vertex Technology Ltd,0.9470,Data analytics consultant,Data analytics consultant,data analytics consultant,consulting,Professional Services,Consulting,0.9100,10.0000,day,day,1195.6700,USD,1195.6700,11956.7000,Netherlands,,False
MANUAL,MANUAL-00230,2025-08-11,ApexPackagingEurope,Apex Packaging Europe,0.9500,Data analytics consultant - dept order,Data analytics consultant,data analytics consultant,Professional Services - Consulting,Professional Services,Consulting,0.9900,1.0000,day,day,1157.4900,USD,1157.4900,1157.4900,UK,,False
MANUAL,MANUAL-00231,2025-02-03,Global Freight,Global Freight Partners,1.0000,usb-c adapter multiport,usb-c adapter multiport,usb c adapter multiport,,IT Hardware,Peripherals,0.9600,10.0000,ea,each,34.5600,EUR,37.3248,373.2480,UK,source_category_missing,True
MANUAL,MANUAL-00232,2025-10-16,VERTEXTECHNOLOGY,Vertex Technology Ltd,0.9700,Project collaboration annual license,Project collaboration annual license,project collaboration annual license,software licenses,Software & Cloud,Software Licenses,0.9100,5.0000,licence,license,116.4200,EUR,125.7336,628.6680,Netherlands,,False
MANUAL,MANUAL-00233,2025-06-02,Cedar Consulting Group,Cedar Consulting Group,1.0000,Cloud storage monthly subscription - dept order,Cloud storage monthly subscription,cloud storage monthly subscription,Software & Cloud > Cloud Services,Software & Cloud,Cloud Services,0.9900,1.0000,mo,month,253.2700,EUR,273.5316,273.5316,Ireland,,False
MANUAL,MANUAL-00234,2025-04-24,VertexTech,Vertex Technology Ltd,0.9520,Project collaboration annual license,Project collaboration annual license,project collaboration annual license,software licenses,Software & Cloud,Software Licenses,0.9100,10.0000,licence,license,124.5600,USD,124.5600,1245.6000,France,,False
MANUAL,MANUAL-00235,2025-05-12,ACME Ind.,Acme Industrial Supplies,1.0000,Industrial air filter medium,Industrial air filter medium,industrial air filter medium,maintenance supplies,Office & MRO,Maintenance Supplies,0.9100,2.0000,ea,each,29.4800,GBP,37.4396,74.8792,Germany,,False
MANUAL,MANUAL-00236,2025-01-17,Northstar Co.,Northstar Office Products,1.0000,PDF editor annual license,PDF editor annual license,pdf editor annual license,Software & Cloud - Software Licenses,Software & Cloud,Software Licenses,0.9900,1.0000,licence,license,82.9600,USD,82.9600,82.9600,Netherlands,,False
MANUAL,MANUAL-00237,2025-12-31,Summit Fleet,Summit Vehicle Leasing,1.0000,Black toner cartridge,Black toner cartridge,black toner cartridge,Office & MRO > Office Supplies,Office & MRO,Office Supplies,0.9900,3.0000,ea,each,63.8200,USD,63.8200,191.4600,Ireland,,False
MANUAL,MANUAL-00238,2025-03-08,Vertex Technology Ltd,Vertex Technology Ltd,1.0000,Whiteboard marker pack 12 (urgent),Whiteboard marker pack 12,whiteboard marker pack 12,Office & MRO - Office Supplies,Office & MRO,Office Supplies,0.9900,5.0000,pack,pack,10.1100,GBP,12.8397,64.1985,Ireland,,False
MANUAL,MANUAL-00239,2025-03-14,Vertex Technology Ltd,Vertex Technology Ltd,1.0000,PDF editor annual license (urgent),PDF editor annual license,pdf editor annual license,Software & Cloud > Software Licenses,Software & Cloud,Software Licenses,0.9900,1.0000,licence,license,83.2000,USD,83.2000,83.2000,Ireland,,False
MANUAL,MANUAL-00240,2025-04-19,Pinnacle Equip.,Pinnacle Safety Equipment,1.0000,protective safety glasses,protective safety glasses,protective safety glasses,personal protective equipment,Safety & Lab,Personal Protective Equipment,0.9100,10.0000,ea,each,8.8200,GBP,11.2014,112.0140,Germany,,False
MANUAL,MANUAL-00241,2025-06-02,Harbor Scientific Supply,Harbor Scientific Supply,1.0000,pdf editor annual license,pdf editor annual license,pdf editor annual license,Software & Cloud > Software Licenses,Software & Cloud,Software Licenses,0.9900,10.0000,licence,license,81.8100,EUR,88.3548,883.5480,United States,,False
MANUAL,MANUAL-00242,2025-01-12,ApexPackagingEurope,Apex Packaging Europe,0.9500,corrugated shipping box medium,corrugated shipping box medium,corrugated shipping box medium,packaging,Logistics,Packaging,0.9100,10.0000,BOXES,box,1.0600,GBP,1.3462,13.4620,Netherlands,,False
MANUAL,MANUAL-00243,2025-08-23,siemens,Siemens AG,1.0000,Domestic parcel delivery,Domestic parcel delivery,domestic parcel delivery,Logistics > Freight Services,Logistics,Freight Services,0.9900,1.0000,shipment,shipment,19.1700,GBP,24.3459,24.3459,Ireland,,False
MANUAL,MANUAL-00244,2025-10-05,Cedar Consulting,Cedar Consulting Group,1.0000,Data analytics consultant (urgent),Data analytics consultant,data analytics consultant,Professional Services - Consulting,Professional Services,Consulting,0.9900,1.0000,day,day,1229.5700,USD,1229.5700,1229.5700,Netherlands,,False
MANUAL,MANUAL-00245,2025-01-13,SiemensAG,Siemens AG,0.9470,Cloud compute usage - dept order,Cloud compute usage,cloud compute usage,cloud services,Software & Cloud,Cloud Services,0.9100,1.0000,hour,hour,3.9300,EUR,4.2444,4.2444,UK,,False
MANUAL,MANUAL-00246,2025-04-06,ACME Ind.,Acme Industrial Supplies,1.0000,Wireless keyboard and mouse set - dept order,Wireless keyboard and mouse set,wireless keyboard and mouse set,,IT Hardware,Peripherals,0.9600,1.0000,ea,each,45.5500,USD,45.5500,45.5500,Germany,source_category_missing,True
MANUAL,MANUAL-00247,2025-12-11,North Star Office,Northstar Office Products,1.0000,Cloud compute usage (urgent),Cloud compute usage,cloud compute usage,Software & Cloud - Cloud Services,Software & Cloud,Cloud Services,0.9900,10.0000,hour,hour,3.6400,GBP,4.6228,46.2280,UK,,False
MANUAL,MANUAL-00248,2025-12-30,Vertex Technology Ltd,Vertex Technology Ltd,1.0000,stretch wrap roll clear,stretch wrap roll clear,stretch wrap roll clear,,Logistics,Packaging,0.9600,1.0000,roll,roll,16.6200,EUR,17.9496,17.9496,France,source_category_missing,True
MANUAL,MANUAL-00249,2025-04-06,Apex Pkg Europe,Apex Packaging Europe,1.0000,Industrial air filter medium,Industrial air filter medium,industrial air filter medium,Office & MRO > Maintenance Supplies,Office & MRO,Maintenance Supplies,0.9900,10.0000,ea,each,34.2200,EUR,36.9576,369.5760,Germany,,False
MANUAL,MANUAL-00250,2025-02-21,Apex Pkg Europe,Apex Packaging Europe,1.0000,Project collaboration annual license,Project collaboration annual license,project collaboration annual license,Software & Cloud > Software Licenses,Software & Cloud,Software Licenses,0.9900,5.0000,licence,license,121.4300,USD,121.4300,607.1500,Netherlands,,False
MANUAL,MANUAL-00251,2025-12-27,Orchard Services,Orchard Maintenance Co,1.0000,Cloud compute usage,Cloud compute usage,cloud compute usage,,Software & Cloud,Cloud Services,0.9600,1.0000,hour,hour,4.1400,USD,4.1400,4.1400,United States,source_category_missing,True
MANUAL,MANUAL-00252,2025-03-13,Acme Supply Co,Acme Industrial Supplies,1.0000,USB-C adapter multiport,USB-C adapter multiport,usb c adapter multiport,IT Hardware > Peripherals,IT Hardware,Peripherals,0.9900,5.0000,ea,each,33.8000,EUR,36.5040,182.5200,United States,,False
MANUAL,MANUAL-00253,2025-02-25,Bluebird Facilities Group,Bluebird Facilities Group,1.0000,black toner cartridge,black toner cartridge,black toner cartridge,,Office & MRO,Office Supplies,0.9600,1.0000,ea,each,65.8300,USD,65.8300,65.8300,Netherlands,source_category_missing,True
MANUAL,MANUAL-00254,2025-10-04,Siem.AG,Siemens AG,1.0000,industrial air filter medium,industrial air filter medium,industrial air filter medium,maintenance supplies,Office & MRO,Maintenance Supplies,0.9100,2.0000,ea,each,37.4900,EUR,40.4892,80.9784,United States,,False
MANUAL,MANUAL-00255,2025-08-24,Cedar Consulting Group,Cedar Consulting Group,1.0000,Compact vehicle lease monthly - dept order,Compact vehicle lease monthly,compact vehicle lease monthly,,Fleet,Vehicle Leasing,0.9600,3.0000,mo,month,427.8400,USD,427.8400,1283.5200,Netherlands,source_category_missing,True
MANUAL,MANUAL-00256,2025-08-20,ORCHARD,Orchard Maintenance Co,1.0000,Compact vehicle lease monthly - dept order,Compact vehicle lease monthly,compact vehicle lease monthly,,Fleet,Vehicle Leasing,0.9600,1.0000,mo,month,317.3600,GBP,403.0472,403.0472,Ireland,source_category_missing,True
MANUAL,MANUAL-00257,2025-10-26,CEDAR CG,Cedar Consulting Group,1.0000,Business laptop 14 inch (urgent),Business laptop 14 inch,business laptop 14 inch,laptops,IT Hardware,Laptops,0.9100,2.0000,ea,each,1186.8500,EUR,1281.7980,2563.5960,United States,price_variance_review,True
MANUAL,MANUAL-00258,2025-09-05,Redwood Telecom,Redwood Telecom Services,1.0000,Laboratory nitrile gloves box - dept order,Laboratory nitrile gloves box,laboratory nitrile gloves box,laboratory supplies,Safety & Lab,Laboratory Supplies,0.9100,3.0000,BOXES,box,19.7600,USD,19.7600,59.2800,UK,,False
MANUAL,MANUAL-00259,2025-03-12,Harbour Scientific,Harbor Scientific Supply,1.0000,Wireless keyboard and mouse set,Wireless keyboard and mouse set,wireless keyboard and mouse set,,IT Hardware,Peripherals,0.9600,2.0000,ea,each,45.7100,USD,45.7100,91.4200,Ireland,source_category_missing,True
MANUAL,MANUAL-00260,2025-02-16,Apex Packaging,Apex Packaging Europe,1.0000,process improvement consultant,process improvement consultant,process improvement consultant,Professional Services - Consulting,Professional Services,Consulting,0.9900,3.0000,day,day,1074.6100,USD,1074.6100,3223.8300,France,,False
MANUAL,MANUAL-00261,2025-09-18,BLUEBIRD,Bluebird Facilities Group,1.0000,Industrial air filter medium,Industrial air filter medium,industrial air filter medium,maintenance supplies,Office & MRO,Maintenance Supplies,0.9100,1.0000,ea,each,33.8100,EUR,36.5148,36.5148,Ireland,,False
MANUAL,MANUAL-00262,2025-10-24,Pinnacle PPE,Pinnacle Safety Equipment,1.0000,Mobile voice and data plan (urgent),Mobile voice and data plan,mobile voice and data plan,Telecom - Telecom Services,Telecom,Telecom Services,0.9900,1.0000,mo,month,32.8300,GBP,41.6941,41.6941,Germany,,False
MANUAL,MANUAL-00263,2025-12-17,Vertex Tech,Vertex Technology Ltd,1.0000,usb-c adapter multiport,usb-c adapter multiport,usb c adapter multiport,IT Hardware > Peripherals,IT Hardware,Peripherals,0.9900,3.0000,ea,each,35.3800,USD,35.3800,106.1400,Germany,,False
MANUAL,MANUAL-00264,2025-07-03,VertexTech,Vertex Technology Ltd,0.9520,USB-C headset,USB-C headset,usb c headset,IT Hardware > Peripherals,IT Hardware,Peripherals,0.9900,3.0000,ea,each,69.8000,EUR,75.3840,226.1520,Ireland,,False
MANUAL,MANUAL-00265,2025-02-17,RedwoodTelecom,Redwood Telecom Services,0.9660,laboratory nitrile gloves box,laboratory nitrile gloves box,laboratory nitrile gloves box,,Safety & Lab,Laboratory Supplies,0.9600,1.0000,BOXES,box,15.8500,GBP,20.1295,20.1295,Netherlands,source_category_missing,True
MANUAL,MANUAL-00266,2025-12-29,APEX Pack.,Apex Packaging Europe,1.0000,Cloud storage monthly subscription (urgent),Cloud storage monthly subscription,cloud storage monthly subscription,,Software & Cloud,Cloud Services,0.9600,3.0000,mo,month,245.7000,EUR,265.3560,796.0680,France,source_category_missing,True
MANUAL,MANUAL-00267,2025-02-19,Siem. AG,Siemens AG,1.0000,stretch wrap roll clear,stretch wrap roll clear,stretch wrap roll clear,Logistics > Packaging,Logistics,Packaging,0.9900,2.0000,roll,roll,16.7300,USD,16.7300,33.4600,France,,False
MANUAL,MANUAL-00268,2025-12-01,Vertex Tech,Vertex Technology Ltd,1.0000,Office cleaning monthly service - dept order,Office cleaning monthly service,office cleaning monthly service,Facilities & Energy - Facilities Services,Facilities & Energy,Facilities Services,0.9600,1.0000,mo,month,1068.2500,EUR,1153.7100,1153.7100,United States,,False
MANUAL,MANUAL-00269,2025-06-11,Summit Leasing,Summit Vehicle Leasing,1.0000,Cloud storage monthly subscription - dept order,Cloud storage monthly subscription,cloud storage monthly subscription,cloud services,Software & Cloud,Cloud Services,0.9100,5.0000,mo,month,297.7900,USD,297.7900,1488.9500,Netherlands,,False
MANUAL,MANUAL-00270,2025-05-03,Siemens AG,Siemens AG,1.0000,PDF editor annual license - dept order,PDF editor annual license,pdf editor annual license,Software & Cloud - Software Licenses,Software & Cloud,Software Licenses,0.9900,5.0000,licence,license,72.3600,GBP,91.8972,459.4860,Ireland,,False
MANUAL,MANUAL-00271,2025-05-28,Bluebird Facilities Group,Bluebird Facilities Group,1.0000,Black toner cartridge - dept order,Black toner cartridge,black toner cartridge,Office & MRO > Office Supplies,Office & MRO,Office Supplies,0.9900,1.0000,ea,each,61.9200,EUR,66.8736,66.8736,Ireland,,False
MANUAL,MANUAL-00272,2025-08-24,Siem. AG,Siemens AG,1.0000,Business laptop 14 inch (urgent),Business laptop 14 inch,business laptop 14 inch,IT Hardware - Laptops,IT Hardware,Laptops,0.9900,1.0000,ea,each,1374.4300,USD,1374.4300,1374.4300,Germany,price_variance_review,True
MANUAL,MANUAL-00273,2025-02-11,Pinnacle PPE,Pinnacle Safety Equipment,1.0000,Stretch wrap roll clear - dept order,Stretch wrap roll clear,stretch wrap roll clear,packaging,Logistics,Packaging,0.9100,1.0000,roll,roll,13.0500,GBP,16.5735,16.5735,Germany,,False
MANUAL,MANUAL-00274,2025-03-08,HSS,Harbor Scientific Supply,1.0000,business laptop 14 inch,business laptop 14 inch,business laptop 14 inch,IT Hardware > Laptops,IT Hardware,Laptops,0.9900,1.0000,ea,each,1022.9200,GBP,1299.1084,1299.1084,France,price_variance_review,True
MANUAL,MANUAL-00275,2025-05-25,REDWOOD,Redwood Telecom Services,1.0000,Office cleaning monthly service - dept order,Office cleaning monthly service,office cleaning monthly service,Facilities & Energy - Facilities Services,Facilities & Energy,Facilities Services,0.9600,1.0000,mo,month,1003.7700,EUR,1084.0716,1084.0716,France,,False
MANUAL,MANUAL-00276,2025-03-29,Cedar Consult.,Cedar Consulting Group,1.0000,laboratory nitrile gloves box,laboratory nitrile gloves box,laboratory nitrile gloves box,Safety & Lab - Laboratory Supplies,Safety & Lab,Laboratory Supplies,0.9900,2.0000,BOXES,box,14.2900,GBP,18.1483,36.2966,Germany,,False
MANUAL,MANUAL-00277,2025-09-04,VERTEX TECHNOLOGY,Vertex Technology Ltd,1.0000,Domestic parcel delivery - dept order,Domestic parcel delivery,domestic parcel delivery,,Logistics,Freight Services,0.9600,10.0000,shipment,shipment,23.6700,EUR,25.5636,255.6360,France,source_category_missing,True
MANUAL,MANUAL-00278,2025-06-10,Summit Vehicle Leasing,Summit Vehicle Leasing,1.0000,Protective safety glasses,Protective safety glasses,protective safety glasses,Safety & Lab > Personal Protective Equipment,Safety & Lab,Personal Protective Equipment,0.9900,5.0000,ea,each,8.2500,GBP,10.4775,52.3875,France,,False
MANUAL,MANUAL-00279,2025-04-12,ACME Ind.,Acme Industrial Supplies,1.0000,usb-c headset,usb-c headset,usb c headset,IT Hardware > Peripherals,IT Hardware,Peripherals,0.9900,10.0000,ea,each,56.2700,GBP,71.4629,714.6290,France,,False
MANUAL,MANUAL-00280,2025-12-21,Apex Packaging,Apex Packaging Europe,1.0000,Process improvement consultant,Process improvement consultant,process improvement consultant,Professional Services > Consulting,Professional Services,Consulting,0.9900,1.0000,day,day,858.9100,GBP,1090.8157,1090.8157,Ireland,,False
MANUAL,MANUAL-00281,2025-05-31,Meridian Energy Services,Meridian Energy Services,1.0000,stretch wrap roll clear,stretch wrap roll clear,stretch wrap roll clear,,Logistics,Packaging,0.9600,5.0000,roll,roll,12.8600,GBP,16.3322,81.6610,UK,source_category_missing,True
MANUAL,MANUAL-00282,2025-01-03,Global Freight Partners,Global Freight Partners,1.0000,a4 copy paper case 5 reams,a4 copy paper case 5 reams,a4 copy paper case 5 reams,,Office & MRO,Office Supplies,0.9600,1.0000,case,case,26.0100,EUR,28.0908,28.0908,UK,source_category_missing,True
MANUAL,MANUAL-00283,2025-10-19,Cedar Consulting Group,Cedar Consulting Group,1.0000,Data analytics consultant,Data analytics consultant,data analytics consultant,consulting,Professional Services,Consulting,0.9100,2.0000,day,day,1225.0500,USD,1225.0500,2450.1000,France,,False
MANUAL,MANUAL-00284,2025-02-27,Acme Industrial Supplies,Acme Industrial Supplies,1.0000,A4 copy paper case 5 reams - dept order,A4 copy paper case 5 reams,a4 copy paper case 5 reams,,Office & MRO,Office Supplies,0.9600,1.0000,case,case,26.2300,EUR,28.3284,28.3284,Ireland,source_category_missing,True
MANUAL,MANUAL-00285,2025-12-03,BLUEBIRD,Bluebird Facilities Group,1.0000,USB-C headset - dept order,USB-C headset,usb c headset,peripherals,IT Hardware,Peripherals,0.9100,1.0000,ea,each,67.0700,EUR,72.4356,72.4356,Ireland,,False
MANUAL,MANUAL-00286,2025-12-19,APEX Pack.,Apex Packaging Europe,1.0000,Industrial air filter medium,Industrial air filter medium,industrial air filter medium,maintenance supplies,Office & MRO,Maintenance Supplies,0.9100,2.0000,ea,each,37.8100,USD,37.8100,75.6200,Netherlands,,False
MANUAL,MANUAL-00287,2025-04-11,Redwood Telco,Redwood Telecom Services,1.0000,Business laptop 14 inch,Business laptop 14 inch,business laptop 14 inch,IT Hardware > Laptops,IT Hardware,Laptops,0.9900,1.0000,ea,each,1184.5300,EUR,1279.2924,1279.2924,UK,price_variance_review,True
MANUAL,MANUAL-00288,2025-11-08,Orchard Maintenance Co,Orchard Maintenance Co,1.0000,Domestic parcel delivery,Domestic parcel delivery,domestic parcel delivery,freight services,Logistics,Freight Services,0.9100,5.0000,shipment,shipment,23.2300,EUR,25.0884,125.4420,Ireland,,False
MANUAL,MANUAL-00289,2025-08-05,APEXPack.,Apex Packaging Europe,0.9410,Corrugated shipping box medium,Corrugated shipping box medium,corrugated shipping box medium,Logistics > Packaging,Logistics,Packaging,0.9900,10.0000,BOXES,box,0.9600,GBP,1.2192,12.1920,Germany,,False
MANUAL,MANUAL-00290,2025-12-03,Northstar Co.,Northstar Office Products,1.0000,laptop dock usb-c,laptop dock usb-c,laptop dock usb c,laptops,IT Hardware,Laptops,0.9100,1.0000,ea,each,149.8200,EUR,161.8056,161.8056,UK,,False
MANUAL,MANUAL-00291,2025-06-30,Pinnacle Equip.,Pinnacle Safety Equipment,1.0000,HVAC preventive maintenance visit (urgent),HVAC preventive maintenance visit,hvac preventive maintenance visit,Facilities & Energy - Facilities Services,Facilities & Energy,Facilities Services,0.9600,5.0000,visit,visit,333.3000,EUR,359.9640,1799.8200,France,,False
MANUAL,MANUAL-00292,2025-09-01,Pinnacle Equip.,Pinnacle Safety Equipment,1.0000,corrugated shipping box medium,corrugated shipping box medium,corrugated shipping box medium,Logistics - Packaging,Logistics,Packaging,0.9900,5.0000,BOXES,box,1.2900,USD,1.2900,6.4500,Germany,,False
MANUAL,MANUAL-00293,2025-01-01,Apex Packaging,Apex Packaging Europe,1.0000,Project collaboration annual license,Project collaboration annual license,project collaboration annual license,,Software & Cloud,Software Licenses,0.9600,5.0000,licence,license,96.5300,GBP,122.5931,612.9655,United States,source_category_missing,True
MANUAL,MANUAL-00294,2025-05-26,APEX Pack.,Apex Packaging Europe,1.0000,Mobile voice and data plan (urgent),Mobile voice and data plan,mobile voice and data plan,Telecom - Telecom Services,Telecom,Telecom Services,0.9900,2.0000,mo,month,32.1000,GBP,40.7670,81.5340,Ireland,,False
MANUAL,MANUAL-00295,2025-12-16,Harbor Scientific Supply,Harbor Scientific Supply,1.0000,Business laptop 14 inch (urgent),Business laptop 14 inch,business laptop 14 inch,IT Hardware - Laptops,IT Hardware,Laptops,0.9900,5.0000,ea,each,982.4100,GBP,1247.6607,6238.3035,France,price_variance_review,True
MANUAL,MANUAL-00296,2025-03-04,RedwoodTelco,Redwood Telecom Services,0.9600,Corrugated shipping box medium - dept order,Corrugated shipping box medium,corrugated shipping box medium,,Logistics,Packaging,0.9600,10.0000,BOXES,box,1.2100,EUR,1.3068,13.0680,Ireland,source_category_missing,True
MANUAL,MANUAL-00297,2025-06-17,SummitFleet,Summit Vehicle Leasing,0.9570,Pallet freight delivery,Pallet freight delivery,pallet freight delivery,freight services,Logistics,Freight Services,0.9100,3.0000,shipment,shipment,177.4000,USD,177.4000,532.2000,Ireland,,False
MANUAL,MANUAL-00298,2025-02-10,PinnacleEquip.,Pinnacle Safety Equipment,0.9630,Whiteboard marker pack 12 - dept order,Whiteboard marker pack 12,whiteboard marker pack 12,,Office & MRO,Office Supplies,0.9600,1.0000,pack,pack,9.4600,GBP,12.0142,12.0142,United States,source_category_missing,True
MANUAL,MANUAL-00299,2025-03-02,Northstar Co.,Northstar Office Products,1.0000,electric van lease monthly,electric van lease monthly,electric van lease monthly,vehicle leasing,Fleet,Vehicle Leasing,0.9100,3.0000,mo,month,671.0700,EUR,724.7556,2174.2668,Germany,,False
MANUAL,MANUAL-00300,2025-05-20,NORTHSTAR,Northstar Office Products,1.0000,wireless keyboard and mouse set,wireless keyboard and mouse set,wireless keyboard and mouse set,IT Hardware > Peripherals,IT Hardware,Peripherals,0.9900,1.0000,ea,each,42.8100,USD,42.8100,42.8100,France,,False
MANUAL,MANUAL-00001,2025-08-25,NorthstarOfficeProducts,Northstar Office Products,0.9580,Black toner cartridge,Black toner cartridge,black toner cartridge,,Office & MRO,Office Supplies,0.9600,3.0000,ea,each,65.5200,EUR,70.7616,212.2848,Netherlands,source_category_missing;exact_duplicate,True
MANUAL,MANUAL-00002,2025-09-19,Redwood Telecom Services,Redwood Telecom Services,1.0000,Data analytics consultant (urgent),Data analytics consultant,data analytics consultant,consulting,Professional Services,Consulting,0.9100,3.0000,day,day,1078.1900,EUR,1164.4452,3493.3356,Netherlands,exact_duplicate,True
MANUAL,MANUAL-00003,2025-12-23,Pinnacle Equip.,Pinnacle Safety Equipment,1.0000,Stretch wrap roll clear - dept order,Stretch wrap roll clear,stretch wrap roll clear,,Logistics,Packaging,0.9600,1.0000,roll,roll,13.6000,GBP,17.2720,17.2720,United States,source_category_missing;exact_duplicate,True
MANUAL,MANUAL-00004,2025-05-05,Harbor Scientific Supply,Harbor Scientific Supply,1.0000,Data analytics consultant - dept order,Data analytics consultant,data analytics consultant,,Professional Services,Consulting,0.9600,3.0000,day,day,1031.1300,EUR,1113.6204,3340.8612,France,source_category_missing;exact_duplicate,True
MANUAL,MANUAL-00005,2025-04-14,CEDAR CG,Cedar Consulting Group,1.0000,HVAC preventive maintenance visit (urgent),HVAC preventive maintenance visit,hvac preventive maintenance visit,facilities services,Facilities & Energy,Facilities Services,0.9100,1.0000,visit,visit,281.2300,GBP,357.1621,357.1621,UK,exact_duplicate,True
MANUAL,MANUAL-00006,2025-11-19,Northstar Office Products,Northstar Office Products,1.0000,PDF editor annual license (urgent),PDF editor annual license,pdf editor annual license,Software & Cloud - Software Licenses,Software & Cloud,Software Licenses,0.9900,3.0000,licence,license,65.8300,GBP,83.6041,250.8123,UK,exact_duplicate,True
MANUAL,MANUAL-00007,2025-05-16,Harbour Scientific,Harbor Scientific Supply,1.0000,electric van lease monthly,electric van lease monthly,electric van lease monthly,vehicle leasing,Fleet,Vehicle Leasing,0.9100,1.0000,mo,month,703.2100,USD,703.2100,703.2100,UK,exact_duplicate,True
MANUAL,MANUAL-00008,2025-02-14,VERTEXTECHNOLOGY,Vertex Technology Ltd,0.9700,electricity supply usage,electricity supply usage,electricity supply usage,Facilities & Energy - Energy,Facilities & Energy,Energy,0.9900,1.0000,MWh,mwh,112.2500,EUR,121.2300,121.2300,UK,exact_duplicate,True
MANUAL,MANUAL-00009,2025-10-09,Cedar Consult.,Cedar Consulting Group,1.0000,business broadband connection,business broadband connection,business broadband connection,Telecom > Telecom Services,Telecom,Telecom Services,0.9900,1.0000,mo,month,62.3700,GBP,79.2099,79.2099,France,exact_duplicate,True
